#
# There is insufficient memory for the Java Runtime Environment to continue.
# Native memory allocation (mmap) failed to map 358612992 bytes. Error detail: G1 virtual space
# Possible reasons:
#   The system is out of physical RAM or swap space
#   This process is running with CompressedOops enabled, and the Java Heap may be blocking the growth of the native heap
# Possible solutions:
#   Reduce memory load on the system
#   Increase physical memory or swap space
#   Check if swap backing store is full
#   Decrease Java heap size (-Xmx/-Xms)
#   Decrease number of Java threads
#   Decrease Java thread stack sizes (-Xss)
#   Set larger code cache with -XX:ReservedCodeCacheSize=
#   JVM is running with Unscaled Compressed Oops mode in which the Java heap is
#     placed in the first 4GB address space. The Java Heap base address is the
#     maximum limit for the native heap growth. Please use -XX:HeapBaseMinAddress
#     to set the Java Heap base and to place the Java Heap above 4GB virtual address.
# This output file may be truncated or incomplete.
#
#  Out of Memory Error (os_windows.cpp:3925), pid=2788, tid=15940
#
# JRE version: OpenJDK Runtime Environment JBR-21.0.9+1-1163.91-nomod (21.0.9+1) (build 21.0.9+1-b1163.91)
# Java VM: OpenJDK 64-Bit Server VM JBR-21.0.9+1-1163.91-nomod (21.0.9+1-b1163.91, mixed mode, sharing, tiered, compressed oops, compressed class ptrs, g1 gc, windows-amd64)
# No core dump will be written. Minidumps are not enabled by default on client versions of Windows
#

---------------  S U M M A R Y ------------

Command Line: --add-opens=java.base/java.lang=ALL-UNNAMED --add-opens=java.base/java.lang.invoke=ALL-UNNAMED --add-opens=java.base/java.util=ALL-UNNAMED --add-opens=java.prefs/java.util.prefs=ALL-UNNAMED --add-exports=jdk.compiler/com.sun.tools.javac.api=ALL-UNNAMED --add-exports=jdk.compiler/com.sun.tools.javac.util=ALL-UNNAMED --add-opens=java.base/java.util=ALL-UNNAMED --add-opens=java.prefs/java.util.prefs=ALL-UNNAMED --add-opens=java.base/java.nio.charset=ALL-UNNAMED --add-opens=java.base/java.net=ALL-UNNAMED --add-opens=java.base/java.util.concurrent.atomic=ALL-UNNAMED --add-opens=java.xml/javax.xml.namespace=ALL-UNNAMED -Xmx2048m -Dfile.encoding=UTF-8 -Duser.country=US -Duser.language=en -Duser.variant -javaagent:C:\Users\prott\.gradle\wrapper\dists\gradle-8.13-bin\5xuhj0ry160q40clulazy9h7d\gradle-8.13\lib\agents\gradle-instrumentation-agent-8.13.jar org.gradle.launcher.daemon.bootstrap.GradleDaemon 8.13

Host: AMD Ryzen 7 4800H with Radeon Graphics         , 16 cores, 7G,  Windows 11 , 64 bit Build 26100 (10.0.26100.7309)
Time: Mon Jan 12 03:23:38 2026 Bangladesh Standard Time elapsed time: 166.588689 seconds (0d 0h 2m 46s)

---------------  T H R E A D  ---------------

Current thread (0x000001e04c5ca0b0):  VMThread "VM Thread"          [id=15940, stack(0x00000095ec900000,0x00000095eca00000) (1024K)]

Stack: [0x00000095ec900000,0x00000095eca00000]
Native frames: (J=compiled Java code, j=interpreted, Vv=VM code, C=native code)
V  [jvm.dll+0x6ec339]  os::win32::platform_print_native_stack+0xd9  (os_windows_x86.cpp:236)
V  [jvm.dll+0x8cc463]  VMError::report+0xd83  (vmError.cpp:1017)
V  [jvm.dll+0x8cea7e]  VMError::report_and_die+0x5fe  (vmError.cpp:1885)
V  [jvm.dll+0x8cf163]  VMError::report_and_die+0x43  (vmError.cpp:1655)
V  [jvm.dll+0x28b006]  report_vm_out_of_memory+0x56  (debug.cpp:225)
V  [jvm.dll+0x6e8b15]  os::pd_commit_memory_or_exit+0x75  (os_windows.cpp:3933)
V  [jvm.dll+0x6dc1aa]  os::commit_memory_or_exit+0x2a  (os.cpp:1957)
V  [jvm.dll+0x366a7b]  G1PageBasedVirtualSpace::commit+0xdb  (g1PageBasedVirtualSpace.cpp:196)
V  [jvm.dll+0x36e666]  G1RegionsLargerThanCommitSizeMapper::commit_regions+0x76  (g1RegionToSpaceMapper.cpp:100)
V  [jvm.dll+0x3c0bd6]  HeapRegionManager::expand_any+0xa6  (heapRegionManager.cpp:344)
V  [jvm.dll+0x3c0ea8]  HeapRegionManager::expand_by+0xd8  (heapRegionManager.cpp:361)
V  [jvm.dll+0x33922c]  G1CollectedHeap::expand+0xbc  (g1CollectedHeap.cpp:1107)
V  [jvm.dll+0x3392b7]  G1CollectedHeap::expand_heap_after_young_collection+0x37  (g1CollectedHeap.cpp:2514)
V  [jvm.dll+0x37f15c]  G1YoungCollector::post_evacuate_collection_set+0x3fc  (g1YoungCollector.cpp:1008)
V  [jvm.dll+0x37d90e]  G1YoungCollector::collect+0x43e  (g1YoungCollector.cpp:1078)
V  [jvm.dll+0x338981]  G1CollectedHeap::do_collection_pause_at_safepoint+0x111  (g1CollectedHeap.cpp:2526)
V  [jvm.dll+0x37d010]  VM_G1CollectForAllocation::doit+0x60  (g1VMOperations.cpp:147)
V  [jvm.dll+0x8d4ee8]  VM_Operation::evaluate+0x108  (vmOperations.cpp:77)
V  [jvm.dll+0x8d6264]  VMThread::inner_execute+0x294  (vmThread.cpp:435)
V  [jvm.dll+0x8d67a0]  VMThread::loop+0x270  (vmThread.cpp:502)
V  [jvm.dll+0x8d6a33]  VMThread::run+0x63  (vmThread.cpp:180)
V  [jvm.dll+0x874178]  Thread::call_run+0xc8  (thread.cpp:231)
V  [jvm.dll+0x6eaabd]  os::win32::thread_native_entry+0x7d  (os_windows.cpp:557)
C  [ucrtbase.dll+0x37b0]
C  [KERNEL32.DLL+0x2e8d7]
C  [ntdll.dll+0x8c53c]

VM_Operation (0x00000095f24f8f10): G1CollectForAllocation, mode: safepoint, requested by thread 0x000001e0967d3f80


---------------  P R O C E S S  ---------------

Threads class SMR info:
_java_thread_list=0x000001e09a5b1b10, length=215, elements={
0x000001e03169e010, 0x000001e04c5e6a40, 0x000001e04c5eded0, 0x000001e04c5f0940,
0x000001e04c5f1d30, 0x000001e04c5f2c90, 0x000001e04c5f39d0, 0x000001e04c5f45e0,
0x000001e04c860090, 0x000001e04c860aa0, 0x000001e04cb8ba70, 0x000001e04cb8d4b0,
0x000001e04cb8a030, 0x000001e04cb8a6c0, 0x000001e04cb8c790, 0x000001e04cb8ad50,
0x000001e04cb8b3e0, 0x000001e0951746f0, 0x000001e095171f90, 0x000001e095174060,
0x000001e095174d80, 0x000001e095171900, 0x000001e095172620, 0x000001e095172cb0,
0x000001e095175aa0, 0x000001e095176130, 0x000001e0951767c0, 0x000001e095173340,
0x000001e095178890, 0x000001e095178200, 0x000001e095178f20, 0x000001e04cb8ce20,
0x000001e09b503fe0, 0x000001e09b5011f0, 0x000001e09b504670, 0x000001e09b504d00,
0x000001e09b501880, 0x000001e09b501f10, 0x000001e09b505390, 0x000001e09b505a20,
0x000001e09b5060b0, 0x000001e09b506dd0, 0x000001e09b506740, 0x000001e09b507460,
0x000001e095354ce0, 0x000001e095353930, 0x000001e095355370, 0x000001e095354650,
0x000001e095351ef0, 0x000001e0953532a0, 0x000001e095355a00, 0x000001e095352580,
0x000001e095356090, 0x000001e095353fc0, 0x000001e095352c10, 0x000001e095358160,
0x000001e0953587f0, 0x000001e095357ad0, 0x000001e095356720, 0x000001e095359510,
0x000001e095356db0, 0x000001e095358e80, 0x000001e095357440, 0x000001e096060450,
0x000001e09605f730, 0x000001e096062bb0, 0x000001e09605fdc0, 0x000001e096061800,
0x000001e096060ae0, 0x000001e096061e90, 0x000001e096061170, 0x000001e096062520,
0x000001e0967d6050, 0x000001e0967d4ca0, 0x000001e0967d3f80, 0x000001e0967d5330,
0x000001e0967d66e0, 0x000001e0967d7400, 0x000001e09675eea0, 0x000001e0967657a0,
0x000001e096765e30, 0x000001e0967d4610, 0x000001e09329b3b0, 0x000001e09329d480,
0x000001e09329a690, 0x000001e09329ba40, 0x000001e09329ad20, 0x000001e09329c0d0,
0x000001e09329cdf0, 0x000001e09329c760, 0x000001e09329db10, 0x000001e0932b3720,
0x000001e0932b3090, 0x000001e0932b3db0, 0x000001e0932b0930, 0x000001e0932b1650,
0x000001e0932b2a00, 0x000001e0932b4440, 0x000001e0932b0fc0, 0x000001e0932b5160,
0x000001e0932b4ad0, 0x000001e0932b1ce0, 0x000001e0932b57f0, 0x000001e0932b2370,
0x000001e0932b5e80, 0x000001e0932b6ba0, 0x000001e0932b78c0, 0x000001e0932b6510,
0x000001e0932b7230, 0x000001e0932b7f50, 0x000001e095cb9f00, 0x000001e095cbac20,
0x000001e095cbbfd0, 0x000001e095cbc660, 0x000001e095cbb940, 0x000001e095cbd380,
0x000001e095cbb2b0, 0x000001e095cbccf0, 0x000001e095cba590, 0x000001e096761c90,
0x000001e0967629b0, 0x000001e096763d60, 0x000001e096763040, 0x000001e0967608e0,
0x000001e0967664c0, 0x000001e096765110, 0x000001e0967643f0, 0x000001e095cb14b0,
0x000001e095cb2ef0, 0x000001e095cb3580, 0x000001e095cb21d0, 0x000001e095cb2860,
0x000001e095cb3c10, 0x000001e095cb42a0, 0x000001e095cb1b40, 0x000001e095cb4fc0,
0x000001e095cb7720, 0x000001e095cb7db0, 0x000001e095cb5650, 0x000001e095cb7090,
0x000001e095cb4930, 0x000001e095cb5ce0, 0x000001e0979749a0, 0x000001e0979784b0,
0x000001e097978b40, 0x000001e0979791d0, 0x000001e097977100, 0x000001e097977790,
0x000001e097979860, 0x000001e0979763e0, 0x000001e097979ef0, 0x000001e09797a580,
0x000001e09797ac10, 0x000001e09797b2a0, 0x000001e097977e20, 0x000001e09797d370,
0x000001e09797b930, 0x000001e09797cce0, 0x000001e09797da00, 0x000001e09797e090,
0x000001e09797e720, 0x000001e09797bfc0, 0x000001e09797c650, 0x000001e09b438970,
0x000001e09b439000, 0x000001e09b439690, 0x000001e09b437c50, 0x000001e09b4368a0,
0x000001e09b439d20, 0x000001e09b4375c0, 0x000001e09b43a3b0, 0x000001e09b436f30,
0x000001e09b43b0d0, 0x000001e09b43cb10, 0x000001e09b43d1a0, 0x000001e09b43ebe0,
0x000001e09b43bdf0, 0x000001e09b43d830, 0x000001e09b43f270, 0x000001e09b43dec0,
0x000001e09b43f900, 0x000001e09b43c480, 0x000001e09b4419d0, 0x000001e09b441340,
0x000001e09b43ff90, 0x000001e09b440620, 0x000001e09b440cb0, 0x000001e09b43e550,
0x000001e09b444e50, 0x000001e09b443aa0, 0x000001e09b4447c0, 0x000001e09b4454e0,
0x000001e09b442060, 0x000001e09b443410, 0x000001e09b445b70, 0x000001e09b444130,
0x000001e09b4426f0, 0x000001e09b442d80, 0x000001e09796fae0, 0x000001e0979735f0,
0x000001e097971bb0, 0x000001e097970e90, 0x000001e097970170, 0x000001e097971520,
0x000001e09796f450, 0x000001e097975d50, 0x000001e0979728d0, 0x000001e097972f60,
0x000001e097973c80, 0x000001e097970800, 0x000001e0979756c0, 0x000001e097976a70,
0x000001e097974310, 0x000001e09925afd0, 0x000001e09a4e03e0
}

Java Threads: ( => current thread )
  0x000001e03169e010 JavaThread "main"                              [_thread_blocked, id=10564, stack(0x00000095ec200000,0x00000095ec300000) (1024K)]
  0x000001e04c5e6a40 JavaThread "Common-Cleaner"             daemon [_thread_blocked, id=15256, stack(0x00000095eca00000,0x00000095ecb00000) (1024K)]
  0x000001e04c5eded0 JavaThread "Reference Handler"          daemon [_thread_blocked, id=14616, stack(0x00000095ecb00000,0x00000095ecc00000) (1024K)]
  0x000001e04c5f0940 JavaThread "Finalizer"                  daemon [_thread_blocked, id=11568, stack(0x00000095ecc00000,0x00000095ecd00000) (1024K)]
  0x000001e04c5f1d30 JavaThread "Signal Dispatcher"          daemon [_thread_blocked, id=20252, stack(0x00000095ecd00000,0x00000095ece00000) (1024K)]
  0x000001e04c5f2c90 JavaThread "Attach Listener"            daemon [_thread_blocked, id=20396, stack(0x00000095ece00000,0x00000095ecf00000) (1024K)]
  0x000001e04c5f39d0 JavaThread "Service Thread"             daemon [_thread_blocked, id=9568, stack(0x00000095ecf00000,0x00000095ed000000) (1024K)]
  0x000001e04c5f45e0 JavaThread "Monitor Deflation Thread"   daemon [_thread_blocked, id=14576, stack(0x00000095ed000000,0x00000095ed100000) (1024K)]
  0x000001e04c860090 JavaThread "C2 CompilerThread0"         daemon [_thread_blocked, id=6404, stack(0x00000095ed100000,0x00000095ed200000) (1024K)]
  0x000001e04c860aa0 JavaThread "C1 CompilerThread0"         daemon [_thread_blocked, id=19092, stack(0x00000095ed200000,0x00000095ed300000) (1024K)]
  0x000001e04cb8ba70 JavaThread "Notification Thread"        daemon [_thread_blocked, id=11552, stack(0x00000095ed500000,0x00000095ed600000) (1024K)]
  0x000001e04cb8d4b0 JavaThread "Daemon health stats"               [_thread_blocked, id=12700, stack(0x00000095ed600000,0x00000095ed700000) (1024K)]
  0x000001e04cb8a030 JavaThread "Incoming local TCP Connector on port 64666"        [_thread_in_native, id=10816, stack(0x00000095ede00000,0x00000095edf00000) (1024K)]
  0x000001e04cb8a6c0 JavaThread "Daemon periodic checks"            [_thread_blocked, id=11212, stack(0x00000095edf00000,0x00000095ee000000) (1024K)]
  0x000001e04cb8c790 JavaThread "Daemon"                            [_thread_blocked, id=15276, stack(0x00000095ee000000,0x00000095ee100000) (1024K)]
  0x000001e04cb8ad50 JavaThread "Handler for socket connection from /127.0.0.1:64666 to /127.0.0.1:64667"        [_thread_in_native, id=20180, stack(0x00000095ee100000,0x00000095ee200000) (1024K)]
  0x000001e04cb8b3e0 JavaThread "Cancel handler"                    [_thread_blocked, id=21072, stack(0x00000095eda00000,0x00000095edb00000) (1024K)]
  0x000001e0951746f0 JavaThread "Daemon worker"                     [_thread_blocked, id=20976, stack(0x00000095eea00000,0x00000095eeb00000) (1024K)]
  0x000001e095171f90 JavaThread "Asynchronous log dispatcher for DefaultDaemonConnection: socket connection from /127.0.0.1:64666 to /127.0.0.1:64667"        [_thread_blocked, id=9220, stack(0x00000095eeb00000,0x00000095eec00000) (1024K)]
  0x000001e095174060 JavaThread "Stdin handler"                     [_thread_blocked, id=12616, stack(0x00000095eec00000,0x00000095eed00000) (1024K)]
  0x000001e095174d80 JavaThread "Daemon client event forwarder"        [_thread_blocked, id=6544, stack(0x00000095eed00000,0x00000095eee00000) (1024K)]
  0x000001e095171900 JavaThread "Cache worker for journal cache (C:\Users\prott\.gradle\caches\journal-1)"        [_thread_blocked, id=10912, stack(0x00000095eee00000,0x00000095eef00000) (1024K)]
  0x000001e095172620 JavaThread "File lock request listener"        [_thread_in_native, id=14500, stack(0x00000095eef00000,0x00000095ef000000) (1024K)]
  0x000001e095172cb0 JavaThread "Cache worker for file hash cache (C:\Users\prott\.gradle\caches\8.13\fileHashes)"        [_thread_blocked, id=15116, stack(0x00000095ef000000,0x00000095ef100000) (1024K)]
  0x000001e095175aa0 JavaThread "Cache worker for file hash cache (E:\1_KUET LIFE\project\Bhoumik_2207040_SPT-Data-Analysis-And-Reporting-Tool-main\MyApplication\.gradle\8.13\fileHashes)"        [_thread_blocked, id=3056, stack(0x00000095ef200000,0x00000095ef300000) (1024K)]
  0x000001e095176130 JavaThread "Cache worker for Build Output Cleanup Cache (E:\1_KUET LIFE\project\Bhoumik_2207040_SPT-Data-Analysis-And-Reporting-Tool-main\MyApplication\.gradle\buildOutputCleanup)"        [_thread_blocked, id=10740, stack(0x00000095ef300000,0x00000095ef400000) (1024K)]
  0x000001e0951767c0 JavaThread "File watcher server"        daemon [_thread_blocked, id=15644, stack(0x00000095ed400000,0x00000095ed500000) (1024K)]
  0x000001e095173340 JavaThread "File watcher consumer"      daemon [_thread_blocked, id=4476, stack(0x00000095ef100000,0x00000095ef200000) (1024K)]
  0x000001e095178890 JavaThread "Cache worker for checksums cache (E:\1_KUET LIFE\project\Bhoumik_2207040_SPT-Data-Analysis-And-Reporting-Tool-main\MyApplication\.gradle\8.13\checksums)"        [_thread_blocked, id=19084, stack(0x00000095ef700000,0x00000095ef800000) (1024K)]
  0x000001e095178200 JavaThread "Cache worker for file content cache (C:\Users\prott\.gradle\caches\8.13\fileContent)"        [_thread_blocked, id=17232, stack(0x00000095ef800000,0x00000095ef900000) (1024K)]
  0x000001e095178f20 JavaThread "Cache worker for cache directory md-supplier (C:\Users\prott\.gradle\caches\8.13\md-supplier)"        [_thread_blocked, id=17880, stack(0x00000095ef900000,0x00000095efa00000) (1024K)]
  0x000001e04cb8ce20 JavaThread "Cache worker for cache directory md-rule (C:\Users\prott\.gradle\caches\8.13\md-rule)"        [_thread_blocked, id=10612, stack(0x00000095efa00000,0x00000095efb00000) (1024K)]
  0x000001e09b503fe0 JavaThread "Unconstrained build operations"        [_thread_blocked, id=21268, stack(0x00000095edc00000,0x00000095edd00000) (1024K)]
  0x000001e09b5011f0 JavaThread "Unconstrained build operations Thread 2"        [_thread_blocked, id=20240, stack(0x00000095efb00000,0x00000095efc00000) (1024K)]
  0x000001e09b504670 JavaThread "Unconstrained build operations Thread 3"        [_thread_blocked, id=6256, stack(0x00000095efc00000,0x00000095efd00000) (1024K)]
  0x000001e09b504d00 JavaThread "Unconstrained build operations Thread 4"        [_thread_blocked, id=19156, stack(0x00000095efd00000,0x00000095efe00000) (1024K)]
  0x000001e09b501880 JavaThread "Unconstrained build operations Thread 5"        [_thread_blocked, id=12352, stack(0x00000095efe00000,0x00000095eff00000) (1024K)]
  0x000001e09b501f10 JavaThread "Unconstrained build operations Thread 6"        [_thread_blocked, id=21004, stack(0x00000095eff00000,0x00000095f0000000) (1024K)]
  0x000001e09b505390 JavaThread "Unconstrained build operations Thread 7"        [_thread_blocked, id=7884, stack(0x00000095f0000000,0x00000095f0100000) (1024K)]
  0x000001e09b505a20 JavaThread "Unconstrained build operations Thread 8"        [_thread_blocked, id=17784, stack(0x00000095f0100000,0x00000095f0200000) (1024K)]
  0x000001e09b5060b0 JavaThread "Unconstrained build operations Thread 9"        [_thread_blocked, id=21432, stack(0x00000095f0200000,0x00000095f0300000) (1024K)]
  0x000001e09b506dd0 JavaThread "Unconstrained build operations Thread 10"        [_thread_blocked, id=20380, stack(0x00000095f0300000,0x00000095f0400000) (1024K)]
  0x000001e09b506740 JavaThread "Unconstrained build operations Thread 11"        [_thread_blocked, id=11476, stack(0x00000095f0400000,0x00000095f0500000) (1024K)]
  0x000001e09b507460 JavaThread "Unconstrained build operations Thread 12"        [_thread_blocked, id=8804, stack(0x00000095f0500000,0x00000095f0600000) (1024K)]
  0x000001e095354ce0 JavaThread "Unconstrained build operations Thread 13"        [_thread_blocked, id=14724, stack(0x00000095f0600000,0x00000095f0700000) (1024K)]
  0x000001e095353930 JavaThread "Unconstrained build operations Thread 14"        [_thread_blocked, id=13320, stack(0x00000095f0700000,0x00000095f0800000) (1024K)]
  0x000001e095355370 JavaThread "Unconstrained build operations Thread 15"        [_thread_blocked, id=3104, stack(0x00000095f0800000,0x00000095f0900000) (1024K)]
  0x000001e095354650 JavaThread "Unconstrained build operations Thread 16"        [_thread_blocked, id=1056, stack(0x00000095f0900000,0x00000095f0a00000) (1024K)]
  0x000001e095351ef0 JavaThread "Unconstrained build operations Thread 17"        [_thread_blocked, id=9704, stack(0x00000095f0a00000,0x00000095f0b00000) (1024K)]
  0x000001e0953532a0 JavaThread "Unconstrained build operations Thread 18"        [_thread_blocked, id=21128, stack(0x00000095f0b00000,0x00000095f0c00000) (1024K)]
  0x000001e095355a00 JavaThread "Unconstrained build operations Thread 19"        [_thread_blocked, id=9068, stack(0x00000095f0c00000,0x00000095f0d00000) (1024K)]
  0x000001e095352580 JavaThread "Unconstrained build operations Thread 20"        [_thread_blocked, id=21192, stack(0x00000095f0d00000,0x00000095f0e00000) (1024K)]
  0x000001e095356090 JavaThread "Unconstrained build operations Thread 21"        [_thread_blocked, id=18584, stack(0x00000095f0e00000,0x00000095f0f00000) (1024K)]
  0x000001e095353fc0 JavaThread "Unconstrained build operations Thread 22"        [_thread_blocked, id=20692, stack(0x00000095f0f00000,0x00000095f1000000) (1024K)]
  0x000001e095352c10 JavaThread "Unconstrained build operations Thread 23"        [_thread_blocked, id=19756, stack(0x00000095f1000000,0x00000095f1100000) (1024K)]
  0x000001e095358160 JavaThread "Unconstrained build operations Thread 24"        [_thread_blocked, id=2404, stack(0x00000095f1100000,0x00000095f1200000) (1024K)]
  0x000001e0953587f0 JavaThread "Unconstrained build operations Thread 25"        [_thread_blocked, id=16368, stack(0x00000095f1200000,0x00000095f1300000) (1024K)]
  0x000001e095357ad0 JavaThread "Unconstrained build operations Thread 26"        [_thread_blocked, id=17816, stack(0x00000095f1300000,0x00000095f1400000) (1024K)]
  0x000001e095356720 JavaThread "Unconstrained build operations Thread 27"        [_thread_blocked, id=20860, stack(0x00000095f1400000,0x00000095f1500000) (1024K)]
  0x000001e095359510 JavaThread "Unconstrained build operations Thread 28"        [_thread_blocked, id=6864, stack(0x00000095f1500000,0x00000095f1600000) (1024K)]
  0x000001e095356db0 JavaThread "Unconstrained build operations Thread 29"        [_thread_blocked, id=15840, stack(0x00000095f1600000,0x00000095f1700000) (1024K)]
  0x000001e095358e80 JavaThread "Unconstrained build operations Thread 30"        [_thread_blocked, id=9864, stack(0x00000095f1700000,0x00000095f1800000) (1024K)]
  0x000001e095357440 JavaThread "Unconstrained build operations Thread 31"        [_thread_blocked, id=20096, stack(0x00000095f1800000,0x00000095f1900000) (1024K)]
  0x000001e096060450 JavaThread "Unconstrained build operations Thread 32"        [_thread_blocked, id=4812, stack(0x00000095f1900000,0x00000095f1a00000) (1024K)]
  0x000001e09605f730 JavaThread "Unconstrained build operations Thread 33"        [_thread_blocked, id=19940, stack(0x00000095f1a00000,0x00000095f1b00000) (1024K)]
  0x000001e096062bb0 JavaThread "Unconstrained build operations Thread 34"        [_thread_blocked, id=15184, stack(0x00000095f1b00000,0x00000095f1c00000) (1024K)]
  0x000001e09605fdc0 JavaThread "Unconstrained build operations Thread 35"        [_thread_blocked, id=4376, stack(0x00000095f1c00000,0x00000095f1d00000) (1024K)]
  0x000001e096061800 JavaThread "Unconstrained build operations Thread 36"        [_thread_blocked, id=15304, stack(0x00000095f1d00000,0x00000095f1e00000) (1024K)]
  0x000001e096060ae0 JavaThread "Unconstrained build operations Thread 37"        [_thread_blocked, id=19632, stack(0x00000095f1e00000,0x00000095f1f00000) (1024K)]
  0x000001e096061e90 JavaThread "Unconstrained build operations Thread 38"        [_thread_blocked, id=11912, stack(0x00000095f1f00000,0x00000095f2000000) (1024K)]
  0x000001e096061170 JavaThread "Unconstrained build operations Thread 39"        [_thread_blocked, id=18700, stack(0x00000095f2000000,0x00000095f2100000) (1024K)]
  0x000001e096062520 JavaThread "Unconstrained build operations Thread 40"        [_thread_blocked, id=15908, stack(0x00000095f2100000,0x00000095f2200000) (1024K)]
  0x000001e0967d6050 JavaThread "Unconstrained build operations Thread 41"        [_thread_blocked, id=19056, stack(0x00000095f2200000,0x00000095f2300000) (1024K)]
  0x000001e0967d4ca0 JavaThread "Unconstrained build operations Thread 42"        [_thread_blocked, id=20464, stack(0x00000095f2300000,0x00000095f2400000) (1024K)]
  0x000001e0967d3f80 JavaThread "Unconstrained build operations Thread 43"        [_thread_blocked, id=8780, stack(0x00000095f2400000,0x00000095f2500000) (1024K)]
  0x000001e0967d5330 JavaThread "Unconstrained build operations Thread 44"        [_thread_blocked, id=15976, stack(0x00000095f2500000,0x00000095f2600000) (1024K)]
  0x000001e0967d66e0 JavaThread "Unconstrained build operations Thread 45"        [_thread_blocked, id=12500, stack(0x00000095f2600000,0x00000095f2700000) (1024K)]
  0x000001e0967d7400 JavaThread "Memory manager"                    [_thread_blocked, id=15552, stack(0x00000095f2800000,0x00000095f2900000) (1024K)]
  0x000001e09675eea0 JavaThread "pool-3-thread-1"                   [_thread_blocked, id=16804, stack(0x00000095ebf00000,0x00000095ec000000) (1024K)]
  0x000001e0967657a0 JavaThread "build event listener"              [_thread_blocked, id=18728, stack(0x00000095f2700000,0x00000095f2800000) (1024K)]
  0x000001e096765e30 JavaThread "included builds"                   [_thread_blocked, id=15356, stack(0x00000095f2900000,0x00000095f2a00000) (1024K)]
  0x000001e0967d4610 JavaThread "Execution worker"                  [_thread_blocked, id=9532, stack(0x00000095f2a00000,0x00000095f2b00000) (1024K)]
  0x000001e09329b3b0 JavaThread "Execution worker Thread 2"         [_thread_blocked, id=21464, stack(0x00000095f2b00000,0x00000095f2c00000) (1024K)]
  0x000001e09329d480 JavaThread "Execution worker Thread 3"         [_thread_blocked, id=18980, stack(0x00000095f2c00000,0x00000095f2d00000) (1024K)]
  0x000001e09329a690 JavaThread "Execution worker Thread 4"         [_thread_blocked, id=18024, stack(0x00000095f2d00000,0x00000095f2e00000) (1024K)]
  0x000001e09329ba40 JavaThread "Execution worker Thread 5"         [_thread_blocked, id=21008, stack(0x00000095f2e00000,0x00000095f2f00000) (1024K)]
  0x000001e09329ad20 JavaThread "Execution worker Thread 6"         [_thread_blocked, id=3444, stack(0x00000095f2f00000,0x00000095f3000000) (1024K)]
  0x000001e09329c0d0 JavaThread "Execution worker Thread 7"         [_thread_blocked, id=20112, stack(0x00000095f3000000,0x00000095f3100000) (1024K)]
  0x000001e09329cdf0 JavaThread "Execution worker Thread 8"         [_thread_blocked, id=19952, stack(0x00000095f3100000,0x00000095f3200000) (1024K)]
  0x000001e09329c760 JavaThread "Execution worker Thread 9"         [_thread_blocked, id=19404, stack(0x00000095f3200000,0x00000095f3300000) (1024K)]
  0x000001e09329db10 JavaThread "Execution worker Thread 10"        [_thread_blocked, id=20320, stack(0x00000095f3300000,0x00000095f3400000) (1024K)]
  0x000001e0932b3720 JavaThread "Execution worker Thread 11"        [_thread_blocked, id=10128, stack(0x00000095f3400000,0x00000095f3500000) (1024K)]
  0x000001e0932b3090 JavaThread "Execution worker Thread 12"        [_thread_blocked, id=13464, stack(0x00000095f3500000,0x00000095f3600000) (1024K)]
  0x000001e0932b3db0 JavaThread "Execution worker Thread 13"        [_thread_blocked, id=14604, stack(0x00000095f3600000,0x00000095f3700000) (1024K)]
  0x000001e0932b0930 JavaThread "Execution worker Thread 14"        [_thread_blocked, id=21060, stack(0x00000095f3700000,0x00000095f3800000) (1024K)]
  0x000001e0932b1650 JavaThread "Execution worker Thread 15"        [_thread_blocked, id=5304, stack(0x00000095f3800000,0x00000095f3900000) (1024K)]
  0x000001e0932b2a00 JavaThread "Cache worker for execution history cache (E:\1_KUET LIFE\project\Bhoumik_2207040_SPT-Data-Analysis-And-Reporting-Tool-main\MyApplication\.gradle\8.13\executionHistory)"        [_thread_blocked, id=20228, stack(0x00000095edb00000,0x00000095edc00000) (1024K)]
  0x000001e0932b4440 JavaThread "Unconstrained build operations Thread 46"        [_thread_blocked, id=19820, stack(0x00000095f3a00000,0x00000095f3b00000) (1024K)]
  0x000001e0932b0fc0 JavaThread "Unconstrained build operations Thread 47"        [_thread_blocked, id=7920, stack(0x00000095f3b00000,0x00000095f3c00000) (1024K)]
  0x000001e0932b5160 JavaThread "Unconstrained build operations Thread 48"        [_thread_blocked, id=12948, stack(0x00000095f3c00000,0x00000095f3d00000) (1024K)]
  0x000001e0932b4ad0 JavaThread "Unconstrained build operations Thread 49"        [_thread_blocked, id=8188, stack(0x00000095f3d00000,0x00000095f3e00000) (1024K)]
  0x000001e0932b1ce0 JavaThread "Unconstrained build operations Thread 50"        [_thread_blocked, id=12020, stack(0x00000095f3e00000,0x00000095f3f00000) (1024K)]
  0x000001e0932b57f0 JavaThread "Unconstrained build operations Thread 51"        [_thread_blocked, id=18660, stack(0x00000095f3f00000,0x00000095f4000000) (1024K)]
  0x000001e0932b2370 JavaThread "Unconstrained build operations Thread 52"        [_thread_blocked, id=18640, stack(0x00000095f4000000,0x00000095f4100000) (1024K)]
  0x000001e0932b5e80 JavaThread "Unconstrained build operations Thread 53"        [_thread_blocked, id=15776, stack(0x00000095f4100000,0x00000095f4200000) (1024K)]
  0x000001e0932b6ba0 JavaThread "Unconstrained build operations Thread 54"        [_thread_blocked, id=11144, stack(0x00000095f4200000,0x00000095f4300000) (1024K)]
  0x000001e0932b78c0 JavaThread "Unconstrained build operations Thread 55"        [_thread_blocked, id=18576, stack(0x00000095f4300000,0x00000095f4400000) (1024K)]
  0x000001e0932b6510 JavaThread "Unconstrained build operations Thread 56"        [_thread_blocked, id=19676, stack(0x00000095f4400000,0x00000095f4500000) (1024K)]
  0x000001e0932b7230 JavaThread "Unconstrained build operations Thread 57"        [_thread_blocked, id=16860, stack(0x00000095f4500000,0x00000095f4600000) (1024K)]
  0x000001e0932b7f50 JavaThread "Unconstrained build operations Thread 58"        [_thread_blocked, id=7212, stack(0x00000095f4600000,0x00000095f4700000) (1024K)]
  0x000001e095cb9f00 JavaThread "Unconstrained build operations Thread 59"        [_thread_blocked, id=9696, stack(0x00000095f4700000,0x00000095f4800000) (1024K)]
  0x000001e095cbac20 JavaThread "Unconstrained build operations Thread 60"        [_thread_blocked, id=21076, stack(0x00000095f4800000,0x00000095f4900000) (1024K)]
  0x000001e095cbbfd0 JavaThread "Unconstrained build operations Thread 61"        [_thread_blocked, id=9024, stack(0x00000095f4900000,0x00000095f4a00000) (1024K)]
  0x000001e095cbc660 JavaThread "Unconstrained build operations Thread 62"        [_thread_blocked, id=20680, stack(0x00000095f4a00000,0x00000095f4b00000) (1024K)]
  0x000001e095cbb940 JavaThread "Unconstrained build operations Thread 63"        [_thread_blocked, id=15596, stack(0x00000095f4b00000,0x00000095f4c00000) (1024K)]
  0x000001e095cbd380 JavaThread "Unconstrained build operations Thread 64"        [_thread_blocked, id=13996, stack(0x00000095f4c00000,0x00000095f4d00000) (1024K)]
  0x000001e095cbb2b0 JavaThread "Unconstrained build operations Thread 65"        [_thread_blocked, id=19948, stack(0x00000095f4d00000,0x00000095f4e00000) (1024K)]
  0x000001e095cbccf0 JavaThread "Unconstrained build operations Thread 66"        [_thread_blocked, id=20156, stack(0x00000095f4e00000,0x00000095f4f00000) (1024K)]
  0x000001e095cba590 JavaThread "Unconstrained build operations Thread 67"        [_thread_blocked, id=13572, stack(0x00000095f4f00000,0x00000095f5000000) (1024K)]
  0x000001e096761c90 JavaThread "Unconstrained build operations Thread 68"        [_thread_blocked, id=20500, stack(0x00000095f5000000,0x00000095f5100000) (1024K)]
  0x000001e0967629b0 JavaThread "Unconstrained build operations Thread 69"        [_thread_blocked, id=5564, stack(0x00000095f5100000,0x00000095f5200000) (1024K)]
  0x000001e096763d60 JavaThread "Unconstrained build operations Thread 70"        [_thread_blocked, id=14668, stack(0x00000095f5200000,0x00000095f5300000) (1024K)]
  0x000001e096763040 JavaThread "Unconstrained build operations Thread 71"        [_thread_blocked, id=11764, stack(0x00000095f5300000,0x00000095f5400000) (1024K)]
  0x000001e0967608e0 JavaThread "Unconstrained build operations Thread 72"        [_thread_blocked, id=10672, stack(0x00000095f5400000,0x00000095f5500000) (1024K)]
  0x000001e0967664c0 JavaThread "Unconstrained build operations Thread 73"        [_thread_blocked, id=19276, stack(0x00000095f5500000,0x00000095f5600000) (1024K)]
  0x000001e096765110 JavaThread "Unconstrained build operations Thread 74"        [_thread_blocked, id=20524, stack(0x00000095f5600000,0x00000095f5700000) (1024K)]
  0x000001e0967643f0 JavaThread "Unconstrained build operations Thread 75"        [_thread_blocked, id=17828, stack(0x00000095f5700000,0x00000095f5800000) (1024K)]
  0x000001e095cb14b0 JavaThread "Unconstrained build operations Thread 76"        [_thread_blocked, id=708, stack(0x00000095f5800000,0x00000095f5900000) (1024K)]
  0x000001e095cb2ef0 JavaThread "Unconstrained build operations Thread 77"        [_thread_blocked, id=8496, stack(0x00000095f5900000,0x00000095f5a00000) (1024K)]
  0x000001e095cb3580 JavaThread "Unconstrained build operations Thread 78"        [_thread_blocked, id=19984, stack(0x00000095f5a00000,0x00000095f5b00000) (1024K)]
  0x000001e095cb21d0 JavaThread "Unconstrained build operations Thread 79"        [_thread_blocked, id=10732, stack(0x00000095f5b00000,0x00000095f5c00000) (1024K)]
  0x000001e095cb2860 JavaThread "Unconstrained build operations Thread 80"        [_thread_blocked, id=19916, stack(0x00000095f5c00000,0x00000095f5d00000) (1024K)]
  0x000001e095cb3c10 JavaThread "Unconstrained build operations Thread 81"        [_thread_blocked, id=11024, stack(0x00000095f5d00000,0x00000095f5e00000) (1024K)]
  0x000001e095cb42a0 JavaThread "Unconstrained build operations Thread 82"        [_thread_blocked, id=4036, stack(0x00000095f5e00000,0x00000095f5f00000) (1024K)]
  0x000001e095cb1b40 JavaThread "Unconstrained build operations Thread 83"        [_thread_blocked, id=14428, stack(0x00000095f5f00000,0x00000095f6000000) (1024K)]
  0x000001e095cb4fc0 JavaThread "Unconstrained build operations Thread 84"        [_thread_blocked, id=17688, stack(0x00000095f6000000,0x00000095f6100000) (1024K)]
  0x000001e095cb7720 JavaThread "Unconstrained build operations Thread 85"        [_thread_blocked, id=11792, stack(0x00000095f6100000,0x00000095f6200000) (1024K)]
  0x000001e095cb7db0 JavaThread "Unconstrained build operations Thread 86"        [_thread_blocked, id=3212, stack(0x00000095f6200000,0x00000095f6300000) (1024K)]
  0x000001e095cb5650 JavaThread "Unconstrained build operations Thread 87"        [_thread_blocked, id=20872, stack(0x00000095f6300000,0x00000095f6400000) (1024K)]
  0x000001e095cb7090 JavaThread "Unconstrained build operations Thread 88"        [_thread_blocked, id=13872, stack(0x00000095f6400000,0x00000095f6500000) (1024K)]
  0x000001e095cb4930 JavaThread "Unconstrained build operations Thread 89"        [_thread_blocked, id=20880, stack(0x00000095f6500000,0x00000095f6600000) (1024K)]
  0x000001e095cb5ce0 JavaThread "Unconstrained build operations Thread 90"        [_thread_blocked, id=20260, stack(0x00000095f6600000,0x00000095f6700000) (1024K)]
  0x000001e0979749a0 JavaThread "Unconstrained build operations Thread 91"        [_thread_blocked, id=18612, stack(0x00000095f6700000,0x00000095f6800000) (1024K)]
  0x000001e0979784b0 JavaThread "Unconstrained build operations Thread 92"        [_thread_blocked, id=16952, stack(0x00000095f6800000,0x00000095f6900000) (1024K)]
  0x000001e097978b40 JavaThread "Unconstrained build operations Thread 93"        [_thread_blocked, id=12792, stack(0x00000095f6900000,0x00000095f6a00000) (1024K)]
  0x000001e0979791d0 JavaThread "Unconstrained build operations Thread 94"        [_thread_blocked, id=21120, stack(0x00000095f6a00000,0x00000095f6b00000) (1024K)]
  0x000001e097977100 JavaThread "Unconstrained build operations Thread 95"        [_thread_blocked, id=7208, stack(0x00000095f6b00000,0x00000095f6c00000) (1024K)]
  0x000001e097977790 JavaThread "Unconstrained build operations Thread 96"        [_thread_blocked, id=19656, stack(0x00000095f6c00000,0x00000095f6d00000) (1024K)]
  0x000001e097979860 JavaThread "Unconstrained build operations Thread 97"        [_thread_blocked, id=3448, stack(0x00000095f6d00000,0x00000095f6e00000) (1024K)]
  0x000001e0979763e0 JavaThread "Unconstrained build operations Thread 98"        [_thread_blocked, id=3936, stack(0x00000095f6e00000,0x00000095f6f00000) (1024K)]
  0x000001e097979ef0 JavaThread "Unconstrained build operations Thread 99"        [_thread_blocked, id=2588, stack(0x00000095f6f00000,0x00000095f7000000) (1024K)]
  0x000001e09797a580 JavaThread "Unconstrained build operations Thread 100"        [_thread_blocked, id=21364, stack(0x00000095f7000000,0x00000095f7100000) (1024K)]
  0x000001e09797ac10 JavaThread "Unconstrained build operations Thread 101"        [_thread_blocked, id=18592, stack(0x00000095f7100000,0x00000095f7200000) (1024K)]
  0x000001e09797b2a0 JavaThread "Unconstrained build operations Thread 102"        [_thread_blocked, id=7316, stack(0x00000095f7200000,0x00000095f7300000) (1024K)]
  0x000001e097977e20 JavaThread "Unconstrained build operations Thread 103"        [_thread_blocked, id=6024, stack(0x00000095f7300000,0x00000095f7400000) (1024K)]
  0x000001e09797d370 JavaThread "Unconstrained build operations Thread 104"        [_thread_blocked, id=14508, stack(0x00000095f7400000,0x00000095f7500000) (1024K)]
  0x000001e09797b930 JavaThread "Unconstrained build operations Thread 105"        [_thread_blocked, id=6036, stack(0x00000095f7500000,0x00000095f7600000) (1024K)]
  0x000001e09797cce0 JavaThread "Unconstrained build operations Thread 106"        [_thread_blocked, id=13100, stack(0x00000095f7600000,0x00000095f7700000) (1024K)]
  0x000001e09797da00 JavaThread "Unconstrained build operations Thread 107"        [_thread_blocked, id=20160, stack(0x00000095f7700000,0x00000095f7800000) (1024K)]
  0x000001e09797e090 JavaThread "Unconstrained build operations Thread 108"        [_thread_blocked, id=6428, stack(0x00000095f7800000,0x00000095f7900000) (1024K)]
  0x000001e09797e720 JavaThread "Unconstrained build operations Thread 109"        [_thread_blocked, id=20244, stack(0x00000095f7900000,0x00000095f7a00000) (1024K)]
  0x000001e09797bfc0 JavaThread "Unconstrained build operations Thread 110"        [_thread_blocked, id=13772, stack(0x00000095f7a00000,0x00000095f7b00000) (1024K)]
  0x000001e09797c650 JavaThread "Unconstrained build operations Thread 111"        [_thread_blocked, id=2492, stack(0x00000095f7b00000,0x00000095f7c00000) (1024K)]
  0x000001e09b438970 JavaThread "Unconstrained build operations Thread 112"        [_thread_blocked, id=13108, stack(0x00000095f7c00000,0x00000095f7d00000) (1024K)]
  0x000001e09b439000 JavaThread "Unconstrained build operations Thread 113"        [_thread_blocked, id=14032, stack(0x00000095f7d00000,0x00000095f7e00000) (1024K)]
  0x000001e09b439690 JavaThread "Unconstrained build operations Thread 114"        [_thread_blocked, id=12164, stack(0x00000095f7e00000,0x00000095f7f00000) (1024K)]
  0x000001e09b437c50 JavaThread "Unconstrained build operations Thread 115"        [_thread_blocked, id=4072, stack(0x00000095f7f00000,0x00000095f8000000) (1024K)]
  0x000001e09b4368a0 JavaThread "Unconstrained build operations Thread 116"        [_thread_blocked, id=9972, stack(0x00000095f8000000,0x00000095f8100000) (1024K)]
  0x000001e09b439d20 JavaThread "Unconstrained build operations Thread 117"        [_thread_blocked, id=9264, stack(0x00000095f8100000,0x00000095f8200000) (1024K)]
  0x000001e09b4375c0 JavaThread "Unconstrained build operations Thread 118"        [_thread_blocked, id=20592, stack(0x00000095f8200000,0x00000095f8300000) (1024K)]
  0x000001e09b43a3b0 JavaThread "Unconstrained build operations Thread 119"        [_thread_blocked, id=16928, stack(0x00000095f8300000,0x00000095f8400000) (1024K)]
  0x000001e09b436f30 JavaThread "Unconstrained build operations Thread 120"        [_thread_blocked, id=19020, stack(0x00000095f8400000,0x00000095f8500000) (1024K)]
  0x000001e09b43b0d0 JavaThread "Unconstrained build operations Thread 121"        [_thread_blocked, id=3872, stack(0x00000095f8500000,0x00000095f8600000) (1024K)]
  0x000001e09b43cb10 JavaThread "WorkerExecutor Queue"              [_thread_blocked, id=19228, stack(0x00000095f3900000,0x00000095f3a00000) (1024K)]
  0x000001e09b43d1a0 JavaThread "Unconstrained build operations Thread 122"        [_thread_blocked, id=12592, stack(0x00000095f8600000,0x00000095f8700000) (1024K)]
  0x000001e09b43ebe0 JavaThread "Unconstrained build operations Thread 123"        [_thread_blocked, id=21380, stack(0x00000095f8700000,0x00000095f8800000) (1024K)]
  0x000001e09b43bdf0 JavaThread "Unconstrained build operations Thread 124"        [_thread_blocked, id=19552, stack(0x00000095f8800000,0x00000095f8900000) (1024K)]
  0x000001e09b43d830 JavaThread "Unconstrained build operations Thread 125"        [_thread_blocked, id=10600, stack(0x00000095f8900000,0x00000095f8a00000) (1024K)]
  0x000001e09b43f270 JavaThread "Unconstrained build operations Thread 126"        [_thread_blocked, id=14612, stack(0x00000095f8a00000,0x00000095f8b00000) (1024K)]
  0x000001e09b43dec0 JavaThread "Unconstrained build operations Thread 127"        [_thread_blocked, id=8748, stack(0x00000095f8b00000,0x00000095f8c00000) (1024K)]
  0x000001e09b43f900 JavaThread "Unconstrained build operations Thread 128"        [_thread_blocked, id=8584, stack(0x00000095f8c00000,0x00000095f8d00000) (1024K)]
  0x000001e09b43c480 JavaThread "Unconstrained build operations Thread 129"        [_thread_blocked, id=15564, stack(0x00000095f8d00000,0x00000095f8e00000) (1024K)]
  0x000001e09b4419d0 JavaThread "Unconstrained build operations Thread 130"        [_thread_blocked, id=13456, stack(0x00000095f8e00000,0x00000095f8f00000) (1024K)]
  0x000001e09b441340 JavaThread "Unconstrained build operations Thread 131"        [_thread_blocked, id=9556, stack(0x00000095f8f00000,0x00000095f9000000) (1024K)]
  0x000001e09b43ff90 JavaThread "Unconstrained build operations Thread 132"        [_thread_blocked, id=20640, stack(0x00000095f9000000,0x00000095f9100000) (1024K)]
  0x000001e09b440620 JavaThread "Unconstrained build operations Thread 133"        [_thread_blocked, id=20332, stack(0x00000095f9100000,0x00000095f9200000) (1024K)]
  0x000001e09b440cb0 JavaThread "Unconstrained build operations Thread 134"        [_thread_blocked, id=3820, stack(0x00000095f9200000,0x00000095f9300000) (1024K)]
  0x000001e09b43e550 JavaThread "Unconstrained build operations Thread 135"        [_thread_blocked, id=3792, stack(0x00000095f9300000,0x00000095f9400000) (1024K)]
  0x000001e09b444e50 JavaThread "Unconstrained build operations Thread 136"        [_thread_blocked, id=17488, stack(0x00000095f9400000,0x00000095f9500000) (1024K)]
  0x000001e09b443aa0 JavaThread "Unconstrained build operations Thread 137"        [_thread_blocked, id=20660, stack(0x00000095f9500000,0x00000095f9600000) (1024K)]
  0x000001e09b4447c0 JavaThread "Unconstrained build operations Thread 138"        [_thread_blocked, id=11316, stack(0x00000095f9600000,0x00000095f9700000) (1024K)]
  0x000001e09b4454e0 JavaThread "Unconstrained build operations Thread 139"        [_thread_blocked, id=19852, stack(0x00000095f9700000,0x00000095f9800000) (1024K)]
  0x000001e09b442060 JavaThread "Unconstrained build operations Thread 140"        [_thread_blocked, id=9648, stack(0x00000095f9800000,0x00000095f9900000) (1024K)]
  0x000001e09b443410 JavaThread "Unconstrained build operations Thread 141"        [_thread_blocked, id=4084, stack(0x00000095f9900000,0x00000095f9a00000) (1024K)]
  0x000001e09b445b70 JavaThread "Unconstrained build operations Thread 142"        [_thread_blocked, id=19384, stack(0x00000095f9a00000,0x00000095f9b00000) (1024K)]
  0x000001e09b444130 JavaThread "Unconstrained build operations Thread 143"        [_thread_blocked, id=12540, stack(0x00000095f9b00000,0x00000095f9c00000) (1024K)]
  0x000001e09b4426f0 JavaThread "Unconstrained build operations Thread 144"        [_thread_blocked, id=14860, stack(0x00000095f9c00000,0x00000095f9d00000) (1024K)]
  0x000001e09b442d80 JavaThread "Unconstrained build operations Thread 145"        [_thread_blocked, id=10444, stack(0x00000095f9d00000,0x00000095f9e00000) (1024K)]
  0x000001e09796fae0 JavaThread "Unconstrained build operations Thread 146"        [_thread_blocked, id=20064, stack(0x00000095f9e00000,0x00000095f9f00000) (1024K)]
  0x000001e0979735f0 JavaThread "Unconstrained build operations Thread 147"        [_thread_blocked, id=7672, stack(0x00000095f9f00000,0x00000095fa000000) (1024K)]
  0x000001e097971bb0 JavaThread "Unconstrained build operations Thread 148"        [_thread_blocked, id=4700, stack(0x00000095fa000000,0x00000095fa100000) (1024K)]
  0x000001e097970e90 JavaThread "Unconstrained build operations Thread 149"        [_thread_blocked, id=12736, stack(0x00000095fa100000,0x00000095fa200000) (1024K)]
  0x000001e097970170 JavaThread "Unconstrained build operations Thread 150"        [_thread_blocked, id=17680, stack(0x00000095fa200000,0x00000095fa300000) (1024K)]
  0x000001e097971520 JavaThread "Unconstrained build operations Thread 151"        [_thread_blocked, id=17756, stack(0x00000095fa300000,0x00000095fa400000) (1024K)]
  0x000001e09796f450 JavaThread "Unconstrained build operations Thread 152"        [_thread_blocked, id=8940, stack(0x00000095fa400000,0x00000095fa500000) (1024K)]
  0x000001e097975d50 JavaThread "Unconstrained build operations Thread 153"        [_thread_blocked, id=21104, stack(0x00000095fa500000,0x00000095fa600000) (1024K)]
  0x000001e0979728d0 JavaThread "Unconstrained build operations Thread 154"        [_thread_blocked, id=2276, stack(0x00000095fa600000,0x00000095fa700000) (1024K)]
  0x000001e097972f60 JavaThread "Unconstrained build operations Thread 155"        [_thread_blocked, id=7312, stack(0x00000095fa700000,0x00000095fa800000) (1024K)]
  0x000001e097973c80 JavaThread "Unconstrained build operations Thread 156"        [_thread_blocked, id=21276, stack(0x00000095fa800000,0x00000095fa900000) (1024K)]
  0x000001e097970800 JavaThread "Unconstrained build operations Thread 157"        [_thread_blocked, id=11088, stack(0x00000095fa900000,0x00000095faa00000) (1024K)]
  0x000001e0979756c0 JavaThread "Unconstrained build operations Thread 158"        [_thread_blocked, id=18492, stack(0x00000095faa00000,0x00000095fab00000) (1024K)]
  0x000001e097976a70 JavaThread "Unconstrained build operations Thread 159"        [_thread_blocked, id=9088, stack(0x00000095fab00000,0x00000095fac00000) (1024K)]
  0x000001e097974310 JavaThread "Unconstrained build operations Thread 160"        [_thread_blocked, id=6992, stack(0x00000095fac00000,0x00000095fad00000) (1024K)]
  0x000001e09925afd0 JavaThread "C2 CompilerThread1"         daemon [_thread_blocked, id=11452, stack(0x00000095ebe00000,0x00000095ebf00000) (1024K)]
  0x000001e09a4e03e0 JavaThread "C1 CompilerThread1"         daemon [_thread_blocked, id=4136, stack(0x00000095ec000000,0x00000095ec100000) (1024K)]
Total: 215

Other Threads:
=>0x000001e04c5ca0b0 VMThread "VM Thread"                           [id=15940, stack(0x00000095ec900000,0x00000095eca00000) (1024K)]
  0x000001e04c5b7730 WatcherThread "VM Periodic Task Thread"        [id=20756, stack(0x00000095ec800000,0x00000095ec900000) (1024K)]
  0x000001e033a59df0 WorkerThread "GC Thread#0"                     [id=12516, stack(0x00000095ec300000,0x00000095ec400000) (1024K)]
  0x000001e093320330 WorkerThread "GC Thread#1"                     [id=12112, stack(0x00000095ed700000,0x00000095ed800000) (1024K)]
  0x000001e09313ab80 WorkerThread "GC Thread#2"                     [id=20080, stack(0x00000095ed800000,0x00000095ed900000) (1024K)]
  0x000001e09352f960 WorkerThread "GC Thread#3"                     [id=3992, stack(0x00000095ed900000,0x00000095eda00000) (1024K)]
  0x000001e093aa0ea0 WorkerThread "GC Thread#4"                     [id=12712, stack(0x00000095edd00000,0x00000095ede00000) (1024K)]
  0x000001e094596de0 WorkerThread "GC Thread#5"                     [id=15848, stack(0x00000095ee200000,0x00000095ee300000) (1024K)]
  0x000001e094159470 WorkerThread "GC Thread#6"                     [id=16360, stack(0x00000095ee300000,0x00000095ee400000) (1024K)]
  0x000001e094159810 WorkerThread "GC Thread#7"                     [id=19724, stack(0x00000095ee400000,0x00000095ee500000) (1024K)]
  0x000001e094623620 WorkerThread "GC Thread#8"                     [id=17172, stack(0x00000095ee500000,0x00000095ee600000) (1024K)]
  0x000001e0944c6ef0 WorkerThread "GC Thread#9"                     [id=3732, stack(0x00000095ee600000,0x00000095ee700000) (1024K)]
  0x000001e0944c6410 WorkerThread "GC Thread#10"                    [id=15748, stack(0x00000095ee700000,0x00000095ee800000) (1024K)]
  0x000001e0944c67b0 WorkerThread "GC Thread#11"                    [id=20432, stack(0x00000095ee800000,0x00000095ee900000) (1024K)]
  0x000001e0944c7630 WorkerThread "GC Thread#12"                    [id=12440, stack(0x00000095ee900000,0x00000095eea00000) (1024K)]
  0x000001e033a6aff0 ConcurrentGCThread "G1 Main Marker"            [id=17092, stack(0x00000095ec400000,0x00000095ec500000) (1024K)]
  0x000001e033a6d580 WorkerThread "G1 Conc#0"                       [id=11152, stack(0x00000095ec500000,0x00000095ec600000) (1024K)]
  0x000001e0996c5410 WorkerThread "G1 Conc#1"                       [id=12052, stack(0x00000095ef400000,0x00000095ef500000) (1024K)]
  0x000001e0996c7110 WorkerThread "G1 Conc#2"                       [id=1064, stack(0x00000095ef500000,0x00000095ef600000) (1024K)]
  0x000001e04c48a0b0 ConcurrentGCThread "G1 Refine#0"               [id=19076, stack(0x00000095ec600000,0x00000095ec700000) (1024K)]
  0x000001e04c48b9e0 ConcurrentGCThread "G1 Service"                [id=6396, stack(0x00000095ec700000,0x00000095ec800000) (1024K)]
Total: 21

Threads with active compile tasks:
C2 CompilerThread0  167263 27450       4       com.android.tools.r8.graph.u2::a (439 bytes)
C2 CompilerThread1  167263 28179       4       com.android.tools.r8.internal.n0::putAll (124 bytes)
Total: 2

VM state: at safepoint (normal execution)

VM Mutex/Monitor currently owned by a thread:  ([mutex/lock_event])
[0x00007ff945c59d30] Threads_lock - owner thread: 0x000001e04c5ca0b0
[0x00007ff945c59e30] Heap_lock - owner thread: 0x000001e0967d3f80

Heap address: 0x0000000080000000, size: 2048 MB, Compressed Oops mode: 32-bit

CDS archive(s) mapped at: [0x000001e04d000000-0x000001e04ec20000-0x000001e04ec20000), size 29491200, SharedBaseAddress: 0x000001e04d000000, ArchiveRelocationMode: 1.
Compressed class space mapped at: 0x000001e04f000000-0x000001e08f000000, reserved size: 1073741824
Narrow klass base: 0x000001e04d000000, Narrow klass shift: 0, Narrow klass range: 0x100000000

GC Precious Log:
 CardTable entry size: 512
 Card Set container configuration: InlinePtr #cards 5 size 8 Array Of Cards #cards 12 size 40 Howl #buckets 4 coarsen threshold 1843 Howl Bitmap #cards 512 size 80 coarsen threshold 460 Card regions per heap region 1 cards per card region 2048
 CPUs: 16 total, 16 available
 Memory: 7598M
 Large Page Support: Disabled
 NUMA Support: Disabled
 Compressed Oops: Enabled (32-bit)
 Heap Region Size: 1M
 Heap Min Capacity: 8M
 Heap Initial Capacity: 120M
 Heap Max Capacity: 2G
 Pre-touch: Disabled
 Parallel Workers: 13
 Concurrent Workers: 3
 Concurrent Refinement Workers: 13
 Periodic GC: Disabled

Heap:
 garbage-first heap   total 888832K, used 397312K [0x0000000080000000, 0x0000000100000000)
  region size 1024K, 33 young (33792K), 33 survivors (33792K)
 Metaspace       used 126841K, committed 128960K, reserved 1179648K
  class space    used 18490K, committed 19520K, reserved 1048576K

Heap Regions: E=young(eden), S=young(survivor), O=old, HS=humongous(starts), HC=humongous(continues), CS=collection set, F=free, TAMS=top-at-mark-start, PB=parsable bottom
|   0|0x0000000080000000, 0x0000000080100000, 0x0000000080100000|100%|HS|  |TAMS 0x0000000080000000| PB 0x0000000080000000| Complete 
|   1|0x0000000080100000, 0x0000000080200000, 0x0000000080200000|100%|HC|  |TAMS 0x0000000080100000| PB 0x0000000080100000| Complete 
|   2|0x0000000080200000, 0x0000000080300000, 0x0000000080300000|100%|HC|  |TAMS 0x0000000080200000| PB 0x0000000080200000| Complete 
|   3|0x0000000080300000, 0x0000000080400000, 0x0000000080400000|100%| O|  |TAMS 0x0000000080300000| PB 0x0000000080300000| Untracked 
|   4|0x0000000080400000, 0x0000000080500000, 0x0000000080500000|100%| O|  |TAMS 0x0000000080400000| PB 0x0000000080400000| Untracked 
|   5|0x0000000080500000, 0x0000000080600000, 0x0000000080600000|100%| O|  |TAMS 0x0000000080500000| PB 0x0000000080500000| Untracked 
|   6|0x0000000080600000, 0x0000000080700000, 0x0000000080700000|100%|HS|  |TAMS 0x0000000080600000| PB 0x0000000080600000| Complete 
|   7|0x0000000080700000, 0x0000000080800000, 0x0000000080800000|100%| O|  |TAMS 0x0000000080700000| PB 0x0000000080700000| Untracked 
|   8|0x0000000080800000, 0x0000000080900000, 0x0000000080900000|100%| O|  |TAMS 0x0000000080800000| PB 0x0000000080800000| Untracked 
|   9|0x0000000080900000, 0x0000000080a00000, 0x0000000080a00000|100%| O|  |TAMS 0x0000000080900000| PB 0x0000000080900000| Untracked 
|  10|0x0000000080a00000, 0x0000000080b00000, 0x0000000080b00000|100%| O|  |TAMS 0x0000000080a00000| PB 0x0000000080a00000| Untracked 
|  11|0x0000000080b00000, 0x0000000080c00000, 0x0000000080c00000|100%| O|  |TAMS 0x0000000080b00000| PB 0x0000000080b00000| Untracked 
|  12|0x0000000080c00000, 0x0000000080d00000, 0x0000000080d00000|100%| O|  |TAMS 0x0000000080c00000| PB 0x0000000080c00000| Untracked 
|  13|0x0000000080d00000, 0x0000000080e00000, 0x0000000080e00000|100%| O|  |TAMS 0x0000000080d00000| PB 0x0000000080d00000| Untracked 
|  14|0x0000000080e00000, 0x0000000080f00000, 0x0000000080f00000|100%| O|  |TAMS 0x0000000080e00000| PB 0x0000000080e00000| Untracked 
|  15|0x0000000080f00000, 0x0000000081000000, 0x0000000081000000|100%| O|  |TAMS 0x0000000080f00000| PB 0x0000000080f00000| Untracked 
|  16|0x0000000081000000, 0x0000000081100000, 0x0000000081100000|100%| O|  |TAMS 0x0000000081000000| PB 0x0000000081000000| Untracked 
|  17|0x0000000081100000, 0x0000000081200000, 0x0000000081200000|100%| O|  |TAMS 0x0000000081100000| PB 0x0000000081100000| Untracked 
|  18|0x0000000081200000, 0x0000000081300000, 0x0000000081300000|100%| O|  |TAMS 0x0000000081200000| PB 0x0000000081200000| Untracked 
|  19|0x0000000081300000, 0x0000000081400000, 0x0000000081400000|100%| O|  |TAMS 0x0000000081300000| PB 0x0000000081300000| Untracked 
|  20|0x0000000081400000, 0x0000000081500000, 0x0000000081500000|100%| O|  |TAMS 0x0000000081400000| PB 0x0000000081400000| Untracked 
|  21|0x0000000081500000, 0x0000000081600000, 0x0000000081600000|100%| O|  |TAMS 0x0000000081500000| PB 0x0000000081500000| Untracked 
|  22|0x0000000081600000, 0x0000000081700000, 0x0000000081700000|100%| O|  |TAMS 0x0000000081600000| PB 0x0000000081600000| Untracked 
|  23|0x0000000081700000, 0x0000000081800000, 0x0000000081800000|100%| O|  |TAMS 0x0000000081700000| PB 0x0000000081700000| Untracked 
|  24|0x0000000081800000, 0x0000000081900000, 0x0000000081900000|100%| O|  |TAMS 0x0000000081800000| PB 0x0000000081800000| Untracked 
|  25|0x0000000081900000, 0x0000000081a00000, 0x0000000081a00000|100%| O|  |TAMS 0x0000000081900000| PB 0x0000000081900000| Untracked 
|  26|0x0000000081a00000, 0x0000000081b00000, 0x0000000081b00000|100%| O|  |TAMS 0x0000000081a00000| PB 0x0000000081a00000| Untracked 
|  27|0x0000000081b00000, 0x0000000081c00000, 0x0000000081c00000|100%| O|  |TAMS 0x0000000081b00000| PB 0x0000000081b00000| Untracked 
|  28|0x0000000081c00000, 0x0000000081d00000, 0x0000000081d00000|100%| O|  |TAMS 0x0000000081c00000| PB 0x0000000081c00000| Untracked 
|  29|0x0000000081d00000, 0x0000000081e00000, 0x0000000081e00000|100%| O|  |TAMS 0x0000000081d00000| PB 0x0000000081d00000| Untracked 
|  30|0x0000000081e00000, 0x0000000081f00000, 0x0000000081f00000|100%| O|  |TAMS 0x0000000081e00000| PB 0x0000000081e00000| Untracked 
|  31|0x0000000081f00000, 0x0000000082000000, 0x0000000082000000|100%| O|  |TAMS 0x0000000081f00000| PB 0x0000000081f00000| Untracked 
|  32|0x0000000082000000, 0x0000000082100000, 0x0000000082100000|100%| O|  |TAMS 0x0000000082000000| PB 0x0000000082000000| Untracked 
|  33|0x0000000082100000, 0x0000000082200000, 0x0000000082200000|100%|HS|  |TAMS 0x0000000082100000| PB 0x0000000082100000| Complete 
|  34|0x0000000082200000, 0x0000000082300000, 0x0000000082300000|100%|HS|  |TAMS 0x0000000082200000| PB 0x0000000082200000| Complete 
|  35|0x0000000082300000, 0x0000000082400000, 0x0000000082400000|100%|HS|  |TAMS 0x0000000082300000| PB 0x0000000082300000| Complete 
|  36|0x0000000082400000, 0x0000000082500000, 0x0000000082500000|100%|HS|  |TAMS 0x0000000082400000| PB 0x0000000082400000| Complete 
|  37|0x0000000082500000, 0x0000000082600000, 0x0000000082600000|100%| O|  |TAMS 0x0000000082500000| PB 0x0000000082500000| Untracked 
|  38|0x0000000082600000, 0x0000000082700000, 0x0000000082700000|100%|HS|  |TAMS 0x0000000082600000| PB 0x0000000082600000| Complete 
|  39|0x0000000082700000, 0x0000000082800000, 0x0000000082800000|100%|HS|  |TAMS 0x0000000082700000| PB 0x0000000082700000| Complete 
|  40|0x0000000082800000, 0x0000000082900000, 0x0000000082900000|100%| O|  |TAMS 0x0000000082800000| PB 0x0000000082800000| Untracked 
|  41|0x0000000082900000, 0x0000000082a00000, 0x0000000082a00000|100%| O|  |TAMS 0x0000000082900000| PB 0x0000000082900000| Untracked 
|  42|0x0000000082a00000, 0x0000000082b00000, 0x0000000082b00000|100%| O|  |TAMS 0x0000000082a00000| PB 0x0000000082a00000| Untracked 
|  43|0x0000000082b00000, 0x0000000082c00000, 0x0000000082c00000|100%| O|  |TAMS 0x0000000082b00000| PB 0x0000000082b00000| Untracked 
|  44|0x0000000082c00000, 0x0000000082d00000, 0x0000000082d00000|100%| O|  |TAMS 0x0000000082c00000| PB 0x0000000082c00000| Untracked 
|  45|0x0000000082d00000, 0x0000000082e00000, 0x0000000082e00000|100%| O|  |TAMS 0x0000000082d00000| PB 0x0000000082d00000| Untracked 
|  46|0x0000000082e00000, 0x0000000082f00000, 0x0000000082f00000|100%| O|  |TAMS 0x0000000082e00000| PB 0x0000000082e00000| Untracked 
|  47|0x0000000082f00000, 0x0000000083000000, 0x0000000083000000|100%| O|  |TAMS 0x0000000082f00000| PB 0x0000000082f00000| Untracked 
|  48|0x0000000083000000, 0x0000000083100000, 0x0000000083100000|100%| O|  |TAMS 0x0000000083000000| PB 0x0000000083000000| Untracked 
|  49|0x0000000083100000, 0x0000000083200000, 0x0000000083200000|100%| O|  |TAMS 0x0000000083100000| PB 0x0000000083100000| Untracked 
|  50|0x0000000083200000, 0x0000000083300000, 0x0000000083300000|100%| O|  |TAMS 0x0000000083200000| PB 0x0000000083200000| Untracked 
|  51|0x0000000083300000, 0x0000000083400000, 0x0000000083400000|100%| O|  |TAMS 0x0000000083300000| PB 0x0000000083300000| Untracked 
|  52|0x0000000083400000, 0x0000000083500000, 0x0000000083500000|100%| O|  |TAMS 0x0000000083400000| PB 0x0000000083400000| Untracked 
|  53|0x0000000083500000, 0x0000000083600000, 0x0000000083600000|100%| O|  |TAMS 0x0000000083500000| PB 0x0000000083500000| Untracked 
|  54|0x0000000083600000, 0x0000000083700000, 0x0000000083700000|100%|HS|  |TAMS 0x0000000083600000| PB 0x0000000083600000| Complete 
|  55|0x0000000083700000, 0x0000000083800000, 0x0000000083800000|100%| O|  |TAMS 0x0000000083700000| PB 0x0000000083700000| Untracked 
|  56|0x0000000083800000, 0x0000000083900000, 0x0000000083900000|100%| O|  |TAMS 0x0000000083800000| PB 0x0000000083800000| Untracked 
|  57|0x0000000083900000, 0x0000000083a00000, 0x0000000083a00000|100%|HS|  |TAMS 0x0000000083900000| PB 0x0000000083900000| Complete 
|  58|0x0000000083a00000, 0x0000000083b00000, 0x0000000083b00000|100%| O|  |TAMS 0x0000000083a00000| PB 0x0000000083a00000| Untracked 
|  59|0x0000000083b00000, 0x0000000083c00000, 0x0000000083c00000|100%| O|  |TAMS 0x0000000083b00000| PB 0x0000000083b00000| Untracked 
|  60|0x0000000083c00000, 0x0000000083d00000, 0x0000000083d00000|100%| O|  |TAMS 0x0000000083c00000| PB 0x0000000083c00000| Untracked 
|  61|0x0000000083d00000, 0x0000000083e00000, 0x0000000083e00000|100%| O|  |TAMS 0x0000000083d00000| PB 0x0000000083d00000| Untracked 
|  62|0x0000000083e00000, 0x0000000083f00000, 0x0000000083f00000|100%| O|  |TAMS 0x0000000083e00000| PB 0x0000000083e00000| Untracked 
|  63|0x0000000083f00000, 0x0000000084000000, 0x0000000084000000|100%| O|  |TAMS 0x0000000083f00000| PB 0x0000000083f00000| Untracked 
|  64|0x0000000084000000, 0x0000000084100000, 0x0000000084100000|100%| O|  |TAMS 0x0000000084000000| PB 0x0000000084000000| Untracked 
|  65|0x0000000084100000, 0x0000000084200000, 0x0000000084200000|100%| O|  |TAMS 0x0000000084100000| PB 0x0000000084100000| Untracked 
|  66|0x0000000084200000, 0x0000000084300000, 0x0000000084300000|100%| O|  |TAMS 0x0000000084200000| PB 0x0000000084200000| Untracked 
|  67|0x0000000084300000, 0x0000000084400000, 0x0000000084400000|100%| O|  |TAMS 0x0000000084300000| PB 0x0000000084300000| Untracked 
|  68|0x0000000084400000, 0x0000000084500000, 0x0000000084500000|100%| O|  |TAMS 0x0000000084400000| PB 0x0000000084400000| Untracked 
|  69|0x0000000084500000, 0x0000000084600000, 0x0000000084600000|100%| O|  |TAMS 0x0000000084500000| PB 0x0000000084500000| Untracked 
|  70|0x0000000084600000, 0x0000000084700000, 0x0000000084700000|100%| O|  |TAMS 0x0000000084600000| PB 0x0000000084600000| Untracked 
|  71|0x0000000084700000, 0x0000000084800000, 0x0000000084800000|100%| O|  |TAMS 0x0000000084700000| PB 0x0000000084700000| Untracked 
|  72|0x0000000084800000, 0x0000000084900000, 0x0000000084900000|100%| O|  |TAMS 0x0000000084800000| PB 0x0000000084800000| Untracked 
|  73|0x0000000084900000, 0x0000000084a00000, 0x0000000084a00000|100%| O|  |TAMS 0x0000000084900000| PB 0x0000000084900000| Untracked 
|  74|0x0000000084a00000, 0x0000000084b00000, 0x0000000084b00000|100%| O|  |TAMS 0x0000000084a00000| PB 0x0000000084a00000| Untracked 
|  75|0x0000000084b00000, 0x0000000084c00000, 0x0000000084c00000|100%| O|  |TAMS 0x0000000084b00000| PB 0x0000000084b00000| Untracked 
|  76|0x0000000084c00000, 0x0000000084d00000, 0x0000000084d00000|100%| O|  |TAMS 0x0000000084c00000| PB 0x0000000084c00000| Untracked 
|  77|0x0000000084d00000, 0x0000000084e00000, 0x0000000084e00000|100%| O|  |TAMS 0x0000000084d00000| PB 0x0000000084d00000| Untracked 
|  78|0x0000000084e00000, 0x0000000084f00000, 0x0000000084f00000|100%| O|  |TAMS 0x0000000084e00000| PB 0x0000000084e00000| Untracked 
|  79|0x0000000084f00000, 0x0000000085000000, 0x0000000085000000|100%| O|  |TAMS 0x0000000084f00000| PB 0x0000000084f00000| Untracked 
|  80|0x0000000085000000, 0x0000000085100000, 0x0000000085100000|100%| O|  |TAMS 0x0000000085000000| PB 0x0000000085000000| Untracked 
|  81|0x0000000085100000, 0x0000000085200000, 0x0000000085200000|100%| O|  |TAMS 0x0000000085100000| PB 0x0000000085100000| Untracked 
|  82|0x0000000085200000, 0x0000000085300000, 0x0000000085300000|100%| O|  |TAMS 0x0000000085200000| PB 0x0000000085200000| Untracked 
|  83|0x0000000085300000, 0x0000000085400000, 0x0000000085400000|100%| O|  |TAMS 0x0000000085300000| PB 0x0000000085300000| Untracked 
|  84|0x0000000085400000, 0x0000000085500000, 0x0000000085500000|100%| O|  |TAMS 0x0000000085400000| PB 0x0000000085400000| Untracked 
|  85|0x0000000085500000, 0x0000000085600000, 0x0000000085600000|100%| O|  |TAMS 0x0000000085500000| PB 0x0000000085500000| Untracked 
|  86|0x0000000085600000, 0x0000000085700000, 0x0000000085700000|100%| O|  |TAMS 0x0000000085600000| PB 0x0000000085600000| Untracked 
|  87|0x0000000085700000, 0x0000000085800000, 0x0000000085800000|100%| O|  |TAMS 0x0000000085700000| PB 0x0000000085700000| Untracked 
|  88|0x0000000085800000, 0x0000000085900000, 0x0000000085900000|100%| O|  |TAMS 0x0000000085800000| PB 0x0000000085800000| Untracked 
|  89|0x0000000085900000, 0x0000000085900000, 0x0000000085a00000|  0%| F|  |TAMS 0x0000000085900000| PB 0x0000000085900000| Untracked 
|  90|0x0000000085a00000, 0x0000000085b00000, 0x0000000085b00000|100%| O|  |TAMS 0x0000000085a00000| PB 0x0000000085a00000| Untracked 
|  91|0x0000000085b00000, 0x0000000085c00000, 0x0000000085c00000|100%| O|Cm|TAMS 0x0000000085b00000| PB 0x0000000085b00000| Complete 
|  92|0x0000000085c00000, 0x0000000085d00000, 0x0000000085d00000|100%| O|  |TAMS 0x0000000085c00000| PB 0x0000000085c00000| Untracked 
|  93|0x0000000085d00000, 0x0000000085d00000, 0x0000000085e00000|  0%| F|  |TAMS 0x0000000085d00000| PB 0x0000000085d00000| Untracked 
|  94|0x0000000085e00000, 0x0000000085f00000, 0x0000000085f00000|100%| O|  |TAMS 0x0000000085e00000| PB 0x0000000085e00000| Untracked 
|  95|0x0000000085f00000, 0x0000000086000000, 0x0000000086000000|100%| O|  |TAMS 0x0000000085f00000| PB 0x0000000085f00000| Untracked 
|  96|0x0000000086000000, 0x0000000086100000, 0x0000000086100000|100%| O|Cm|TAMS 0x0000000086000000| PB 0x0000000086000000| Complete 
|  97|0x0000000086100000, 0x0000000086200000, 0x0000000086200000|100%|HS|  |TAMS 0x0000000086100000| PB 0x0000000086100000| Complete 
|  98|0x0000000086200000, 0x0000000086300000, 0x0000000086300000|100%|HC|  |TAMS 0x0000000086200000| PB 0x0000000086200000| Complete 
|  99|0x0000000086300000, 0x0000000086400000, 0x0000000086400000|100%| O|  |TAMS 0x0000000086300000| PB 0x0000000086300000| Untracked 
| 100|0x0000000086400000, 0x0000000086400000, 0x0000000086500000|  0%| F|  |TAMS 0x0000000086400000| PB 0x0000000086400000| Untracked 
| 101|0x0000000086500000, 0x0000000086500000, 0x0000000086600000|  0%| F|  |TAMS 0x0000000086500000| PB 0x0000000086500000| Untracked 
| 102|0x0000000086600000, 0x0000000086700000, 0x0000000086700000|100%| O|  |TAMS 0x0000000086600000| PB 0x0000000086600000| Untracked 
| 103|0x0000000086700000, 0x0000000086800000, 0x0000000086800000|100%| O|  |TAMS 0x0000000086700000| PB 0x0000000086700000| Untracked 
| 104|0x0000000086800000, 0x0000000086900000, 0x0000000086900000|100%| O|  |TAMS 0x0000000086800000| PB 0x0000000086800000| Untracked 
| 105|0x0000000086900000, 0x0000000086a00000, 0x0000000086a00000|100%| O|  |TAMS 0x0000000086900000| PB 0x0000000086900000| Untracked 
| 106|0x0000000086a00000, 0x0000000086b00000, 0x0000000086b00000|100%| O|  |TAMS 0x0000000086a00000| PB 0x0000000086a00000| Untracked 
| 107|0x0000000086b00000, 0x0000000086b00000, 0x0000000086c00000|  0%| F|  |TAMS 0x0000000086b00000| PB 0x0000000086b00000| Untracked 
| 108|0x0000000086c00000, 0x0000000086d00000, 0x0000000086d00000|100%| O|  |TAMS 0x0000000086c00000| PB 0x0000000086c00000| Untracked 
| 109|0x0000000086d00000, 0x0000000086e00000, 0x0000000086e00000|100%| O|  |TAMS 0x0000000086d00000| PB 0x0000000086d00000| Untracked 
| 110|0x0000000086e00000, 0x0000000086e00000, 0x0000000086f00000|  0%| F|  |TAMS 0x0000000086e00000| PB 0x0000000086e00000| Untracked 
| 111|0x0000000086f00000, 0x0000000087000000, 0x0000000087000000|100%| O|  |TAMS 0x0000000086f00000| PB 0x0000000086f00000| Untracked 
| 112|0x0000000087000000, 0x0000000087100000, 0x0000000087100000|100%| O|  |TAMS 0x0000000087000000| PB 0x0000000087000000| Untracked 
| 113|0x0000000087100000, 0x0000000087100000, 0x0000000087200000|  0%| F|  |TAMS 0x0000000087100000| PB 0x0000000087100000| Untracked 
| 114|0x0000000087200000, 0x0000000087300000, 0x0000000087300000|100%| O|  |TAMS 0x0000000087200000| PB 0x0000000087200000| Untracked 
| 115|0x0000000087300000, 0x0000000087400000, 0x0000000087400000|100%| O|  |TAMS 0x0000000087300000| PB 0x0000000087300000| Untracked 
| 116|0x0000000087400000, 0x0000000087500000, 0x0000000087500000|100%| O|  |TAMS 0x0000000087400000| PB 0x0000000087400000| Untracked 
| 117|0x0000000087500000, 0x0000000087600000, 0x0000000087600000|100%| O|  |TAMS 0x0000000087500000| PB 0x0000000087500000| Untracked 
| 118|0x0000000087600000, 0x0000000087600000, 0x0000000087700000|  0%| F|  |TAMS 0x0000000087600000| PB 0x0000000087600000| Untracked 
| 119|0x0000000087700000, 0x0000000087700000, 0x0000000087800000|  0%| F|  |TAMS 0x0000000087700000| PB 0x0000000087700000| Untracked 
| 120|0x0000000087800000, 0x0000000087900000, 0x0000000087900000|100%| O|  |TAMS 0x0000000087800000| PB 0x0000000087800000| Untracked 
| 121|0x0000000087900000, 0x0000000087a00000, 0x0000000087a00000|100%| O|  |TAMS 0x0000000087900000| PB 0x0000000087900000| Untracked 
| 122|0x0000000087a00000, 0x0000000087b00000, 0x0000000087b00000|100%| O|  |TAMS 0x0000000087a00000| PB 0x0000000087a00000| Untracked 
| 123|0x0000000087b00000, 0x0000000087c00000, 0x0000000087c00000|100%| O|  |TAMS 0x0000000087b00000| PB 0x0000000087b00000| Untracked 
| 124|0x0000000087c00000, 0x0000000087d00000, 0x0000000087d00000|100%| O|  |TAMS 0x0000000087c00000| PB 0x0000000087c00000| Untracked 
| 125|0x0000000087d00000, 0x0000000087e00000, 0x0000000087e00000|100%| O|  |TAMS 0x0000000087d00000| PB 0x0000000087d00000| Untracked 
| 126|0x0000000087e00000, 0x0000000087f00000, 0x0000000087f00000|100%| O|  |TAMS 0x0000000087e00000| PB 0x0000000087e00000| Untracked 
| 127|0x0000000087f00000, 0x0000000088000000, 0x0000000088000000|100%| O|  |TAMS 0x0000000087f00000| PB 0x0000000087f00000| Untracked 
| 128|0x0000000088000000, 0x0000000088100000, 0x0000000088100000|100%| O|  |TAMS 0x0000000088000000| PB 0x0000000088000000| Untracked 
| 129|0x0000000088100000, 0x0000000088200000, 0x0000000088200000|100%| O|  |TAMS 0x0000000088100000| PB 0x0000000088100000| Untracked 
| 130|0x0000000088200000, 0x0000000088300000, 0x0000000088300000|100%| O|Cm|TAMS 0x0000000088200000| PB 0x0000000088200000| Complete 
| 131|0x0000000088300000, 0x0000000088300000, 0x0000000088400000|  0%| F|  |TAMS 0x0000000088300000| PB 0x0000000088300000| Untracked 
| 132|0x0000000088400000, 0x0000000088400000, 0x0000000088500000|  0%| F|  |TAMS 0x0000000088400000| PB 0x0000000088400000| Untracked 
| 133|0x0000000088500000, 0x0000000088600000, 0x0000000088600000|100%| O|  |TAMS 0x0000000088500000| PB 0x0000000088500000| Untracked 
| 134|0x0000000088600000, 0x0000000088700000, 0x0000000088700000|100%| O|  |TAMS 0x0000000088600000| PB 0x0000000088600000| Untracked 
| 135|0x0000000088700000, 0x0000000088700000, 0x0000000088800000|  0%| F|  |TAMS 0x0000000088700000| PB 0x0000000088700000| Untracked 
| 136|0x0000000088800000, 0x0000000088900000, 0x0000000088900000|100%| O|Cm|TAMS 0x0000000088800000| PB 0x0000000088800000| Complete 
| 137|0x0000000088900000, 0x0000000088a00000, 0x0000000088a00000|100%| O|Cm|TAMS 0x0000000088900000| PB 0x0000000088900000| Complete 
| 138|0x0000000088a00000, 0x0000000088b00000, 0x0000000088b00000|100%| O|  |TAMS 0x0000000088a00000| PB 0x0000000088a00000| Untracked 
| 139|0x0000000088b00000, 0x0000000088c00000, 0x0000000088c00000|100%| O|  |TAMS 0x0000000088b00000| PB 0x0000000088b00000| Untracked 
| 140|0x0000000088c00000, 0x0000000088c00000, 0x0000000088d00000|  0%| F|  |TAMS 0x0000000088c00000| PB 0x0000000088c00000| Untracked 
| 141|0x0000000088d00000, 0x0000000088e00000, 0x0000000088e00000|100%| O|  |TAMS 0x0000000088d00000| PB 0x0000000088d00000| Untracked 
| 142|0x0000000088e00000, 0x0000000088f00000, 0x0000000088f00000|100%| O|  |TAMS 0x0000000088e00000| PB 0x0000000088e00000| Untracked 
| 143|0x0000000088f00000, 0x0000000088f00000, 0x0000000089000000|  0%| F|  |TAMS 0x0000000088f00000| PB 0x0000000088f00000| Untracked 
| 144|0x0000000089000000, 0x0000000089000000, 0x0000000089100000|  0%| F|  |TAMS 0x0000000089000000| PB 0x0000000089000000| Untracked 
| 145|0x0000000089100000, 0x0000000089200000, 0x0000000089200000|100%| O|Cm|TAMS 0x0000000089100000| PB 0x0000000089100000| Complete 
| 146|0x0000000089200000, 0x0000000089300000, 0x0000000089300000|100%| O|Cm|TAMS 0x0000000089200000| PB 0x0000000089200000| Complete 
| 147|0x0000000089300000, 0x0000000089400000, 0x0000000089400000|100%| O|  |TAMS 0x0000000089300000| PB 0x0000000089300000| Untracked 
| 148|0x0000000089400000, 0x0000000089400000, 0x0000000089500000|  0%| F|  |TAMS 0x0000000089400000| PB 0x0000000089400000| Untracked 
| 149|0x0000000089500000, 0x0000000089500000, 0x0000000089600000|  0%| F|  |TAMS 0x0000000089500000| PB 0x0000000089500000| Untracked 
| 150|0x0000000089600000, 0x0000000089600000, 0x0000000089700000|  0%| F|  |TAMS 0x0000000089600000| PB 0x0000000089600000| Untracked 
| 151|0x0000000089700000, 0x0000000089800000, 0x0000000089800000|100%| O|  |TAMS 0x0000000089700000| PB 0x0000000089700000| Untracked 
| 152|0x0000000089800000, 0x0000000089900000, 0x0000000089900000|100%| O|  |TAMS 0x0000000089800000| PB 0x0000000089800000| Untracked 
| 153|0x0000000089900000, 0x0000000089a00000, 0x0000000089a00000|100%| O|Cm|TAMS 0x0000000089900000| PB 0x0000000089900000| Complete 
| 154|0x0000000089a00000, 0x0000000089b00000, 0x0000000089b00000|100%| O|  |TAMS 0x0000000089a00000| PB 0x0000000089a00000| Untracked 
| 155|0x0000000089b00000, 0x0000000089c00000, 0x0000000089c00000|100%| O|Cm|TAMS 0x0000000089b00000| PB 0x0000000089b00000| Complete 
| 156|0x0000000089c00000, 0x0000000089d00000, 0x0000000089d00000|100%| O|  |TAMS 0x0000000089c00000| PB 0x0000000089c00000| Untracked 
| 157|0x0000000089d00000, 0x0000000089e00000, 0x0000000089e00000|100%| O|  |TAMS 0x0000000089d00000| PB 0x0000000089d00000| Untracked 
| 158|0x0000000089e00000, 0x0000000089e00000, 0x0000000089f00000|  0%| F|  |TAMS 0x0000000089e00000| PB 0x0000000089e00000| Untracked 
| 159|0x0000000089f00000, 0x000000008a000000, 0x000000008a000000|100%| O|  |TAMS 0x0000000089f00000| PB 0x0000000089f00000| Untracked 
| 160|0x000000008a000000, 0x000000008a000000, 0x000000008a100000|  0%| F|  |TAMS 0x000000008a000000| PB 0x000000008a000000| Untracked 
| 161|0x000000008a100000, 0x000000008a200000, 0x000000008a200000|100%| O|  |TAMS 0x000000008a100000| PB 0x000000008a100000| Untracked 
| 162|0x000000008a200000, 0x000000008a300000, 0x000000008a300000|100%| O|  |TAMS 0x000000008a200000| PB 0x000000008a200000| Untracked 
| 163|0x000000008a300000, 0x000000008a300000, 0x000000008a400000|  0%| F|  |TAMS 0x000000008a300000| PB 0x000000008a300000| Untracked 
| 164|0x000000008a400000, 0x000000008a400000, 0x000000008a500000|  0%| F|  |TAMS 0x000000008a400000| PB 0x000000008a400000| Untracked 
| 165|0x000000008a500000, 0x000000008a500000, 0x000000008a600000|  0%| F|  |TAMS 0x000000008a500000| PB 0x000000008a500000| Untracked 
| 166|0x000000008a600000, 0x000000008a600000, 0x000000008a700000|  0%| F|  |TAMS 0x000000008a600000| PB 0x000000008a600000| Untracked 
| 167|0x000000008a700000, 0x000000008a700000, 0x000000008a800000|  0%| F|  |TAMS 0x000000008a700000| PB 0x000000008a700000| Untracked 
| 168|0x000000008a800000, 0x000000008a900000, 0x000000008a900000|100%| O|  |TAMS 0x000000008a800000| PB 0x000000008a800000| Untracked 
| 169|0x000000008a900000, 0x000000008a900000, 0x000000008aa00000|  0%| F|  |TAMS 0x000000008a900000| PB 0x000000008a900000| Untracked 
| 170|0x000000008aa00000, 0x000000008aa00000, 0x000000008ab00000|  0%| F|  |TAMS 0x000000008aa00000| PB 0x000000008aa00000| Untracked 
| 171|0x000000008ab00000, 0x000000008ab00000, 0x000000008ac00000|  0%| F|  |TAMS 0x000000008ab00000| PB 0x000000008ab00000| Untracked 
| 172|0x000000008ac00000, 0x000000008ad00000, 0x000000008ad00000|100%| O|  |TAMS 0x000000008ac00000| PB 0x000000008ac00000| Untracked 
| 173|0x000000008ad00000, 0x000000008ad00000, 0x000000008ae00000|  0%| F|  |TAMS 0x000000008ad00000| PB 0x000000008ad00000| Untracked 
| 174|0x000000008ae00000, 0x000000008ae00000, 0x000000008af00000|  0%| F|  |TAMS 0x000000008ae00000| PB 0x000000008ae00000| Untracked 
| 175|0x000000008af00000, 0x000000008b000000, 0x000000008b000000|100%| O|  |TAMS 0x000000008af00000| PB 0x000000008af00000| Untracked 
| 176|0x000000008b000000, 0x000000008b000000, 0x000000008b100000|  0%| F|  |TAMS 0x000000008b000000| PB 0x000000008b000000| Untracked 
| 177|0x000000008b100000, 0x000000008b100000, 0x000000008b200000|  0%| F|  |TAMS 0x000000008b100000| PB 0x000000008b100000| Untracked 
| 178|0x000000008b200000, 0x000000008b200000, 0x000000008b300000|  0%| F|  |TAMS 0x000000008b200000| PB 0x000000008b200000| Untracked 
| 179|0x000000008b300000, 0x000000008b400000, 0x000000008b400000|100%| O|  |TAMS 0x000000008b300000| PB 0x000000008b300000| Untracked 
| 180|0x000000008b400000, 0x000000008b500000, 0x000000008b500000|100%| O|Cm|TAMS 0x000000008b400000| PB 0x000000008b400000| Complete 
| 181|0x000000008b500000, 0x000000008b500000, 0x000000008b600000|  0%| F|  |TAMS 0x000000008b500000| PB 0x000000008b500000| Untracked 
| 182|0x000000008b600000, 0x000000008b600000, 0x000000008b700000|  0%| F|  |TAMS 0x000000008b600000| PB 0x000000008b600000| Untracked 
| 183|0x000000008b700000, 0x000000008b700000, 0x000000008b800000|  0%| F|  |TAMS 0x000000008b700000| PB 0x000000008b700000| Untracked 
| 184|0x000000008b800000, 0x000000008b800000, 0x000000008b900000|  0%| F|  |TAMS 0x000000008b800000| PB 0x000000008b800000| Untracked 
| 185|0x000000008b900000, 0x000000008b900000, 0x000000008ba00000|  0%| F|  |TAMS 0x000000008b900000| PB 0x000000008b900000| Untracked 
| 186|0x000000008ba00000, 0x000000008ba00000, 0x000000008bb00000|  0%| F|  |TAMS 0x000000008ba00000| PB 0x000000008ba00000| Untracked 
| 187|0x000000008bb00000, 0x000000008bb00000, 0x000000008bc00000|  0%| F|  |TAMS 0x000000008bb00000| PB 0x000000008bb00000| Untracked 
| 188|0x000000008bc00000, 0x000000008bc00000, 0x000000008bd00000|  0%| F|  |TAMS 0x000000008bc00000| PB 0x000000008bc00000| Untracked 
| 189|0x000000008bd00000, 0x000000008bd00000, 0x000000008be00000|  0%| F|  |TAMS 0x000000008bd00000| PB 0x000000008bd00000| Untracked 
| 190|0x000000008be00000, 0x000000008bf00000, 0x000000008bf00000|100%| O|  |TAMS 0x000000008be00000| PB 0x000000008be00000| Untracked 
| 191|0x000000008bf00000, 0x000000008c000000, 0x000000008c000000|100%| O|  |TAMS 0x000000008bf00000| PB 0x000000008bf00000| Untracked 
| 192|0x000000008c000000, 0x000000008c000000, 0x000000008c100000|  0%| F|  |TAMS 0x000000008c000000| PB 0x000000008c000000| Untracked 
| 193|0x000000008c100000, 0x000000008c100000, 0x000000008c200000|  0%| F|  |TAMS 0x000000008c100000| PB 0x000000008c100000| Untracked 
| 194|0x000000008c200000, 0x000000008c300000, 0x000000008c300000|100%| O|  |TAMS 0x000000008c200000| PB 0x000000008c200000| Untracked 
| 195|0x000000008c300000, 0x000000008c400000, 0x000000008c400000|100%| O|  |TAMS 0x000000008c300000| PB 0x000000008c300000| Untracked 
| 196|0x000000008c400000, 0x000000008c400000, 0x000000008c500000|  0%| F|  |TAMS 0x000000008c400000| PB 0x000000008c400000| Untracked 
| 197|0x000000008c500000, 0x000000008c600000, 0x000000008c600000|100%| O|  |TAMS 0x000000008c500000| PB 0x000000008c500000| Untracked 
| 198|0x000000008c600000, 0x000000008c700000, 0x000000008c700000|100%| O|  |TAMS 0x000000008c600000| PB 0x000000008c600000| Untracked 
| 199|0x000000008c700000, 0x000000008c800000, 0x000000008c800000|100%| O|  |TAMS 0x000000008c700000| PB 0x000000008c700000| Untracked 
| 200|0x000000008c800000, 0x000000008c900000, 0x000000008c900000|100%| O|  |TAMS 0x000000008c800000| PB 0x000000008c800000| Untracked 
| 201|0x000000008c900000, 0x000000008c900000, 0x000000008ca00000|  0%| F|  |TAMS 0x000000008c900000| PB 0x000000008c900000| Untracked 
| 202|0x000000008ca00000, 0x000000008ca00000, 0x000000008cb00000|  0%| F|  |TAMS 0x000000008ca00000| PB 0x000000008ca00000| Untracked 
| 203|0x000000008cb00000, 0x000000008cc00000, 0x000000008cc00000|100%| O|  |TAMS 0x000000008cb00000| PB 0x000000008cb00000| Untracked 
| 204|0x000000008cc00000, 0x000000008cd00000, 0x000000008cd00000|100%| O|  |TAMS 0x000000008cc00000| PB 0x000000008cc00000| Untracked 
| 205|0x000000008cd00000, 0x000000008ce00000, 0x000000008ce00000|100%| O|  |TAMS 0x000000008cd00000| PB 0x000000008cd00000| Untracked 
| 206|0x000000008ce00000, 0x000000008cf00000, 0x000000008cf00000|100%| O|  |TAMS 0x000000008ce00000| PB 0x000000008ce00000| Untracked 
| 207|0x000000008cf00000, 0x000000008d000000, 0x000000008d000000|100%| O|  |TAMS 0x000000008cf00000| PB 0x000000008cf00000| Untracked 
| 208|0x000000008d000000, 0x000000008d100000, 0x000000008d100000|100%| O|Cm|TAMS 0x000000008d000000| PB 0x000000008d000000| Complete 
| 209|0x000000008d100000, 0x000000008d200000, 0x000000008d200000|100%| O|  |TAMS 0x000000008d100000| PB 0x000000008d100000| Untracked 
| 210|0x000000008d200000, 0x000000008d300000, 0x000000008d300000|100%| O|  |TAMS 0x000000008d200000| PB 0x000000008d200000| Untracked 
| 211|0x000000008d300000, 0x000000008d300000, 0x000000008d400000|  0%| F|  |TAMS 0x000000008d300000| PB 0x000000008d300000| Untracked 
| 212|0x000000008d400000, 0x000000008d400000, 0x000000008d500000|  0%| F|  |TAMS 0x000000008d400000| PB 0x000000008d400000| Untracked 
| 213|0x000000008d500000, 0x000000008d500000, 0x000000008d600000|  0%| F|  |TAMS 0x000000008d500000| PB 0x000000008d500000| Untracked 
| 214|0x000000008d600000, 0x000000008d700000, 0x000000008d700000|100%| O|  |TAMS 0x000000008d600000| PB 0x000000008d600000| Untracked 
| 215|0x000000008d700000, 0x000000008d700000, 0x000000008d800000|  0%| F|  |TAMS 0x000000008d700000| PB 0x000000008d700000| Untracked 
| 216|0x000000008d800000, 0x000000008d800000, 0x000000008d900000|  0%| F|  |TAMS 0x000000008d800000| PB 0x000000008d800000| Untracked 
| 217|0x000000008d900000, 0x000000008da00000, 0x000000008da00000|100%| O|  |TAMS 0x000000008d900000| PB 0x000000008d900000| Untracked 
| 218|0x000000008da00000, 0x000000008da00000, 0x000000008db00000|  0%| F|  |TAMS 0x000000008da00000| PB 0x000000008da00000| Untracked 
| 219|0x000000008db00000, 0x000000008dc00000, 0x000000008dc00000|100%| O|  |TAMS 0x000000008db00000| PB 0x000000008db00000| Untracked 
| 220|0x000000008dc00000, 0x000000008dc00000, 0x000000008dd00000|  0%| F|  |TAMS 0x000000008dc00000| PB 0x000000008dc00000| Untracked 
| 221|0x000000008dd00000, 0x000000008de00000, 0x000000008de00000|100%| O|  |TAMS 0x000000008dd00000| PB 0x000000008dd00000| Untracked 
| 222|0x000000008de00000, 0x000000008de00000, 0x000000008df00000|  0%| F|  |TAMS 0x000000008de00000| PB 0x000000008de00000| Untracked 
| 223|0x000000008df00000, 0x000000008df00000, 0x000000008e000000|  0%| F|  |TAMS 0x000000008df00000| PB 0x000000008df00000| Untracked 
| 224|0x000000008e000000, 0x000000008e000000, 0x000000008e100000|  0%| F|  |TAMS 0x000000008e000000| PB 0x000000008e000000| Untracked 
| 225|0x000000008e100000, 0x000000008e200000, 0x000000008e200000|100%| O|  |TAMS 0x000000008e100000| PB 0x000000008e100000| Untracked 
| 226|0x000000008e200000, 0x000000008e200000, 0x000000008e300000|  0%| F|  |TAMS 0x000000008e200000| PB 0x000000008e200000| Untracked 
| 227|0x000000008e300000, 0x000000008e300000, 0x000000008e400000|  0%| F|  |TAMS 0x000000008e300000| PB 0x000000008e300000| Untracked 
| 228|0x000000008e400000, 0x000000008e400000, 0x000000008e500000|  0%| F|  |TAMS 0x000000008e400000| PB 0x000000008e400000| Untracked 
| 229|0x000000008e500000, 0x000000008e600000, 0x000000008e600000|100%| O|  |TAMS 0x000000008e500000| PB 0x000000008e500000| Untracked 
| 230|0x000000008e600000, 0x000000008e700000, 0x000000008e700000|100%| O|  |TAMS 0x000000008e600000| PB 0x000000008e600000| Untracked 
| 231|0x000000008e700000, 0x000000008e800000, 0x000000008e800000|100%| O|  |TAMS 0x000000008e700000| PB 0x000000008e700000| Untracked 
| 232|0x000000008e800000, 0x000000008e900000, 0x000000008e900000|100%| O|  |TAMS 0x000000008e800000| PB 0x000000008e800000| Untracked 
| 233|0x000000008e900000, 0x000000008ea00000, 0x000000008ea00000|100%| O|  |TAMS 0x000000008e900000| PB 0x000000008e900000| Untracked 
| 234|0x000000008ea00000, 0x000000008eb00000, 0x000000008eb00000|100%| O|  |TAMS 0x000000008ea00000| PB 0x000000008ea00000| Untracked 
| 235|0x000000008eb00000, 0x000000008ec00000, 0x000000008ec00000|100%| O|  |TAMS 0x000000008eb00000| PB 0x000000008eb00000| Untracked 
| 236|0x000000008ec00000, 0x000000008ed00000, 0x000000008ed00000|100%| O|  |TAMS 0x000000008ec00000| PB 0x000000008ec00000| Untracked 
| 237|0x000000008ed00000, 0x000000008ee00000, 0x000000008ee00000|100%| O|  |TAMS 0x000000008ed00000| PB 0x000000008ed00000| Untracked 
| 238|0x000000008ee00000, 0x000000008ef00000, 0x000000008ef00000|100%| O|  |TAMS 0x000000008ee00000| PB 0x000000008ee00000| Untracked 
| 239|0x000000008ef00000, 0x000000008f000000, 0x000000008f000000|100%| O|  |TAMS 0x000000008ef00000| PB 0x000000008ef00000| Untracked 
| 240|0x000000008f000000, 0x000000008f100000, 0x000000008f100000|100%| O|  |TAMS 0x000000008f000000| PB 0x000000008f000000| Untracked 
| 241|0x000000008f100000, 0x000000008f200000, 0x000000008f200000|100%| O|  |TAMS 0x000000008f100000| PB 0x000000008f100000| Untracked 
| 242|0x000000008f200000, 0x000000008f300000, 0x000000008f300000|100%| O|  |TAMS 0x000000008f200000| PB 0x000000008f200000| Untracked 
| 243|0x000000008f300000, 0x000000008f400000, 0x000000008f400000|100%| O|  |TAMS 0x000000008f300000| PB 0x000000008f300000| Untracked 
| 244|0x000000008f400000, 0x000000008f500000, 0x000000008f500000|100%| O|  |TAMS 0x000000008f400000| PB 0x000000008f400000| Untracked 
| 245|0x000000008f500000, 0x000000008f600000, 0x000000008f600000|100%| O|  |TAMS 0x000000008f500000| PB 0x000000008f500000| Untracked 
| 246|0x000000008f600000, 0x000000008f700000, 0x000000008f700000|100%| O|  |TAMS 0x000000008f600000| PB 0x000000008f600000| Untracked 
| 247|0x000000008f700000, 0x000000008f800000, 0x000000008f800000|100%| O|  |TAMS 0x000000008f700000| PB 0x000000008f700000| Untracked 
| 248|0x000000008f800000, 0x000000008f900000, 0x000000008f900000|100%| O|  |TAMS 0x000000008f800000| PB 0x000000008f800000| Untracked 
| 249|0x000000008f900000, 0x000000008fa00000, 0x000000008fa00000|100%| O|  |TAMS 0x000000008f900000| PB 0x000000008f900000| Untracked 
| 250|0x000000008fa00000, 0x000000008fb00000, 0x000000008fb00000|100%| O|  |TAMS 0x000000008fa00000| PB 0x000000008fa00000| Untracked 
| 251|0x000000008fb00000, 0x000000008fc00000, 0x000000008fc00000|100%| O|  |TAMS 0x000000008fb00000| PB 0x000000008fb00000| Untracked 
| 252|0x000000008fc00000, 0x000000008fd00000, 0x000000008fd00000|100%| O|  |TAMS 0x000000008fc00000| PB 0x000000008fc00000| Untracked 
| 253|0x000000008fd00000, 0x000000008fe00000, 0x000000008fe00000|100%| O|  |TAMS 0x000000008fd00000| PB 0x000000008fd00000| Untracked 
| 254|0x000000008fe00000, 0x000000008ff00000, 0x000000008ff00000|100%| O|  |TAMS 0x000000008fe00000| PB 0x000000008fe00000| Untracked 
| 255|0x000000008ff00000, 0x0000000090000000, 0x0000000090000000|100%| O|Cm|TAMS 0x000000008ff00000| PB 0x000000008ff00000| Complete 
| 256|0x0000000090000000, 0x0000000090100000, 0x0000000090100000|100%| O|  |TAMS 0x0000000090000000| PB 0x0000000090000000| Untracked 
| 257|0x0000000090100000, 0x0000000090100000, 0x0000000090200000|  0%| F|  |TAMS 0x0000000090100000| PB 0x0000000090100000| Untracked 
| 258|0x0000000090200000, 0x0000000090200000, 0x0000000090300000|  0%| F|  |TAMS 0x0000000090200000| PB 0x0000000090200000| Untracked 
| 259|0x0000000090300000, 0x0000000090300000, 0x0000000090400000|  0%| F|  |TAMS 0x0000000090300000| PB 0x0000000090300000| Untracked 
| 260|0x0000000090400000, 0x0000000090400000, 0x0000000090500000|  0%| F|  |TAMS 0x0000000090400000| PB 0x0000000090400000| Untracked 
| 261|0x0000000090500000, 0x0000000090600000, 0x0000000090600000|100%| O|  |TAMS 0x0000000090500000| PB 0x0000000090500000| Untracked 
| 262|0x0000000090600000, 0x0000000090600000, 0x0000000090700000|  0%| F|  |TAMS 0x0000000090600000| PB 0x0000000090600000| Untracked 
| 263|0x0000000090700000, 0x0000000090700000, 0x0000000090800000|  0%| F|  |TAMS 0x0000000090700000| PB 0x0000000090700000| Untracked 
| 264|0x0000000090800000, 0x0000000090800000, 0x0000000090900000|  0%| F|  |TAMS 0x0000000090800000| PB 0x0000000090800000| Untracked 
| 265|0x0000000090900000, 0x0000000090900000, 0x0000000090a00000|  0%| F|  |TAMS 0x0000000090900000| PB 0x0000000090900000| Untracked 
| 266|0x0000000090a00000, 0x0000000090a00000, 0x0000000090b00000|  0%| F|  |TAMS 0x0000000090a00000| PB 0x0000000090a00000| Untracked 
| 267|0x0000000090b00000, 0x0000000090b00000, 0x0000000090c00000|  0%| F|  |TAMS 0x0000000090b00000| PB 0x0000000090b00000| Untracked 
| 268|0x0000000090c00000, 0x0000000090d00000, 0x0000000090d00000|100%| O|  |TAMS 0x0000000090c00000| PB 0x0000000090c00000| Untracked 
| 269|0x0000000090d00000, 0x0000000090e00000, 0x0000000090e00000|100%| O|Cm|TAMS 0x0000000090d00000| PB 0x0000000090d00000| Complete 
| 270|0x0000000090e00000, 0x0000000090e00000, 0x0000000090f00000|  0%| F|  |TAMS 0x0000000090e00000| PB 0x0000000090e00000| Untracked 
| 271|0x0000000090f00000, 0x0000000091000000, 0x0000000091000000|100%| O|  |TAMS 0x0000000090f00000| PB 0x0000000090f00000| Untracked 
| 272|0x0000000091000000, 0x0000000091000000, 0x0000000091100000|  0%| F|  |TAMS 0x0000000091000000| PB 0x0000000091000000| Untracked 
| 273|0x0000000091100000, 0x0000000091200000, 0x0000000091200000|100%| O|  |TAMS 0x0000000091100000| PB 0x0000000091100000| Untracked 
| 274|0x0000000091200000, 0x0000000091300000, 0x0000000091300000|100%| O|  |TAMS 0x0000000091200000| PB 0x0000000091200000| Untracked 
| 275|0x0000000091300000, 0x0000000091300000, 0x0000000091400000|  0%| F|  |TAMS 0x0000000091300000| PB 0x0000000091300000| Untracked 
| 276|0x0000000091400000, 0x0000000091500000, 0x0000000091500000|100%| O|Cm|TAMS 0x0000000091400000| PB 0x0000000091400000| Complete 
| 277|0x0000000091500000, 0x0000000091600000, 0x0000000091600000|100%| O|Cm|TAMS 0x0000000091500000| PB 0x0000000091500000| Complete 
| 278|0x0000000091600000, 0x0000000091600000, 0x0000000091700000|  0%| F|  |TAMS 0x0000000091600000| PB 0x0000000091600000| Untracked 
| 279|0x0000000091700000, 0x0000000091800000, 0x0000000091800000|100%| O|  |TAMS 0x0000000091700000| PB 0x0000000091700000| Untracked 
| 280|0x0000000091800000, 0x0000000091900000, 0x0000000091900000|100%| O|  |TAMS 0x0000000091800000| PB 0x0000000091800000| Untracked 
| 281|0x0000000091900000, 0x0000000091a00000, 0x0000000091a00000|100%| O|  |TAMS 0x0000000091900000| PB 0x0000000091900000| Untracked 
| 282|0x0000000091a00000, 0x0000000091b00000, 0x0000000091b00000|100%| O|  |TAMS 0x0000000091a00000| PB 0x0000000091a00000| Untracked 
| 283|0x0000000091b00000, 0x0000000091c00000, 0x0000000091c00000|100%| O|  |TAMS 0x0000000091b00000| PB 0x0000000091b00000| Untracked 
| 284|0x0000000091c00000, 0x0000000091d00000, 0x0000000091d00000|100%| O|  |TAMS 0x0000000091c00000| PB 0x0000000091c00000| Untracked 
| 285|0x0000000091d00000, 0x0000000091e00000, 0x0000000091e00000|100%| O|  |TAMS 0x0000000091d00000| PB 0x0000000091d00000| Untracked 
| 286|0x0000000091e00000, 0x0000000091f00000, 0x0000000091f00000|100%| O|  |TAMS 0x0000000091e00000| PB 0x0000000091e00000| Untracked 
| 287|0x0000000091f00000, 0x0000000092000000, 0x0000000092000000|100%| O|  |TAMS 0x0000000091f00000| PB 0x0000000091f00000| Untracked 
| 288|0x0000000092000000, 0x0000000092100000, 0x0000000092100000|100%| O|  |TAMS 0x0000000092000000| PB 0x0000000092000000| Untracked 
| 289|0x0000000092100000, 0x0000000092200000, 0x0000000092200000|100%| O|  |TAMS 0x0000000092100000| PB 0x0000000092100000| Untracked 
| 290|0x0000000092200000, 0x0000000092300000, 0x0000000092300000|100%| O|  |TAMS 0x0000000092200000| PB 0x0000000092200000| Untracked 
| 291|0x0000000092300000, 0x0000000092400000, 0x0000000092400000|100%| O|  |TAMS 0x0000000092300000| PB 0x0000000092300000| Untracked 
| 292|0x0000000092400000, 0x0000000092500000, 0x0000000092500000|100%| O|  |TAMS 0x0000000092400000| PB 0x0000000092400000| Untracked 
| 293|0x0000000092500000, 0x0000000092600000, 0x0000000092600000|100%| O|  |TAMS 0x0000000092500000| PB 0x0000000092500000| Untracked 
| 294|0x0000000092600000, 0x0000000092700000, 0x0000000092700000|100%| O|  |TAMS 0x0000000092600000| PB 0x0000000092600000| Untracked 
| 295|0x0000000092700000, 0x0000000092800000, 0x0000000092800000|100%| O|  |TAMS 0x0000000092700000| PB 0x0000000092700000| Untracked 
| 296|0x0000000092800000, 0x0000000092900000, 0x0000000092900000|100%| O|  |TAMS 0x0000000092800000| PB 0x0000000092800000| Untracked 
| 297|0x0000000092900000, 0x0000000092a00000, 0x0000000092a00000|100%| O|  |TAMS 0x0000000092900000| PB 0x0000000092900000| Untracked 
| 298|0x0000000092a00000, 0x0000000092b00000, 0x0000000092b00000|100%| O|  |TAMS 0x0000000092a00000| PB 0x0000000092a00000| Untracked 
| 299|0x0000000092b00000, 0x0000000092c00000, 0x0000000092c00000|100%| O|  |TAMS 0x0000000092b00000| PB 0x0000000092b00000| Untracked 
| 300|0x0000000092c00000, 0x0000000092d00000, 0x0000000092d00000|100%| O|Cm|TAMS 0x0000000092c00000| PB 0x0000000092c00000| Complete 
| 301|0x0000000092d00000, 0x0000000092e00000, 0x0000000092e00000|100%| O|  |TAMS 0x0000000092d00000| PB 0x0000000092d00000| Untracked 
| 302|0x0000000092e00000, 0x0000000092f00000, 0x0000000092f00000|100%| O|  |TAMS 0x0000000092e00000| PB 0x0000000092e00000| Untracked 
| 303|0x0000000092f00000, 0x0000000093000000, 0x0000000093000000|100%| O|  |TAMS 0x0000000092f00000| PB 0x0000000092f00000| Untracked 
| 304|0x0000000093000000, 0x0000000093100000, 0x0000000093100000|100%| O|  |TAMS 0x0000000093000000| PB 0x0000000093000000| Untracked 
| 305|0x0000000093100000, 0x0000000093200000, 0x0000000093200000|100%| O|  |TAMS 0x0000000093100000| PB 0x0000000093100000| Untracked 
| 306|0x0000000093200000, 0x0000000093300000, 0x0000000093300000|100%| O|  |TAMS 0x0000000093200000| PB 0x0000000093200000| Untracked 
| 307|0x0000000093300000, 0x0000000093400000, 0x0000000093400000|100%| O|  |TAMS 0x0000000093300000| PB 0x0000000093300000| Untracked 
| 308|0x0000000093400000, 0x0000000093500000, 0x0000000093500000|100%| O|  |TAMS 0x0000000093400000| PB 0x0000000093400000| Untracked 
| 309|0x0000000093500000, 0x0000000093500000, 0x0000000093600000|  0%| F|  |TAMS 0x0000000093500000| PB 0x0000000093500000| Untracked 
| 310|0x0000000093600000, 0x0000000093700000, 0x0000000093700000|100%| O|  |TAMS 0x0000000093600000| PB 0x0000000093600000| Untracked 
| 311|0x0000000093700000, 0x0000000093800000, 0x0000000093800000|100%| O|  |TAMS 0x0000000093700000| PB 0x0000000093700000| Untracked 
| 312|0x0000000093800000, 0x0000000093900000, 0x0000000093900000|100%| O|  |TAMS 0x0000000093800000| PB 0x0000000093800000| Untracked 
| 313|0x0000000093900000, 0x0000000093a00000, 0x0000000093a00000|100%| O|  |TAMS 0x0000000093900000| PB 0x0000000093900000| Untracked 
| 314|0x0000000093a00000, 0x0000000093b00000, 0x0000000093b00000|100%| O|Cm|TAMS 0x0000000093a00000| PB 0x0000000093a00000| Complete 
| 315|0x0000000093b00000, 0x0000000093c00000, 0x0000000093c00000|100%| O|  |TAMS 0x0000000093b00000| PB 0x0000000093b00000| Untracked 
| 316|0x0000000093c00000, 0x0000000093d00000, 0x0000000093d00000|100%| O|  |TAMS 0x0000000093c00000| PB 0x0000000093c00000| Untracked 
| 317|0x0000000093d00000, 0x0000000093e00000, 0x0000000093e00000|100%| O|  |TAMS 0x0000000093d00000| PB 0x0000000093d00000| Untracked 
| 318|0x0000000093e00000, 0x0000000093f00000, 0x0000000093f00000|100%| O|  |TAMS 0x0000000093e00000| PB 0x0000000093e00000| Untracked 
| 319|0x0000000093f00000, 0x0000000094000000, 0x0000000094000000|100%| O|  |TAMS 0x0000000093f00000| PB 0x0000000093f00000| Untracked 
| 320|0x0000000094000000, 0x0000000094100000, 0x0000000094100000|100%| O|  |TAMS 0x0000000094000000| PB 0x0000000094000000| Untracked 
| 321|0x0000000094100000, 0x0000000094200000, 0x0000000094200000|100%| O|  |TAMS 0x0000000094100000| PB 0x0000000094100000| Untracked 
| 322|0x0000000094200000, 0x0000000094300000, 0x0000000094300000|100%| O|  |TAMS 0x0000000094200000| PB 0x0000000094200000| Untracked 
| 323|0x0000000094300000, 0x0000000094400000, 0x0000000094400000|100%| O|  |TAMS 0x0000000094300000| PB 0x0000000094300000| Untracked 
| 324|0x0000000094400000, 0x0000000094500000, 0x0000000094500000|100%| O|Cm|TAMS 0x0000000094400000| PB 0x0000000094400000| Complete 
| 325|0x0000000094500000, 0x0000000094600000, 0x0000000094600000|100%| O|  |TAMS 0x0000000094500000| PB 0x0000000094500000| Untracked 
| 326|0x0000000094600000, 0x0000000094700000, 0x0000000094700000|100%| O|  |TAMS 0x0000000094600000| PB 0x0000000094600000| Untracked 
| 327|0x0000000094700000, 0x0000000094800000, 0x0000000094800000|100%| O|  |TAMS 0x0000000094700000| PB 0x0000000094700000| Untracked 
| 328|0x0000000094800000, 0x0000000094900000, 0x0000000094900000|100%| O|  |TAMS 0x0000000094800000| PB 0x0000000094800000| Untracked 
| 329|0x0000000094900000, 0x0000000094a00000, 0x0000000094a00000|100%| O|  |TAMS 0x0000000094900000| PB 0x0000000094900000| Untracked 
| 330|0x0000000094a00000, 0x0000000094b00000, 0x0000000094b00000|100%| O|  |TAMS 0x0000000094a00000| PB 0x0000000094a00000| Untracked 
| 331|0x0000000094b00000, 0x0000000094c00000, 0x0000000094c00000|100%| O|  |TAMS 0x0000000094b00000| PB 0x0000000094b00000| Untracked 
| 332|0x0000000094c00000, 0x0000000094d00000, 0x0000000094d00000|100%| O|  |TAMS 0x0000000094c00000| PB 0x0000000094c00000| Untracked 
| 333|0x0000000094d00000, 0x0000000094e00000, 0x0000000094e00000|100%| O|  |TAMS 0x0000000094d00000| PB 0x0000000094d00000| Untracked 
| 334|0x0000000094e00000, 0x0000000094f00000, 0x0000000094f00000|100%| O|  |TAMS 0x0000000094e00000| PB 0x0000000094e00000| Untracked 
| 335|0x0000000094f00000, 0x0000000094f00000, 0x0000000095000000|  0%| F|  |TAMS 0x0000000094f00000| PB 0x0000000094f00000| Untracked 
| 336|0x0000000095000000, 0x0000000095100000, 0x0000000095100000|100%| O|  |TAMS 0x0000000095000000| PB 0x0000000095000000| Untracked 
| 337|0x0000000095100000, 0x0000000095200000, 0x0000000095200000|100%| O|  |TAMS 0x0000000095100000| PB 0x0000000095100000| Untracked 
| 338|0x0000000095200000, 0x0000000095300000, 0x0000000095300000|100%| O|  |TAMS 0x0000000095200000| PB 0x0000000095200000| Untracked 
| 339|0x0000000095300000, 0x0000000095400000, 0x0000000095400000|100%| O|  |TAMS 0x0000000095300000| PB 0x0000000095300000| Untracked 
| 340|0x0000000095400000, 0x0000000095500000, 0x0000000095500000|100%| O|  |TAMS 0x0000000095400000| PB 0x0000000095400000| Untracked 
| 341|0x0000000095500000, 0x0000000095500000, 0x0000000095600000|  0%| F|  |TAMS 0x0000000095500000| PB 0x0000000095500000| Untracked 
| 342|0x0000000095600000, 0x0000000095700000, 0x0000000095700000|100%| O|  |TAMS 0x0000000095600000| PB 0x0000000095600000| Untracked 
| 343|0x0000000095700000, 0x0000000095800000, 0x0000000095800000|100%| O|  |TAMS 0x0000000095700000| PB 0x0000000095700000| Untracked 
| 344|0x0000000095800000, 0x0000000095900000, 0x0000000095900000|100%| O|  |TAMS 0x0000000095800000| PB 0x0000000095800000| Untracked 
| 345|0x0000000095900000, 0x0000000095a00000, 0x0000000095a00000|100%| O|  |TAMS 0x0000000095900000| PB 0x0000000095900000| Untracked 
| 346|0x0000000095a00000, 0x0000000095b00000, 0x0000000095b00000|100%| O|  |TAMS 0x0000000095a00000| PB 0x0000000095a00000| Untracked 
| 347|0x0000000095b00000, 0x0000000095c00000, 0x0000000095c00000|100%| O|  |TAMS 0x0000000095b00000| PB 0x0000000095b00000| Untracked 
| 348|0x0000000095c00000, 0x0000000095d00000, 0x0000000095d00000|100%| O|  |TAMS 0x0000000095c00000| PB 0x0000000095c00000| Untracked 
| 349|0x0000000095d00000, 0x0000000095e00000, 0x0000000095e00000|100%| O|  |TAMS 0x0000000095d00000| PB 0x0000000095d00000| Untracked 
| 350|0x0000000095e00000, 0x0000000095f00000, 0x0000000095f00000|100%| O|  |TAMS 0x0000000095e00000| PB 0x0000000095e00000| Untracked 
| 351|0x0000000095f00000, 0x0000000096000000, 0x0000000096000000|100%| O|  |TAMS 0x0000000095f00000| PB 0x0000000095f00000| Untracked 
| 352|0x0000000096000000, 0x0000000096100000, 0x0000000096100000|100%| O|  |TAMS 0x0000000096000000| PB 0x0000000096000000| Untracked 
| 353|0x0000000096100000, 0x0000000096200000, 0x0000000096200000|100%| O|  |TAMS 0x0000000096100000| PB 0x0000000096100000| Untracked 
| 354|0x0000000096200000, 0x0000000096300000, 0x0000000096300000|100%| O|  |TAMS 0x0000000096200000| PB 0x0000000096200000| Untracked 
| 355|0x0000000096300000, 0x0000000096400000, 0x0000000096400000|100%| O|  |TAMS 0x0000000096300000| PB 0x0000000096300000| Untracked 
| 356|0x0000000096400000, 0x0000000096500000, 0x0000000096500000|100%| O|  |TAMS 0x0000000096400000| PB 0x0000000096400000| Untracked 
| 357|0x0000000096500000, 0x0000000096600000, 0x0000000096600000|100%| O|  |TAMS 0x0000000096500000| PB 0x0000000096500000| Untracked 
| 358|0x0000000096600000, 0x0000000096700000, 0x0000000096700000|100%| O|  |TAMS 0x0000000096600000| PB 0x0000000096600000| Untracked 
| 359|0x0000000096700000, 0x0000000096800000, 0x0000000096800000|100%| O|  |TAMS 0x0000000096700000| PB 0x0000000096700000| Untracked 
| 360|0x0000000096800000, 0x0000000096900000, 0x0000000096900000|100%| O|  |TAMS 0x0000000096800000| PB 0x0000000096800000| Untracked 
| 361|0x0000000096900000, 0x0000000096a00000, 0x0000000096a00000|100%| O|  |TAMS 0x0000000096900000| PB 0x0000000096900000| Untracked 
| 362|0x0000000096a00000, 0x0000000096b00000, 0x0000000096b00000|100%| O|  |TAMS 0x0000000096a00000| PB 0x0000000096a00000| Untracked 
| 363|0x0000000096b00000, 0x0000000096c00000, 0x0000000096c00000|100%| O|  |TAMS 0x0000000096b00000| PB 0x0000000096b00000| Untracked 
| 364|0x0000000096c00000, 0x0000000096d00000, 0x0000000096d00000|100%| O|  |TAMS 0x0000000096c00000| PB 0x0000000096c00000| Untracked 
| 365|0x0000000096d00000, 0x0000000096e00000, 0x0000000096e00000|100%| O|  |TAMS 0x0000000096d00000| PB 0x0000000096d00000| Untracked 
| 366|0x0000000096e00000, 0x0000000096f00000, 0x0000000096f00000|100%| O|  |TAMS 0x0000000096e00000| PB 0x0000000096e00000| Untracked 
| 367|0x0000000096f00000, 0x0000000097000000, 0x0000000097000000|100%| O|  |TAMS 0x0000000096f00000| PB 0x0000000096f00000| Untracked 
| 368|0x0000000097000000, 0x0000000097100000, 0x0000000097100000|100%| O|  |TAMS 0x0000000097000000| PB 0x0000000097000000| Untracked 
| 369|0x0000000097100000, 0x0000000097200000, 0x0000000097200000|100%| O|  |TAMS 0x0000000097100000| PB 0x0000000097100000| Untracked 
| 370|0x0000000097200000, 0x0000000097300000, 0x0000000097300000|100%| O|  |TAMS 0x0000000097200000| PB 0x0000000097200000| Untracked 
| 371|0x0000000097300000, 0x0000000097400000, 0x0000000097400000|100%| O|  |TAMS 0x0000000097300000| PB 0x0000000097300000| Untracked 
| 372|0x0000000097400000, 0x0000000097500000, 0x0000000097500000|100%| O|  |TAMS 0x0000000097400000| PB 0x0000000097400000| Untracked 
| 373|0x0000000097500000, 0x0000000097600000, 0x0000000097600000|100%| O|  |TAMS 0x0000000097500000| PB 0x0000000097500000| Untracked 
| 374|0x0000000097600000, 0x0000000097700000, 0x0000000097700000|100%| O|  |TAMS 0x0000000097600000| PB 0x0000000097600000| Untracked 
| 375|0x0000000097700000, 0x0000000097800000, 0x0000000097800000|100%| O|  |TAMS 0x0000000097700000| PB 0x0000000097700000| Untracked 
| 376|0x0000000097800000, 0x0000000097900000, 0x0000000097900000|100%| O|  |TAMS 0x0000000097800000| PB 0x0000000097800000| Untracked 
| 377|0x0000000097900000, 0x0000000097a00000, 0x0000000097a00000|100%| O|  |TAMS 0x0000000097900000| PB 0x0000000097900000| Untracked 
| 378|0x0000000097a00000, 0x0000000097b00000, 0x0000000097b00000|100%| O|  |TAMS 0x0000000097a00000| PB 0x0000000097a00000| Untracked 
| 379|0x0000000097b00000, 0x0000000097c00000, 0x0000000097c00000|100%| O|  |TAMS 0x0000000097b00000| PB 0x0000000097b00000| Untracked 
| 380|0x0000000097c00000, 0x0000000097d00000, 0x0000000097d00000|100%| O|  |TAMS 0x0000000097c00000| PB 0x0000000097c00000| Untracked 
| 381|0x0000000097d00000, 0x0000000097e00000, 0x0000000097e00000|100%| O|  |TAMS 0x0000000097d00000| PB 0x0000000097d00000| Untracked 
| 382|0x0000000097e00000, 0x0000000097f00000, 0x0000000097f00000|100%| O|  |TAMS 0x0000000097e00000| PB 0x0000000097e00000| Untracked 
| 383|0x0000000097f00000, 0x0000000098000000, 0x0000000098000000|100%| O|  |TAMS 0x0000000097f00000| PB 0x0000000097f00000| Untracked 
| 384|0x0000000098000000, 0x0000000098100000, 0x0000000098100000|100%| O|  |TAMS 0x0000000098000000| PB 0x0000000098000000| Untracked 
| 385|0x0000000098100000, 0x0000000098200000, 0x0000000098200000|100%| O|  |TAMS 0x0000000098100000| PB 0x0000000098100000| Untracked 
| 386|0x0000000098200000, 0x0000000098300000, 0x0000000098300000|100%| O|  |TAMS 0x0000000098200000| PB 0x0000000098200000| Untracked 
| 387|0x0000000098300000, 0x0000000098400000, 0x0000000098400000|100%| O|  |TAMS 0x0000000098300000| PB 0x0000000098300000| Untracked 
| 388|0x0000000098400000, 0x0000000098500000, 0x0000000098500000|100%| O|  |TAMS 0x0000000098400000| PB 0x0000000098400000| Untracked 
| 389|0x0000000098500000, 0x0000000098600000, 0x0000000098600000|100%| O|  |TAMS 0x0000000098500000| PB 0x0000000098500000| Untracked 
| 390|0x0000000098600000, 0x0000000098700000, 0x0000000098700000|100%| O|  |TAMS 0x0000000098600000| PB 0x0000000098600000| Untracked 
| 391|0x0000000098700000, 0x0000000098800000, 0x0000000098800000|100%| O|  |TAMS 0x0000000098700000| PB 0x0000000098700000| Untracked 
| 392|0x0000000098800000, 0x0000000098900000, 0x0000000098900000|100%| O|  |TAMS 0x0000000098800000| PB 0x0000000098800000| Untracked 
| 393|0x0000000098900000, 0x0000000098a00000, 0x0000000098a00000|100%| O|  |TAMS 0x0000000098900000| PB 0x0000000098900000| Untracked 
| 394|0x0000000098a00000, 0x0000000098b00000, 0x0000000098b00000|100%| O|  |TAMS 0x0000000098a00000| PB 0x0000000098a00000| Untracked 
| 395|0x0000000098b00000, 0x0000000098c00000, 0x0000000098c00000|100%| O|  |TAMS 0x0000000098b00000| PB 0x0000000098b00000| Untracked 
| 396|0x0000000098c00000, 0x0000000098d00000, 0x0000000098d00000|100%| O|  |TAMS 0x0000000098c00000| PB 0x0000000098c00000| Untracked 
| 397|0x0000000098d00000, 0x0000000098e00000, 0x0000000098e00000|100%| O|  |TAMS 0x0000000098d00000| PB 0x0000000098d00000| Untracked 
| 398|0x0000000098e00000, 0x0000000098f00000, 0x0000000098f00000|100%| O|  |TAMS 0x0000000098e00000| PB 0x0000000098e00000| Untracked 
| 399|0x0000000098f00000, 0x0000000099000000, 0x0000000099000000|100%| O|  |TAMS 0x0000000098f00000| PB 0x0000000098f00000| Untracked 
| 400|0x0000000099000000, 0x0000000099100000, 0x0000000099100000|100%| O|  |TAMS 0x0000000099000000| PB 0x0000000099000000| Untracked 
| 401|0x0000000099100000, 0x0000000099200000, 0x0000000099200000|100%| O|  |TAMS 0x0000000099100000| PB 0x0000000099100000| Untracked 
| 402|0x0000000099200000, 0x0000000099300000, 0x0000000099300000|100%| O|  |TAMS 0x0000000099200000| PB 0x0000000099200000| Untracked 
| 403|0x0000000099300000, 0x0000000099400000, 0x0000000099400000|100%| O|  |TAMS 0x0000000099300000| PB 0x0000000099300000| Untracked 
| 404|0x0000000099400000, 0x0000000099400000, 0x0000000099500000|  0%| F|  |TAMS 0x0000000099400000| PB 0x0000000099400000| Untracked 
| 405|0x0000000099500000, 0x0000000099500000, 0x0000000099600000|  0%| F|  |TAMS 0x0000000099500000| PB 0x0000000099500000| Untracked 
| 406|0x0000000099600000, 0x0000000099600000, 0x0000000099700000|  0%| F|  |TAMS 0x0000000099600000| PB 0x0000000099600000| Untracked 
| 407|0x0000000099700000, 0x0000000099700000, 0x0000000099800000|  0%| F|  |TAMS 0x0000000099700000| PB 0x0000000099700000| Untracked 
| 408|0x0000000099800000, 0x0000000099800000, 0x0000000099900000|  0%| F|  |TAMS 0x0000000099800000| PB 0x0000000099800000| Untracked 
| 409|0x0000000099900000, 0x0000000099900000, 0x0000000099a00000|  0%| F|  |TAMS 0x0000000099900000| PB 0x0000000099900000| Untracked 
| 410|0x0000000099a00000, 0x0000000099a00000, 0x0000000099b00000|  0%| F|  |TAMS 0x0000000099a00000| PB 0x0000000099a00000| Untracked 
| 411|0x0000000099b00000, 0x0000000099b00000, 0x0000000099c00000|  0%| F|  |TAMS 0x0000000099b00000| PB 0x0000000099b00000| Untracked 
| 412|0x0000000099c00000, 0x0000000099c00000, 0x0000000099d00000|  0%| F|  |TAMS 0x0000000099c00000| PB 0x0000000099c00000| Untracked 
| 413|0x0000000099d00000, 0x0000000099d00000, 0x0000000099e00000|  0%| F|  |TAMS 0x0000000099d00000| PB 0x0000000099d00000| Untracked 
| 414|0x0000000099e00000, 0x0000000099e00000, 0x0000000099f00000|  0%| F|  |TAMS 0x0000000099e00000| PB 0x0000000099e00000| Untracked 
| 415|0x0000000099f00000, 0x0000000099f00000, 0x000000009a000000|  0%| F|  |TAMS 0x0000000099f00000| PB 0x0000000099f00000| Untracked 
| 416|0x000000009a000000, 0x000000009a000000, 0x000000009a100000|  0%| F|  |TAMS 0x000000009a000000| PB 0x000000009a000000| Untracked 
| 417|0x000000009a100000, 0x000000009a100000, 0x000000009a200000|  0%| F|  |TAMS 0x000000009a100000| PB 0x000000009a100000| Untracked 
| 418|0x000000009a200000, 0x000000009a200000, 0x000000009a300000|  0%| F|  |TAMS 0x000000009a200000| PB 0x000000009a200000| Untracked 
| 419|0x000000009a300000, 0x000000009a300000, 0x000000009a400000|  0%| F|  |TAMS 0x000000009a300000| PB 0x000000009a300000| Untracked 
| 420|0x000000009a400000, 0x000000009a400000, 0x000000009a500000|  0%| F|  |TAMS 0x000000009a400000| PB 0x000000009a400000| Untracked 
| 421|0x000000009a500000, 0x000000009a500000, 0x000000009a600000|  0%| F|  |TAMS 0x000000009a500000| PB 0x000000009a500000| Untracked 
| 422|0x000000009a600000, 0x000000009a600000, 0x000000009a700000|  0%| F|  |TAMS 0x000000009a600000| PB 0x000000009a600000| Untracked 
| 423|0x000000009a700000, 0x000000009a700000, 0x000000009a800000|  0%| F|  |TAMS 0x000000009a700000| PB 0x000000009a700000| Untracked 
| 424|0x000000009a800000, 0x000000009a800000, 0x000000009a900000|  0%| F|  |TAMS 0x000000009a800000| PB 0x000000009a800000| Untracked 
| 425|0x000000009a900000, 0x000000009a900000, 0x000000009aa00000|  0%| F|  |TAMS 0x000000009a900000| PB 0x000000009a900000| Untracked 
| 426|0x000000009aa00000, 0x000000009aa00000, 0x000000009ab00000|  0%| F|  |TAMS 0x000000009aa00000| PB 0x000000009aa00000| Untracked 
| 427|0x000000009ab00000, 0x000000009ab00000, 0x000000009ac00000|  0%| F|  |TAMS 0x000000009ab00000| PB 0x000000009ab00000| Untracked 
| 428|0x000000009ac00000, 0x000000009ac00000, 0x000000009ad00000|  0%| F|  |TAMS 0x000000009ac00000| PB 0x000000009ac00000| Untracked 
| 429|0x000000009ad00000, 0x000000009ad00000, 0x000000009ae00000|  0%| F|  |TAMS 0x000000009ad00000| PB 0x000000009ad00000| Untracked 
| 430|0x000000009ae00000, 0x000000009ae00000, 0x000000009af00000|  0%| F|  |TAMS 0x000000009ae00000| PB 0x000000009ae00000| Untracked 
| 431|0x000000009af00000, 0x000000009af00000, 0x000000009b000000|  0%| F|  |TAMS 0x000000009af00000| PB 0x000000009af00000| Untracked 
| 432|0x000000009b000000, 0x000000009b000000, 0x000000009b100000|  0%| F|  |TAMS 0x000000009b000000| PB 0x000000009b000000| Untracked 
| 433|0x000000009b100000, 0x000000009b100000, 0x000000009b200000|  0%| F|  |TAMS 0x000000009b100000| PB 0x000000009b100000| Untracked 
| 434|0x000000009b200000, 0x000000009b200000, 0x000000009b300000|  0%| F|  |TAMS 0x000000009b200000| PB 0x000000009b200000| Untracked 
| 435|0x000000009b300000, 0x000000009b300000, 0x000000009b400000|  0%| F|  |TAMS 0x000000009b300000| PB 0x000000009b300000| Untracked 
| 436|0x000000009b400000, 0x000000009b400000, 0x000000009b500000|  0%| F|  |TAMS 0x000000009b400000| PB 0x000000009b400000| Untracked 
| 437|0x000000009b500000, 0x000000009b500000, 0x000000009b600000|  0%| F|  |TAMS 0x000000009b500000| PB 0x000000009b500000| Untracked 
| 438|0x000000009b600000, 0x000000009b600000, 0x000000009b700000|  0%| F|  |TAMS 0x000000009b600000| PB 0x000000009b600000| Untracked 
| 439|0x000000009b700000, 0x000000009b700000, 0x000000009b800000|  0%| F|  |TAMS 0x000000009b700000| PB 0x000000009b700000| Untracked 
| 440|0x000000009b800000, 0x000000009b800000, 0x000000009b900000|  0%| F|  |TAMS 0x000000009b800000| PB 0x000000009b800000| Untracked 
| 441|0x000000009b900000, 0x000000009b900000, 0x000000009ba00000|  0%| F|  |TAMS 0x000000009b900000| PB 0x000000009b900000| Untracked 
| 442|0x000000009ba00000, 0x000000009bb00000, 0x000000009bb00000|100%| O|  |TAMS 0x000000009ba00000| PB 0x000000009ba00000| Untracked 
| 443|0x000000009bb00000, 0x000000009bc00000, 0x000000009bc00000|100%| O|  |TAMS 0x000000009bb00000| PB 0x000000009bb00000| Untracked 
| 444|0x000000009bc00000, 0x000000009bc00000, 0x000000009bd00000|  0%| F|  |TAMS 0x000000009bc00000| PB 0x000000009bc00000| Untracked 
| 445|0x000000009bd00000, 0x000000009bd00000, 0x000000009be00000|  0%| F|  |TAMS 0x000000009bd00000| PB 0x000000009bd00000| Untracked 
| 446|0x000000009be00000, 0x000000009be00000, 0x000000009bf00000|  0%| F|  |TAMS 0x000000009be00000| PB 0x000000009be00000| Untracked 
| 447|0x000000009bf00000, 0x000000009bf00000, 0x000000009c000000|  0%| F|  |TAMS 0x000000009bf00000| PB 0x000000009bf00000| Untracked 
| 448|0x000000009c000000, 0x000000009c100000, 0x000000009c100000|100%| S|CS|TAMS 0x000000009c000000| PB 0x000000009c000000| Complete 
| 449|0x000000009c100000, 0x000000009c200000, 0x000000009c200000|100%| S|CS|TAMS 0x000000009c100000| PB 0x000000009c100000| Complete 
| 450|0x000000009c200000, 0x000000009c300000, 0x000000009c300000|100%| S|CS|TAMS 0x000000009c200000| PB 0x000000009c200000| Complete 
| 451|0x000000009c300000, 0x000000009c400000, 0x000000009c400000|100%| S|CS|TAMS 0x000000009c300000| PB 0x000000009c300000| Complete 
| 452|0x000000009c400000, 0x000000009c500000, 0x000000009c500000|100%| S|CS|TAMS 0x000000009c400000| PB 0x000000009c400000| Complete 
| 453|0x000000009c500000, 0x000000009c600000, 0x000000009c600000|100%| S|CS|TAMS 0x000000009c500000| PB 0x000000009c500000| Complete 
| 454|0x000000009c600000, 0x000000009c700000, 0x000000009c700000|100%| S|CS|TAMS 0x000000009c600000| PB 0x000000009c600000| Complete 
| 455|0x000000009c700000, 0x000000009c800000, 0x000000009c800000|100%| S|CS|TAMS 0x000000009c700000| PB 0x000000009c700000| Complete 
| 456|0x000000009c800000, 0x000000009c900000, 0x000000009c900000|100%| S|CS|TAMS 0x000000009c800000| PB 0x000000009c800000| Complete 
| 457|0x000000009c900000, 0x000000009ca00000, 0x000000009ca00000|100%| S|CS|TAMS 0x000000009c900000| PB 0x000000009c900000| Complete 
| 458|0x000000009ca00000, 0x000000009cb00000, 0x000000009cb00000|100%| S|CS|TAMS 0x000000009ca00000| PB 0x000000009ca00000| Complete 
| 459|0x000000009cb00000, 0x000000009cc00000, 0x000000009cc00000|100%| S|CS|TAMS 0x000000009cb00000| PB 0x000000009cb00000| Complete 
| 460|0x000000009cc00000, 0x000000009cd00000, 0x000000009cd00000|100%| S|CS|TAMS 0x000000009cc00000| PB 0x000000009cc00000| Complete 
| 461|0x000000009cd00000, 0x000000009ce00000, 0x000000009ce00000|100%| S|CS|TAMS 0x000000009cd00000| PB 0x000000009cd00000| Complete 
| 462|0x000000009ce00000, 0x000000009cf00000, 0x000000009cf00000|100%| S|CS|TAMS 0x000000009ce00000| PB 0x000000009ce00000| Complete 
| 463|0x000000009cf00000, 0x000000009d000000, 0x000000009d000000|100%| S|CS|TAMS 0x000000009cf00000| PB 0x000000009cf00000| Complete 
| 464|0x000000009d000000, 0x000000009d100000, 0x000000009d100000|100%| S|CS|TAMS 0x000000009d000000| PB 0x000000009d000000| Complete 
| 465|0x000000009d100000, 0x000000009d200000, 0x000000009d200000|100%| S|CS|TAMS 0x000000009d100000| PB 0x000000009d100000| Complete 
| 466|0x000000009d200000, 0x000000009d300000, 0x000000009d300000|100%| S|CS|TAMS 0x000000009d200000| PB 0x000000009d200000| Complete 
| 467|0x000000009d300000, 0x000000009d400000, 0x000000009d400000|100%| S|CS|TAMS 0x000000009d300000| PB 0x000000009d300000| Complete 
| 468|0x000000009d400000, 0x000000009d500000, 0x000000009d500000|100%| S|CS|TAMS 0x000000009d400000| PB 0x000000009d400000| Complete 
| 469|0x000000009d500000, 0x000000009d600000, 0x000000009d600000|100%| S|CS|TAMS 0x000000009d500000| PB 0x000000009d500000| Complete 
| 470|0x000000009d600000, 0x000000009d700000, 0x000000009d700000|100%| S|CS|TAMS 0x000000009d600000| PB 0x000000009d600000| Complete 
| 471|0x000000009d700000, 0x000000009d800000, 0x000000009d800000|100%| S|CS|TAMS 0x000000009d700000| PB 0x000000009d700000| Complete 
| 472|0x000000009d800000, 0x000000009d900000, 0x000000009d900000|100%| S|CS|TAMS 0x000000009d800000| PB 0x000000009d800000| Complete 
| 473|0x000000009d900000, 0x000000009da00000, 0x000000009da00000|100%| S|CS|TAMS 0x000000009d900000| PB 0x000000009d900000| Complete 
| 474|0x000000009da00000, 0x000000009db00000, 0x000000009db00000|100%| S|CS|TAMS 0x000000009da00000| PB 0x000000009da00000| Complete 
| 475|0x000000009db00000, 0x000000009dc00000, 0x000000009dc00000|100%| S|CS|TAMS 0x000000009db00000| PB 0x000000009db00000| Complete 
| 476|0x000000009dc00000, 0x000000009dd00000, 0x000000009dd00000|100%| S|CS|TAMS 0x000000009dc00000| PB 0x000000009dc00000| Complete 
| 477|0x000000009dd00000, 0x000000009de00000, 0x000000009de00000|100%| S|CS|TAMS 0x000000009dd00000| PB 0x000000009dd00000| Complete 
| 478|0x000000009de00000, 0x000000009df00000, 0x000000009df00000|100%| S|CS|TAMS 0x000000009de00000| PB 0x000000009de00000| Complete 
| 479|0x000000009df00000, 0x000000009e000000, 0x000000009e000000|100%| S|CS|TAMS 0x000000009df00000| PB 0x000000009df00000| Complete 
| 480|0x000000009e000000, 0x000000009e100000, 0x000000009e100000|100%| S|CS|TAMS 0x000000009e000000| PB 0x000000009e000000| Complete 
| 481|0x000000009e100000, 0x000000009e100000, 0x000000009e200000|  0%| F|  |TAMS 0x000000009e100000| PB 0x000000009e100000| Untracked 
| 482|0x000000009e200000, 0x000000009e200000, 0x000000009e300000|  0%| F|  |TAMS 0x000000009e200000| PB 0x000000009e200000| Untracked 
| 483|0x000000009e300000, 0x000000009e300000, 0x000000009e400000|  0%| F|  |TAMS 0x000000009e300000| PB 0x000000009e300000| Untracked 
| 484|0x000000009e400000, 0x000000009e400000, 0x000000009e500000|  0%| F|  |TAMS 0x000000009e400000| PB 0x000000009e400000| Untracked 
| 485|0x000000009e500000, 0x000000009e500000, 0x000000009e600000|  0%| F|  |TAMS 0x000000009e500000| PB 0x000000009e500000| Untracked 
| 486|0x000000009e600000, 0x000000009e600000, 0x000000009e700000|  0%| F|  |TAMS 0x000000009e600000| PB 0x000000009e600000| Untracked 
| 487|0x000000009e700000, 0x000000009e700000, 0x000000009e800000|  0%| F|  |TAMS 0x000000009e700000| PB 0x000000009e700000| Untracked 
| 488|0x000000009e800000, 0x000000009e800000, 0x000000009e900000|  0%| F|  |TAMS 0x000000009e800000| PB 0x000000009e800000| Untracked 
| 489|0x000000009e900000, 0x000000009e900000, 0x000000009ea00000|  0%| F|  |TAMS 0x000000009e900000| PB 0x000000009e900000| Untracked 
| 490|0x000000009ea00000, 0x000000009ea00000, 0x000000009eb00000|  0%| F|  |TAMS 0x000000009ea00000| PB 0x000000009ea00000| Untracked 
| 491|0x000000009eb00000, 0x000000009eb00000, 0x000000009ec00000|  0%| F|  |TAMS 0x000000009eb00000| PB 0x000000009eb00000| Untracked 
| 492|0x000000009ec00000, 0x000000009ec00000, 0x000000009ed00000|  0%| F|  |TAMS 0x000000009ec00000| PB 0x000000009ec00000| Untracked 
| 493|0x000000009ed00000, 0x000000009ed00000, 0x000000009ee00000|  0%| F|  |TAMS 0x000000009ed00000| PB 0x000000009ed00000| Untracked 
| 494|0x000000009ee00000, 0x000000009ee00000, 0x000000009ef00000|  0%| F|  |TAMS 0x000000009ee00000| PB 0x000000009ee00000| Untracked 
| 495|0x000000009ef00000, 0x000000009ef00000, 0x000000009f000000|  0%| F|  |TAMS 0x000000009ef00000| PB 0x000000009ef00000| Untracked 
| 496|0x000000009f000000, 0x000000009f000000, 0x000000009f100000|  0%| F|  |TAMS 0x000000009f000000| PB 0x000000009f000000| Untracked 
| 497|0x000000009f100000, 0x000000009f100000, 0x000000009f200000|  0%| F|  |TAMS 0x000000009f100000| PB 0x000000009f100000| Untracked 
| 498|0x000000009f200000, 0x000000009f200000, 0x000000009f300000|  0%| F|  |TAMS 0x000000009f200000| PB 0x000000009f200000| Untracked 
| 499|0x000000009f300000, 0x000000009f300000, 0x000000009f400000|  0%| F|  |TAMS 0x000000009f300000| PB 0x000000009f300000| Untracked 
| 500|0x000000009f400000, 0x000000009f400000, 0x000000009f500000|  0%| F|  |TAMS 0x000000009f400000| PB 0x000000009f400000| Untracked 
| 501|0x000000009f500000, 0x000000009f500000, 0x000000009f600000|  0%| F|  |TAMS 0x000000009f500000| PB 0x000000009f500000| Untracked 
| 502|0x000000009f600000, 0x000000009f600000, 0x000000009f700000|  0%| F|  |TAMS 0x000000009f600000| PB 0x000000009f600000| Untracked 
| 503|0x000000009f700000, 0x000000009f700000, 0x000000009f800000|  0%| F|  |TAMS 0x000000009f700000| PB 0x000000009f700000| Untracked 
| 504|0x000000009f800000, 0x000000009f800000, 0x000000009f900000|  0%| F|  |TAMS 0x000000009f800000| PB 0x000000009f800000| Untracked 
| 505|0x000000009f900000, 0x000000009f900000, 0x000000009fa00000|  0%| F|  |TAMS 0x000000009f900000| PB 0x000000009f900000| Untracked 
| 506|0x000000009fa00000, 0x000000009fa00000, 0x000000009fb00000|  0%| F|  |TAMS 0x000000009fa00000| PB 0x000000009fa00000| Untracked 
| 507|0x000000009fb00000, 0x000000009fb00000, 0x000000009fc00000|  0%| F|  |TAMS 0x000000009fb00000| PB 0x000000009fb00000| Untracked 
| 508|0x000000009fc00000, 0x000000009fc00000, 0x000000009fd00000|  0%| F|  |TAMS 0x000000009fc00000| PB 0x000000009fc00000| Untracked 
| 509|0x000000009fd00000, 0x000000009fd00000, 0x000000009fe00000|  0%| F|  |TAMS 0x000000009fd00000| PB 0x000000009fd00000| Untracked 
| 510|0x000000009fe00000, 0x000000009fe00000, 0x000000009ff00000|  0%| F|  |TAMS 0x000000009fe00000| PB 0x000000009fe00000| Untracked 
| 511|0x000000009ff00000, 0x000000009ff00000, 0x00000000a0000000|  0%| F|  |TAMS 0x000000009ff00000| PB 0x000000009ff00000| Untracked 
| 512|0x00000000a0000000, 0x00000000a0000000, 0x00000000a0100000|  0%| F|  |TAMS 0x00000000a0000000| PB 0x00000000a0000000| Untracked 
| 513|0x00000000a0100000, 0x00000000a0100000, 0x00000000a0200000|  0%| F|  |TAMS 0x00000000a0100000| PB 0x00000000a0100000| Untracked 
| 514|0x00000000a0200000, 0x00000000a0200000, 0x00000000a0300000|  0%| F|  |TAMS 0x00000000a0200000| PB 0x00000000a0200000| Untracked 
| 515|0x00000000a0300000, 0x00000000a0300000, 0x00000000a0400000|  0%| F|  |TAMS 0x00000000a0300000| PB 0x00000000a0300000| Untracked 
| 516|0x00000000a0400000, 0x00000000a0400000, 0x00000000a0500000|  0%| F|  |TAMS 0x00000000a0400000| PB 0x00000000a0400000| Untracked 
| 517|0x00000000a0500000, 0x00000000a0500000, 0x00000000a0600000|  0%| F|  |TAMS 0x00000000a0500000| PB 0x00000000a0500000| Untracked 
| 518|0x00000000a0600000, 0x00000000a0600000, 0x00000000a0700000|  0%| F|  |TAMS 0x00000000a0600000| PB 0x00000000a0600000| Untracked 
| 519|0x00000000a0700000, 0x00000000a0700000, 0x00000000a0800000|  0%| F|  |TAMS 0x00000000a0700000| PB 0x00000000a0700000| Untracked 
| 520|0x00000000a0800000, 0x00000000a0800000, 0x00000000a0900000|  0%| F|  |TAMS 0x00000000a0800000| PB 0x00000000a0800000| Untracked 
| 521|0x00000000a0900000, 0x00000000a0900000, 0x00000000a0a00000|  0%| F|  |TAMS 0x00000000a0900000| PB 0x00000000a0900000| Untracked 
| 522|0x00000000a0a00000, 0x00000000a0a00000, 0x00000000a0b00000|  0%| F|  |TAMS 0x00000000a0a00000| PB 0x00000000a0a00000| Untracked 
| 523|0x00000000a0b00000, 0x00000000a0b00000, 0x00000000a0c00000|  0%| F|  |TAMS 0x00000000a0b00000| PB 0x00000000a0b00000| Untracked 
| 524|0x00000000a0c00000, 0x00000000a0c00000, 0x00000000a0d00000|  0%| F|  |TAMS 0x00000000a0c00000| PB 0x00000000a0c00000| Untracked 
| 525|0x00000000a0d00000, 0x00000000a0d00000, 0x00000000a0e00000|  0%| F|  |TAMS 0x00000000a0d00000| PB 0x00000000a0d00000| Untracked 
| 526|0x00000000a0e00000, 0x00000000a0e00000, 0x00000000a0f00000|  0%| F|  |TAMS 0x00000000a0e00000| PB 0x00000000a0e00000| Untracked 
| 527|0x00000000a0f00000, 0x00000000a0f00000, 0x00000000a1000000|  0%| F|  |TAMS 0x00000000a0f00000| PB 0x00000000a0f00000| Untracked 
| 528|0x00000000a1000000, 0x00000000a1000000, 0x00000000a1100000|  0%| F|  |TAMS 0x00000000a1000000| PB 0x00000000a1000000| Untracked 
| 529|0x00000000a1100000, 0x00000000a1100000, 0x00000000a1200000|  0%| F|  |TAMS 0x00000000a1100000| PB 0x00000000a1100000| Untracked 
| 530|0x00000000a1200000, 0x00000000a1200000, 0x00000000a1300000|  0%| F|  |TAMS 0x00000000a1200000| PB 0x00000000a1200000| Untracked 
| 531|0x00000000a1300000, 0x00000000a1300000, 0x00000000a1400000|  0%| F|  |TAMS 0x00000000a1300000| PB 0x00000000a1300000| Untracked 
| 532|0x00000000a1400000, 0x00000000a1400000, 0x00000000a1500000|  0%| F|  |TAMS 0x00000000a1400000| PB 0x00000000a1400000| Untracked 
| 533|0x00000000a1500000, 0x00000000a1500000, 0x00000000a1600000|  0%| F|  |TAMS 0x00000000a1500000| PB 0x00000000a1500000| Untracked 
| 534|0x00000000a1600000, 0x00000000a1600000, 0x00000000a1700000|  0%| F|  |TAMS 0x00000000a1600000| PB 0x00000000a1600000| Untracked 
| 535|0x00000000a1700000, 0x00000000a1700000, 0x00000000a1800000|  0%| F|  |TAMS 0x00000000a1700000| PB 0x00000000a1700000| Untracked 
| 536|0x00000000a1800000, 0x00000000a1800000, 0x00000000a1900000|  0%| F|  |TAMS 0x00000000a1800000| PB 0x00000000a1800000| Untracked 
| 537|0x00000000a1900000, 0x00000000a1900000, 0x00000000a1a00000|  0%| F|  |TAMS 0x00000000a1900000| PB 0x00000000a1900000| Untracked 
| 538|0x00000000a1a00000, 0x00000000a1a00000, 0x00000000a1b00000|  0%| F|  |TAMS 0x00000000a1a00000| PB 0x00000000a1a00000| Untracked 
| 539|0x00000000a1b00000, 0x00000000a1b00000, 0x00000000a1c00000|  0%| F|  |TAMS 0x00000000a1b00000| PB 0x00000000a1b00000| Untracked 
| 540|0x00000000a1c00000, 0x00000000a1c00000, 0x00000000a1d00000|  0%| F|  |TAMS 0x00000000a1c00000| PB 0x00000000a1c00000| Untracked 
| 541|0x00000000a1d00000, 0x00000000a1d00000, 0x00000000a1e00000|  0%| F|  |TAMS 0x00000000a1d00000| PB 0x00000000a1d00000| Untracked 
| 542|0x00000000a1e00000, 0x00000000a1e00000, 0x00000000a1f00000|  0%| F|  |TAMS 0x00000000a1e00000| PB 0x00000000a1e00000| Untracked 
| 543|0x00000000a1f00000, 0x00000000a1f00000, 0x00000000a2000000|  0%| F|  |TAMS 0x00000000a1f00000| PB 0x00000000a1f00000| Untracked 
| 544|0x00000000a2000000, 0x00000000a2000000, 0x00000000a2100000|  0%| F|  |TAMS 0x00000000a2000000| PB 0x00000000a2000000| Untracked 
| 545|0x00000000a2100000, 0x00000000a2100000, 0x00000000a2200000|  0%| F|  |TAMS 0x00000000a2100000| PB 0x00000000a2100000| Untracked 
| 546|0x00000000a2200000, 0x00000000a2200000, 0x00000000a2300000|  0%| F|  |TAMS 0x00000000a2200000| PB 0x00000000a2200000| Untracked 
| 547|0x00000000a2300000, 0x00000000a2300000, 0x00000000a2400000|  0%| F|  |TAMS 0x00000000a2300000| PB 0x00000000a2300000| Untracked 
| 548|0x00000000a2400000, 0x00000000a2400000, 0x00000000a2500000|  0%| F|  |TAMS 0x00000000a2400000| PB 0x00000000a2400000| Untracked 
| 549|0x00000000a2500000, 0x00000000a2500000, 0x00000000a2600000|  0%| F|  |TAMS 0x00000000a2500000| PB 0x00000000a2500000| Untracked 
| 550|0x00000000a2600000, 0x00000000a2600000, 0x00000000a2700000|  0%| F|  |TAMS 0x00000000a2600000| PB 0x00000000a2600000| Untracked 
| 551|0x00000000a2700000, 0x00000000a2700000, 0x00000000a2800000|  0%| F|  |TAMS 0x00000000a2700000| PB 0x00000000a2700000| Untracked 
| 552|0x00000000a2800000, 0x00000000a2800000, 0x00000000a2900000|  0%| F|  |TAMS 0x00000000a2800000| PB 0x00000000a2800000| Untracked 
| 553|0x00000000a2900000, 0x00000000a2900000, 0x00000000a2a00000|  0%| F|  |TAMS 0x00000000a2900000| PB 0x00000000a2900000| Untracked 
| 554|0x00000000a2a00000, 0x00000000a2a00000, 0x00000000a2b00000|  0%| F|  |TAMS 0x00000000a2a00000| PB 0x00000000a2a00000| Untracked 
| 555|0x00000000a2b00000, 0x00000000a2b00000, 0x00000000a2c00000|  0%| F|  |TAMS 0x00000000a2b00000| PB 0x00000000a2b00000| Untracked 
| 556|0x00000000a2c00000, 0x00000000a2c00000, 0x00000000a2d00000|  0%| F|  |TAMS 0x00000000a2c00000| PB 0x00000000a2c00000| Untracked 
| 557|0x00000000a2d00000, 0x00000000a2d00000, 0x00000000a2e00000|  0%| F|  |TAMS 0x00000000a2d00000| PB 0x00000000a2d00000| Untracked 
| 558|0x00000000a2e00000, 0x00000000a2e00000, 0x00000000a2f00000|  0%| F|  |TAMS 0x00000000a2e00000| PB 0x00000000a2e00000| Untracked 
| 559|0x00000000a2f00000, 0x00000000a2f00000, 0x00000000a3000000|  0%| F|  |TAMS 0x00000000a2f00000| PB 0x00000000a2f00000| Untracked 
| 560|0x00000000a3000000, 0x00000000a3000000, 0x00000000a3100000|  0%| F|  |TAMS 0x00000000a3000000| PB 0x00000000a3000000| Untracked 
| 561|0x00000000a3100000, 0x00000000a3100000, 0x00000000a3200000|  0%| F|  |TAMS 0x00000000a3100000| PB 0x00000000a3100000| Untracked 
| 562|0x00000000a3200000, 0x00000000a3200000, 0x00000000a3300000|  0%| F|  |TAMS 0x00000000a3200000| PB 0x00000000a3200000| Untracked 
| 563|0x00000000a3300000, 0x00000000a3300000, 0x00000000a3400000|  0%| F|  |TAMS 0x00000000a3300000| PB 0x00000000a3300000| Untracked 
| 564|0x00000000a3400000, 0x00000000a3400000, 0x00000000a3500000|  0%| F|  |TAMS 0x00000000a3400000| PB 0x00000000a3400000| Untracked 
| 565|0x00000000a3500000, 0x00000000a3500000, 0x00000000a3600000|  0%| F|  |TAMS 0x00000000a3500000| PB 0x00000000a3500000| Untracked 
| 566|0x00000000a3600000, 0x00000000a3600000, 0x00000000a3700000|  0%| F|  |TAMS 0x00000000a3600000| PB 0x00000000a3600000| Untracked 
| 567|0x00000000a3700000, 0x00000000a3700000, 0x00000000a3800000|  0%| F|  |TAMS 0x00000000a3700000| PB 0x00000000a3700000| Untracked 
| 568|0x00000000a3800000, 0x00000000a3800000, 0x00000000a3900000|  0%| F|  |TAMS 0x00000000a3800000| PB 0x00000000a3800000| Untracked 
| 569|0x00000000a3900000, 0x00000000a3900000, 0x00000000a3a00000|  0%| F|  |TAMS 0x00000000a3900000| PB 0x00000000a3900000| Untracked 
| 570|0x00000000a3a00000, 0x00000000a3a00000, 0x00000000a3b00000|  0%| F|  |TAMS 0x00000000a3a00000| PB 0x00000000a3a00000| Untracked 
| 571|0x00000000a3b00000, 0x00000000a3b00000, 0x00000000a3c00000|  0%| F|  |TAMS 0x00000000a3b00000| PB 0x00000000a3b00000| Untracked 
| 572|0x00000000a3c00000, 0x00000000a3c00000, 0x00000000a3d00000|  0%| F|  |TAMS 0x00000000a3c00000| PB 0x00000000a3c00000| Untracked 
| 573|0x00000000a3d00000, 0x00000000a3d00000, 0x00000000a3e00000|  0%| F|  |TAMS 0x00000000a3d00000| PB 0x00000000a3d00000| Untracked 
| 574|0x00000000a3e00000, 0x00000000a3e00000, 0x00000000a3f00000|  0%| F|  |TAMS 0x00000000a3e00000| PB 0x00000000a3e00000| Untracked 
| 575|0x00000000a3f00000, 0x00000000a3f00000, 0x00000000a4000000|  0%| F|  |TAMS 0x00000000a3f00000| PB 0x00000000a3f00000| Untracked 
| 576|0x00000000a4000000, 0x00000000a4000000, 0x00000000a4100000|  0%| F|  |TAMS 0x00000000a4000000| PB 0x00000000a4000000| Untracked 
| 577|0x00000000a4100000, 0x00000000a4100000, 0x00000000a4200000|  0%| F|  |TAMS 0x00000000a4100000| PB 0x00000000a4100000| Untracked 
| 578|0x00000000a4200000, 0x00000000a4200000, 0x00000000a4300000|  0%| F|  |TAMS 0x00000000a4200000| PB 0x00000000a4200000| Untracked 
| 579|0x00000000a4300000, 0x00000000a4300000, 0x00000000a4400000|  0%| F|  |TAMS 0x00000000a4300000| PB 0x00000000a4300000| Untracked 
| 580|0x00000000a4400000, 0x00000000a4400000, 0x00000000a4500000|  0%| F|  |TAMS 0x00000000a4400000| PB 0x00000000a4400000| Untracked 
| 581|0x00000000a4500000, 0x00000000a4500000, 0x00000000a4600000|  0%| F|  |TAMS 0x00000000a4500000| PB 0x00000000a4500000| Untracked 
| 582|0x00000000a4600000, 0x00000000a4600000, 0x00000000a4700000|  0%| F|  |TAMS 0x00000000a4600000| PB 0x00000000a4600000| Untracked 
| 583|0x00000000a4700000, 0x00000000a4700000, 0x00000000a4800000|  0%| F|  |TAMS 0x00000000a4700000| PB 0x00000000a4700000| Untracked 
| 584|0x00000000a4800000, 0x00000000a4800000, 0x00000000a4900000|  0%| F|  |TAMS 0x00000000a4800000| PB 0x00000000a4800000| Untracked 
| 585|0x00000000a4900000, 0x00000000a4900000, 0x00000000a4a00000|  0%| F|  |TAMS 0x00000000a4900000| PB 0x00000000a4900000| Untracked 
| 586|0x00000000a4a00000, 0x00000000a4a00000, 0x00000000a4b00000|  0%| F|  |TAMS 0x00000000a4a00000| PB 0x00000000a4a00000| Untracked 
| 587|0x00000000a4b00000, 0x00000000a4b00000, 0x00000000a4c00000|  0%| F|  |TAMS 0x00000000a4b00000| PB 0x00000000a4b00000| Untracked 
| 588|0x00000000a4c00000, 0x00000000a4c00000, 0x00000000a4d00000|  0%| F|  |TAMS 0x00000000a4c00000| PB 0x00000000a4c00000| Untracked 
| 589|0x00000000a4d00000, 0x00000000a4d00000, 0x00000000a4e00000|  0%| F|  |TAMS 0x00000000a4d00000| PB 0x00000000a4d00000| Untracked 
| 590|0x00000000a4e00000, 0x00000000a4e00000, 0x00000000a4f00000|  0%| F|  |TAMS 0x00000000a4e00000| PB 0x00000000a4e00000| Untracked 
| 591|0x00000000a4f00000, 0x00000000a4f00000, 0x00000000a5000000|  0%| F|  |TAMS 0x00000000a4f00000| PB 0x00000000a4f00000| Untracked 
| 592|0x00000000a5000000, 0x00000000a5000000, 0x00000000a5100000|  0%| F|  |TAMS 0x00000000a5000000| PB 0x00000000a5000000| Untracked 
| 593|0x00000000a5100000, 0x00000000a5100000, 0x00000000a5200000|  0%| F|  |TAMS 0x00000000a5100000| PB 0x00000000a5100000| Untracked 
| 594|0x00000000a5200000, 0x00000000a5200000, 0x00000000a5300000|  0%| F|  |TAMS 0x00000000a5200000| PB 0x00000000a5200000| Untracked 
| 595|0x00000000a5300000, 0x00000000a5300000, 0x00000000a5400000|  0%| F|  |TAMS 0x00000000a5300000| PB 0x00000000a5300000| Untracked 
| 596|0x00000000a5400000, 0x00000000a5400000, 0x00000000a5500000|  0%| F|  |TAMS 0x00000000a5400000| PB 0x00000000a5400000| Untracked 
| 597|0x00000000a5500000, 0x00000000a5500000, 0x00000000a5600000|  0%| F|  |TAMS 0x00000000a5500000| PB 0x00000000a5500000| Untracked 
| 598|0x00000000a5600000, 0x00000000a5600000, 0x00000000a5700000|  0%| F|  |TAMS 0x00000000a5600000| PB 0x00000000a5600000| Untracked 
| 599|0x00000000a5700000, 0x00000000a5700000, 0x00000000a5800000|  0%| F|  |TAMS 0x00000000a5700000| PB 0x00000000a5700000| Untracked 
| 600|0x00000000a5800000, 0x00000000a5800000, 0x00000000a5900000|  0%| F|  |TAMS 0x00000000a5800000| PB 0x00000000a5800000| Untracked 
| 601|0x00000000a5900000, 0x00000000a5900000, 0x00000000a5a00000|  0%| F|  |TAMS 0x00000000a5900000| PB 0x00000000a5900000| Untracked 
| 602|0x00000000a5a00000, 0x00000000a5a00000, 0x00000000a5b00000|  0%| F|  |TAMS 0x00000000a5a00000| PB 0x00000000a5a00000| Untracked 
| 603|0x00000000a5b00000, 0x00000000a5b00000, 0x00000000a5c00000|  0%| F|  |TAMS 0x00000000a5b00000| PB 0x00000000a5b00000| Untracked 
| 604|0x00000000a5c00000, 0x00000000a5c00000, 0x00000000a5d00000|  0%| F|  |TAMS 0x00000000a5c00000| PB 0x00000000a5c00000| Untracked 
| 605|0x00000000a5d00000, 0x00000000a5d00000, 0x00000000a5e00000|  0%| F|  |TAMS 0x00000000a5d00000| PB 0x00000000a5d00000| Untracked 
| 606|0x00000000a5e00000, 0x00000000a5e00000, 0x00000000a5f00000|  0%| F|  |TAMS 0x00000000a5e00000| PB 0x00000000a5e00000| Untracked 
| 607|0x00000000a5f00000, 0x00000000a5f00000, 0x00000000a6000000|  0%| F|  |TAMS 0x00000000a5f00000| PB 0x00000000a5f00000| Untracked 
| 608|0x00000000a6000000, 0x00000000a6000000, 0x00000000a6100000|  0%| F|  |TAMS 0x00000000a6000000| PB 0x00000000a6000000| Untracked 
| 609|0x00000000a6100000, 0x00000000a6100000, 0x00000000a6200000|  0%| F|  |TAMS 0x00000000a6100000| PB 0x00000000a6100000| Untracked 
| 610|0x00000000a6200000, 0x00000000a6200000, 0x00000000a6300000|  0%| F|  |TAMS 0x00000000a6200000| PB 0x00000000a6200000| Untracked 
| 611|0x00000000a6300000, 0x00000000a6300000, 0x00000000a6400000|  0%| F|  |TAMS 0x00000000a6300000| PB 0x00000000a6300000| Untracked 
| 612|0x00000000a6400000, 0x00000000a6400000, 0x00000000a6500000|  0%| F|  |TAMS 0x00000000a6400000| PB 0x00000000a6400000| Untracked 
| 613|0x00000000a6500000, 0x00000000a6500000, 0x00000000a6600000|  0%| F|  |TAMS 0x00000000a6500000| PB 0x00000000a6500000| Untracked 
| 614|0x00000000a6600000, 0x00000000a6600000, 0x00000000a6700000|  0%| F|  |TAMS 0x00000000a6600000| PB 0x00000000a6600000| Untracked 
| 615|0x00000000a6700000, 0x00000000a6700000, 0x00000000a6800000|  0%| F|  |TAMS 0x00000000a6700000| PB 0x00000000a6700000| Untracked 
| 616|0x00000000a6800000, 0x00000000a6800000, 0x00000000a6900000|  0%| F|  |TAMS 0x00000000a6800000| PB 0x00000000a6800000| Untracked 
| 617|0x00000000a6900000, 0x00000000a6900000, 0x00000000a6a00000|  0%| F|  |TAMS 0x00000000a6900000| PB 0x00000000a6900000| Untracked 
| 618|0x00000000a6a00000, 0x00000000a6a00000, 0x00000000a6b00000|  0%| F|  |TAMS 0x00000000a6a00000| PB 0x00000000a6a00000| Untracked 
| 619|0x00000000a6b00000, 0x00000000a6b00000, 0x00000000a6c00000|  0%| F|  |TAMS 0x00000000a6b00000| PB 0x00000000a6b00000| Untracked 
| 620|0x00000000a6c00000, 0x00000000a6c00000, 0x00000000a6d00000|  0%| F|  |TAMS 0x00000000a6c00000| PB 0x00000000a6c00000| Untracked 
| 621|0x00000000a6d00000, 0x00000000a6d00000, 0x00000000a6e00000|  0%| F|  |TAMS 0x00000000a6d00000| PB 0x00000000a6d00000| Untracked 
| 622|0x00000000a6e00000, 0x00000000a6e00000, 0x00000000a6f00000|  0%| F|  |TAMS 0x00000000a6e00000| PB 0x00000000a6e00000| Untracked 
| 623|0x00000000a6f00000, 0x00000000a6f00000, 0x00000000a7000000|  0%| F|  |TAMS 0x00000000a6f00000| PB 0x00000000a6f00000| Untracked 
| 624|0x00000000a7000000, 0x00000000a7000000, 0x00000000a7100000|  0%| F|  |TAMS 0x00000000a7000000| PB 0x00000000a7000000| Untracked 
| 625|0x00000000a7100000, 0x00000000a7100000, 0x00000000a7200000|  0%| F|  |TAMS 0x00000000a7100000| PB 0x00000000a7100000| Untracked 
| 626|0x00000000a7200000, 0x00000000a7200000, 0x00000000a7300000|  0%| F|  |TAMS 0x00000000a7200000| PB 0x00000000a7200000| Untracked 
| 627|0x00000000a7300000, 0x00000000a7300000, 0x00000000a7400000|  0%| F|  |TAMS 0x00000000a7300000| PB 0x00000000a7300000| Untracked 
| 628|0x00000000a7400000, 0x00000000a7400000, 0x00000000a7500000|  0%| F|  |TAMS 0x00000000a7400000| PB 0x00000000a7400000| Untracked 
| 629|0x00000000a7500000, 0x00000000a7500000, 0x00000000a7600000|  0%| F|  |TAMS 0x00000000a7500000| PB 0x00000000a7500000| Untracked 
| 630|0x00000000a7600000, 0x00000000a7600000, 0x00000000a7700000|  0%| F|  |TAMS 0x00000000a7600000| PB 0x00000000a7600000| Untracked 
| 631|0x00000000a7700000, 0x00000000a7700000, 0x00000000a7800000|  0%| F|  |TAMS 0x00000000a7700000| PB 0x00000000a7700000| Untracked 
| 632|0x00000000a7800000, 0x00000000a7800000, 0x00000000a7900000|  0%| F|  |TAMS 0x00000000a7800000| PB 0x00000000a7800000| Untracked 
| 633|0x00000000a7900000, 0x00000000a7900000, 0x00000000a7a00000|  0%| F|  |TAMS 0x00000000a7900000| PB 0x00000000a7900000| Untracked 
| 634|0x00000000a7a00000, 0x00000000a7a00000, 0x00000000a7b00000|  0%| F|  |TAMS 0x00000000a7a00000| PB 0x00000000a7a00000| Untracked 
| 635|0x00000000a7b00000, 0x00000000a7b00000, 0x00000000a7c00000|  0%| F|  |TAMS 0x00000000a7b00000| PB 0x00000000a7b00000| Untracked 
| 636|0x00000000a7c00000, 0x00000000a7c00000, 0x00000000a7d00000|  0%| F|  |TAMS 0x00000000a7c00000| PB 0x00000000a7c00000| Untracked 
| 637|0x00000000a7d00000, 0x00000000a7d00000, 0x00000000a7e00000|  0%| F|  |TAMS 0x00000000a7d00000| PB 0x00000000a7d00000| Untracked 
| 638|0x00000000a7e00000, 0x00000000a7e00000, 0x00000000a7f00000|  0%| F|  |TAMS 0x00000000a7e00000| PB 0x00000000a7e00000| Untracked 
| 639|0x00000000a7f00000, 0x00000000a7f00000, 0x00000000a8000000|  0%| F|  |TAMS 0x00000000a7f00000| PB 0x00000000a7f00000| Untracked 
| 640|0x00000000a8000000, 0x00000000a8000000, 0x00000000a8100000|  0%| F|  |TAMS 0x00000000a8000000| PB 0x00000000a8000000| Untracked 
| 641|0x00000000a8100000, 0x00000000a8100000, 0x00000000a8200000|  0%| F|  |TAMS 0x00000000a8100000| PB 0x00000000a8100000| Untracked 
| 642|0x00000000a8200000, 0x00000000a8200000, 0x00000000a8300000|  0%| F|  |TAMS 0x00000000a8200000| PB 0x00000000a8200000| Untracked 
| 643|0x00000000a8300000, 0x00000000a8300000, 0x00000000a8400000|  0%| F|  |TAMS 0x00000000a8300000| PB 0x00000000a8300000| Untracked 
| 644|0x00000000a8400000, 0x00000000a8400000, 0x00000000a8500000|  0%| F|  |TAMS 0x00000000a8400000| PB 0x00000000a8400000| Untracked 
| 645|0x00000000a8500000, 0x00000000a8500000, 0x00000000a8600000|  0%| F|  |TAMS 0x00000000a8500000| PB 0x00000000a8500000| Untracked 
| 646|0x00000000a8600000, 0x00000000a8600000, 0x00000000a8700000|  0%| F|  |TAMS 0x00000000a8600000| PB 0x00000000a8600000| Untracked 
| 647|0x00000000a8700000, 0x00000000a8700000, 0x00000000a8800000|  0%| F|  |TAMS 0x00000000a8700000| PB 0x00000000a8700000| Untracked 
| 648|0x00000000a8800000, 0x00000000a8800000, 0x00000000a8900000|  0%| F|  |TAMS 0x00000000a8800000| PB 0x00000000a8800000| Untracked 
| 649|0x00000000a8900000, 0x00000000a8900000, 0x00000000a8a00000|  0%| F|  |TAMS 0x00000000a8900000| PB 0x00000000a8900000| Untracked 
| 650|0x00000000a8a00000, 0x00000000a8a00000, 0x00000000a8b00000|  0%| F|  |TAMS 0x00000000a8a00000| PB 0x00000000a8a00000| Untracked 
| 651|0x00000000a8b00000, 0x00000000a8b00000, 0x00000000a8c00000|  0%| F|  |TAMS 0x00000000a8b00000| PB 0x00000000a8b00000| Untracked 
| 652|0x00000000a8c00000, 0x00000000a8c00000, 0x00000000a8d00000|  0%| F|  |TAMS 0x00000000a8c00000| PB 0x00000000a8c00000| Untracked 
| 653|0x00000000a8d00000, 0x00000000a8d00000, 0x00000000a8e00000|  0%| F|  |TAMS 0x00000000a8d00000| PB 0x00000000a8d00000| Untracked 
| 654|0x00000000a8e00000, 0x00000000a8e00000, 0x00000000a8f00000|  0%| F|  |TAMS 0x00000000a8e00000| PB 0x00000000a8e00000| Untracked 
| 655|0x00000000a8f00000, 0x00000000a8f00000, 0x00000000a9000000|  0%| F|  |TAMS 0x00000000a8f00000| PB 0x00000000a8f00000| Untracked 
| 656|0x00000000a9000000, 0x00000000a9000000, 0x00000000a9100000|  0%| F|  |TAMS 0x00000000a9000000| PB 0x00000000a9000000| Untracked 
| 657|0x00000000a9100000, 0x00000000a9100000, 0x00000000a9200000|  0%| F|  |TAMS 0x00000000a9100000| PB 0x00000000a9100000| Untracked 
| 658|0x00000000a9200000, 0x00000000a9200000, 0x00000000a9300000|  0%| F|  |TAMS 0x00000000a9200000| PB 0x00000000a9200000| Untracked 
| 659|0x00000000a9300000, 0x00000000a9300000, 0x00000000a9400000|  0%| F|  |TAMS 0x00000000a9300000| PB 0x00000000a9300000| Untracked 
| 660|0x00000000a9400000, 0x00000000a9400000, 0x00000000a9500000|  0%| F|  |TAMS 0x00000000a9400000| PB 0x00000000a9400000| Untracked 
| 661|0x00000000a9500000, 0x00000000a9500000, 0x00000000a9600000|  0%| F|  |TAMS 0x00000000a9500000| PB 0x00000000a9500000| Untracked 
| 662|0x00000000a9600000, 0x00000000a9600000, 0x00000000a9700000|  0%| F|  |TAMS 0x00000000a9600000| PB 0x00000000a9600000| Untracked 
| 663|0x00000000a9700000, 0x00000000a9700000, 0x00000000a9800000|  0%| F|  |TAMS 0x00000000a9700000| PB 0x00000000a9700000| Untracked 
| 664|0x00000000a9800000, 0x00000000a9800000, 0x00000000a9900000|  0%| F|  |TAMS 0x00000000a9800000| PB 0x00000000a9800000| Untracked 
| 665|0x00000000a9900000, 0x00000000a9900000, 0x00000000a9a00000|  0%| F|  |TAMS 0x00000000a9900000| PB 0x00000000a9900000| Untracked 
| 666|0x00000000a9a00000, 0x00000000a9a00000, 0x00000000a9b00000|  0%| F|  |TAMS 0x00000000a9a00000| PB 0x00000000a9a00000| Untracked 
| 667|0x00000000a9b00000, 0x00000000a9b00000, 0x00000000a9c00000|  0%| F|  |TAMS 0x00000000a9b00000| PB 0x00000000a9b00000| Untracked 
| 668|0x00000000a9c00000, 0x00000000a9c00000, 0x00000000a9d00000|  0%| F|  |TAMS 0x00000000a9c00000| PB 0x00000000a9c00000| Untracked 
| 669|0x00000000a9d00000, 0x00000000a9d00000, 0x00000000a9e00000|  0%| F|  |TAMS 0x00000000a9d00000| PB 0x00000000a9d00000| Untracked 
| 670|0x00000000a9e00000, 0x00000000a9e00000, 0x00000000a9f00000|  0%| F|  |TAMS 0x00000000a9e00000| PB 0x00000000a9e00000| Untracked 
| 671|0x00000000a9f00000, 0x00000000a9f00000, 0x00000000aa000000|  0%| F|  |TAMS 0x00000000a9f00000| PB 0x00000000a9f00000| Untracked 
| 672|0x00000000aa000000, 0x00000000aa000000, 0x00000000aa100000|  0%| F|  |TAMS 0x00000000aa000000| PB 0x00000000aa000000| Untracked 
| 673|0x00000000aa100000, 0x00000000aa100000, 0x00000000aa200000|  0%| F|  |TAMS 0x00000000aa100000| PB 0x00000000aa100000| Untracked 
| 674|0x00000000aa200000, 0x00000000aa200000, 0x00000000aa300000|  0%| F|  |TAMS 0x00000000aa200000| PB 0x00000000aa200000| Untracked 
| 675|0x00000000aa300000, 0x00000000aa300000, 0x00000000aa400000|  0%| F|  |TAMS 0x00000000aa300000| PB 0x00000000aa300000| Untracked 
| 676|0x00000000aa400000, 0x00000000aa400000, 0x00000000aa500000|  0%| F|  |TAMS 0x00000000aa400000| PB 0x00000000aa400000| Untracked 
| 677|0x00000000aa500000, 0x00000000aa500000, 0x00000000aa600000|  0%| F|  |TAMS 0x00000000aa500000| PB 0x00000000aa500000| Untracked 
| 678|0x00000000aa600000, 0x00000000aa600000, 0x00000000aa700000|  0%| F|  |TAMS 0x00000000aa600000| PB 0x00000000aa600000| Untracked 
| 679|0x00000000aa700000, 0x00000000aa700000, 0x00000000aa800000|  0%| F|  |TAMS 0x00000000aa700000| PB 0x00000000aa700000| Untracked 
| 680|0x00000000aa800000, 0x00000000aa800000, 0x00000000aa900000|  0%| F|  |TAMS 0x00000000aa800000| PB 0x00000000aa800000| Untracked 
| 681|0x00000000aa900000, 0x00000000aa900000, 0x00000000aaa00000|  0%| F|  |TAMS 0x00000000aa900000| PB 0x00000000aa900000| Untracked 
| 682|0x00000000aaa00000, 0x00000000aaa00000, 0x00000000aab00000|  0%| F|  |TAMS 0x00000000aaa00000| PB 0x00000000aaa00000| Untracked 
| 683|0x00000000aab00000, 0x00000000aab00000, 0x00000000aac00000|  0%| F|  |TAMS 0x00000000aab00000| PB 0x00000000aab00000| Untracked 
| 684|0x00000000aac00000, 0x00000000aac00000, 0x00000000aad00000|  0%| F|  |TAMS 0x00000000aac00000| PB 0x00000000aac00000| Untracked 
| 685|0x00000000aad00000, 0x00000000aad00000, 0x00000000aae00000|  0%| F|  |TAMS 0x00000000aad00000| PB 0x00000000aad00000| Untracked 
| 686|0x00000000aae00000, 0x00000000aae00000, 0x00000000aaf00000|  0%| F|  |TAMS 0x00000000aae00000| PB 0x00000000aae00000| Untracked 
| 687|0x00000000aaf00000, 0x00000000aaf00000, 0x00000000ab000000|  0%| F|  |TAMS 0x00000000aaf00000| PB 0x00000000aaf00000| Untracked 
| 688|0x00000000ab000000, 0x00000000ab000000, 0x00000000ab100000|  0%| F|  |TAMS 0x00000000ab000000| PB 0x00000000ab000000| Untracked 
| 689|0x00000000ab100000, 0x00000000ab100000, 0x00000000ab200000|  0%| F|  |TAMS 0x00000000ab100000| PB 0x00000000ab100000| Untracked 
| 690|0x00000000ab200000, 0x00000000ab200000, 0x00000000ab300000|  0%| F|  |TAMS 0x00000000ab200000| PB 0x00000000ab200000| Untracked 
| 691|0x00000000ab300000, 0x00000000ab300000, 0x00000000ab400000|  0%| F|  |TAMS 0x00000000ab300000| PB 0x00000000ab300000| Untracked 
| 692|0x00000000ab400000, 0x00000000ab400000, 0x00000000ab500000|  0%| F|  |TAMS 0x00000000ab400000| PB 0x00000000ab400000| Untracked 
| 693|0x00000000ab500000, 0x00000000ab500000, 0x00000000ab600000|  0%| F|  |TAMS 0x00000000ab500000| PB 0x00000000ab500000| Untracked 
| 694|0x00000000ab600000, 0x00000000ab600000, 0x00000000ab700000|  0%| F|  |TAMS 0x00000000ab600000| PB 0x00000000ab600000| Untracked 
| 695|0x00000000ab700000, 0x00000000ab700000, 0x00000000ab800000|  0%| F|  |TAMS 0x00000000ab700000| PB 0x00000000ab700000| Untracked 
| 696|0x00000000ab800000, 0x00000000ab800000, 0x00000000ab900000|  0%| F|  |TAMS 0x00000000ab800000| PB 0x00000000ab800000| Untracked 
| 697|0x00000000ab900000, 0x00000000ab900000, 0x00000000aba00000|  0%| F|  |TAMS 0x00000000ab900000| PB 0x00000000ab900000| Untracked 
| 698|0x00000000aba00000, 0x00000000aba00000, 0x00000000abb00000|  0%| F|  |TAMS 0x00000000aba00000| PB 0x00000000aba00000| Untracked 
| 699|0x00000000abb00000, 0x00000000abb00000, 0x00000000abc00000|  0%| F|  |TAMS 0x00000000abb00000| PB 0x00000000abb00000| Untracked 
| 700|0x00000000abc00000, 0x00000000abc00000, 0x00000000abd00000|  0%| F|  |TAMS 0x00000000abc00000| PB 0x00000000abc00000| Untracked 
| 701|0x00000000abd00000, 0x00000000abd00000, 0x00000000abe00000|  0%| F|  |TAMS 0x00000000abd00000| PB 0x00000000abd00000| Untracked 
| 702|0x00000000abe00000, 0x00000000abe00000, 0x00000000abf00000|  0%| F|  |TAMS 0x00000000abe00000| PB 0x00000000abe00000| Untracked 
| 703|0x00000000abf00000, 0x00000000abf00000, 0x00000000ac000000|  0%| F|  |TAMS 0x00000000abf00000| PB 0x00000000abf00000| Untracked 
| 704|0x00000000ac000000, 0x00000000ac000000, 0x00000000ac100000|  0%| F|  |TAMS 0x00000000ac000000| PB 0x00000000ac000000| Untracked 
| 705|0x00000000ac100000, 0x00000000ac100000, 0x00000000ac200000|  0%| F|  |TAMS 0x00000000ac100000| PB 0x00000000ac100000| Untracked 
| 706|0x00000000ac200000, 0x00000000ac200000, 0x00000000ac300000|  0%| F|  |TAMS 0x00000000ac200000| PB 0x00000000ac200000| Untracked 
| 707|0x00000000ac300000, 0x00000000ac300000, 0x00000000ac400000|  0%| F|  |TAMS 0x00000000ac300000| PB 0x00000000ac300000| Untracked 
| 708|0x00000000ac400000, 0x00000000ac400000, 0x00000000ac500000|  0%| F|  |TAMS 0x00000000ac400000| PB 0x00000000ac400000| Untracked 
| 709|0x00000000ac500000, 0x00000000ac500000, 0x00000000ac600000|  0%| F|  |TAMS 0x00000000ac500000| PB 0x00000000ac500000| Untracked 
| 710|0x00000000ac600000, 0x00000000ac600000, 0x00000000ac700000|  0%| F|  |TAMS 0x00000000ac600000| PB 0x00000000ac600000| Untracked 
| 711|0x00000000ac700000, 0x00000000ac700000, 0x00000000ac800000|  0%| F|  |TAMS 0x00000000ac700000| PB 0x00000000ac700000| Untracked 
| 712|0x00000000ac800000, 0x00000000ac800000, 0x00000000ac900000|  0%| F|  |TAMS 0x00000000ac800000| PB 0x00000000ac800000| Untracked 
| 713|0x00000000ac900000, 0x00000000ac900000, 0x00000000aca00000|  0%| F|  |TAMS 0x00000000ac900000| PB 0x00000000ac900000| Untracked 
| 714|0x00000000aca00000, 0x00000000aca00000, 0x00000000acb00000|  0%| F|  |TAMS 0x00000000aca00000| PB 0x00000000aca00000| Untracked 
| 715|0x00000000acb00000, 0x00000000acb00000, 0x00000000acc00000|  0%| F|  |TAMS 0x00000000acb00000| PB 0x00000000acb00000| Untracked 
| 716|0x00000000acc00000, 0x00000000acc00000, 0x00000000acd00000|  0%| F|  |TAMS 0x00000000acc00000| PB 0x00000000acc00000| Untracked 
| 717|0x00000000acd00000, 0x00000000acd00000, 0x00000000ace00000|  0%| F|  |TAMS 0x00000000acd00000| PB 0x00000000acd00000| Untracked 
| 718|0x00000000ace00000, 0x00000000ace00000, 0x00000000acf00000|  0%| F|  |TAMS 0x00000000ace00000| PB 0x00000000ace00000| Untracked 
| 719|0x00000000acf00000, 0x00000000acf00000, 0x00000000ad000000|  0%| F|  |TAMS 0x00000000acf00000| PB 0x00000000acf00000| Untracked 
| 720|0x00000000ad000000, 0x00000000ad000000, 0x00000000ad100000|  0%| F|  |TAMS 0x00000000ad000000| PB 0x00000000ad000000| Untracked 
| 721|0x00000000ad100000, 0x00000000ad100000, 0x00000000ad200000|  0%| F|  |TAMS 0x00000000ad100000| PB 0x00000000ad100000| Untracked 
| 722|0x00000000ad200000, 0x00000000ad200000, 0x00000000ad300000|  0%| F|  |TAMS 0x00000000ad200000| PB 0x00000000ad200000| Untracked 
| 723|0x00000000ad300000, 0x00000000ad300000, 0x00000000ad400000|  0%| F|  |TAMS 0x00000000ad300000| PB 0x00000000ad300000| Untracked 
| 724|0x00000000ad400000, 0x00000000ad400000, 0x00000000ad500000|  0%| F|  |TAMS 0x00000000ad400000| PB 0x00000000ad400000| Untracked 
| 725|0x00000000ad500000, 0x00000000ad500000, 0x00000000ad600000|  0%| F|  |TAMS 0x00000000ad500000| PB 0x00000000ad500000| Untracked 
| 726|0x00000000ad600000, 0x00000000ad600000, 0x00000000ad700000|  0%| F|  |TAMS 0x00000000ad600000| PB 0x00000000ad600000| Untracked 
| 727|0x00000000ad700000, 0x00000000ad700000, 0x00000000ad800000|  0%| F|  |TAMS 0x00000000ad700000| PB 0x00000000ad700000| Untracked 
| 728|0x00000000ad800000, 0x00000000ad800000, 0x00000000ad900000|  0%| F|  |TAMS 0x00000000ad800000| PB 0x00000000ad800000| Untracked 
| 729|0x00000000ad900000, 0x00000000ad900000, 0x00000000ada00000|  0%| F|  |TAMS 0x00000000ad900000| PB 0x00000000ad900000| Untracked 
| 730|0x00000000ada00000, 0x00000000ada00000, 0x00000000adb00000|  0%| F|  |TAMS 0x00000000ada00000| PB 0x00000000ada00000| Untracked 
| 731|0x00000000adb00000, 0x00000000adb00000, 0x00000000adc00000|  0%| F|  |TAMS 0x00000000adb00000| PB 0x00000000adb00000| Untracked 
| 732|0x00000000adc00000, 0x00000000adc00000, 0x00000000add00000|  0%| F|  |TAMS 0x00000000adc00000| PB 0x00000000adc00000| Untracked 
| 733|0x00000000add00000, 0x00000000add00000, 0x00000000ade00000|  0%| F|  |TAMS 0x00000000add00000| PB 0x00000000add00000| Untracked 
| 734|0x00000000ade00000, 0x00000000ade00000, 0x00000000adf00000|  0%| F|  |TAMS 0x00000000ade00000| PB 0x00000000ade00000| Untracked 
| 735|0x00000000adf00000, 0x00000000adf00000, 0x00000000ae000000|  0%| F|  |TAMS 0x00000000adf00000| PB 0x00000000adf00000| Untracked 
| 736|0x00000000ae000000, 0x00000000ae000000, 0x00000000ae100000|  0%| F|  |TAMS 0x00000000ae000000| PB 0x00000000ae000000| Untracked 
| 737|0x00000000ae100000, 0x00000000ae100000, 0x00000000ae200000|  0%| F|  |TAMS 0x00000000ae100000| PB 0x00000000ae100000| Untracked 
| 738|0x00000000ae200000, 0x00000000ae200000, 0x00000000ae300000|  0%| F|  |TAMS 0x00000000ae200000| PB 0x00000000ae200000| Untracked 
| 739|0x00000000ae300000, 0x00000000ae300000, 0x00000000ae400000|  0%| F|  |TAMS 0x00000000ae300000| PB 0x00000000ae300000| Untracked 
| 740|0x00000000ae400000, 0x00000000ae400000, 0x00000000ae500000|  0%| F|  |TAMS 0x00000000ae400000| PB 0x00000000ae400000| Untracked 
| 741|0x00000000ae500000, 0x00000000ae500000, 0x00000000ae600000|  0%| F|  |TAMS 0x00000000ae500000| PB 0x00000000ae500000| Untracked 
| 742|0x00000000ae600000, 0x00000000ae600000, 0x00000000ae700000|  0%| F|  |TAMS 0x00000000ae600000| PB 0x00000000ae600000| Untracked 
| 743|0x00000000ae700000, 0x00000000ae700000, 0x00000000ae800000|  0%| F|  |TAMS 0x00000000ae700000| PB 0x00000000ae700000| Untracked 
| 744|0x00000000ae800000, 0x00000000ae800000, 0x00000000ae900000|  0%| F|  |TAMS 0x00000000ae800000| PB 0x00000000ae800000| Untracked 
| 745|0x00000000ae900000, 0x00000000ae900000, 0x00000000aea00000|  0%| F|  |TAMS 0x00000000ae900000| PB 0x00000000ae900000| Untracked 
| 746|0x00000000aea00000, 0x00000000aea00000, 0x00000000aeb00000|  0%| F|  |TAMS 0x00000000aea00000| PB 0x00000000aea00000| Untracked 
| 747|0x00000000aeb00000, 0x00000000aeb00000, 0x00000000aec00000|  0%| F|  |TAMS 0x00000000aeb00000| PB 0x00000000aeb00000| Untracked 
| 748|0x00000000aec00000, 0x00000000aec00000, 0x00000000aed00000|  0%| F|  |TAMS 0x00000000aec00000| PB 0x00000000aec00000| Untracked 
| 749|0x00000000aed00000, 0x00000000aed00000, 0x00000000aee00000|  0%| F|  |TAMS 0x00000000aed00000| PB 0x00000000aed00000| Untracked 
| 750|0x00000000aee00000, 0x00000000aee00000, 0x00000000aef00000|  0%| F|  |TAMS 0x00000000aee00000| PB 0x00000000aee00000| Untracked 
| 751|0x00000000aef00000, 0x00000000aef00000, 0x00000000af000000|  0%| F|  |TAMS 0x00000000aef00000| PB 0x00000000aef00000| Untracked 
| 752|0x00000000af000000, 0x00000000af000000, 0x00000000af100000|  0%| F|  |TAMS 0x00000000af000000| PB 0x00000000af000000| Untracked 
| 753|0x00000000af100000, 0x00000000af100000, 0x00000000af200000|  0%| F|  |TAMS 0x00000000af100000| PB 0x00000000af100000| Untracked 
| 754|0x00000000af200000, 0x00000000af200000, 0x00000000af300000|  0%| F|  |TAMS 0x00000000af200000| PB 0x00000000af200000| Untracked 
| 755|0x00000000af300000, 0x00000000af300000, 0x00000000af400000|  0%| F|  |TAMS 0x00000000af300000| PB 0x00000000af300000| Untracked 
| 756|0x00000000af400000, 0x00000000af400000, 0x00000000af500000|  0%| F|  |TAMS 0x00000000af400000| PB 0x00000000af400000| Untracked 
| 757|0x00000000af500000, 0x00000000af500000, 0x00000000af600000|  0%| F|  |TAMS 0x00000000af500000| PB 0x00000000af500000| Untracked 
| 758|0x00000000af600000, 0x00000000af600000, 0x00000000af700000|  0%| F|  |TAMS 0x00000000af600000| PB 0x00000000af600000| Untracked 
| 759|0x00000000af700000, 0x00000000af700000, 0x00000000af800000|  0%| F|  |TAMS 0x00000000af700000| PB 0x00000000af700000| Untracked 
| 760|0x00000000af800000, 0x00000000af800000, 0x00000000af900000|  0%| F|  |TAMS 0x00000000af800000| PB 0x00000000af800000| Untracked 
| 761|0x00000000af900000, 0x00000000af900000, 0x00000000afa00000|  0%| F|  |TAMS 0x00000000af900000| PB 0x00000000af900000| Untracked 
| 762|0x00000000afa00000, 0x00000000afa00000, 0x00000000afb00000|  0%| F|  |TAMS 0x00000000afa00000| PB 0x00000000afa00000| Untracked 
| 763|0x00000000afb00000, 0x00000000afb00000, 0x00000000afc00000|  0%| F|  |TAMS 0x00000000afb00000| PB 0x00000000afb00000| Untracked 
| 764|0x00000000afc00000, 0x00000000afc00000, 0x00000000afd00000|  0%| F|  |TAMS 0x00000000afc00000| PB 0x00000000afc00000| Untracked 
| 765|0x00000000afd00000, 0x00000000afd00000, 0x00000000afe00000|  0%| F|  |TAMS 0x00000000afd00000| PB 0x00000000afd00000| Untracked 
| 766|0x00000000afe00000, 0x00000000afe00000, 0x00000000aff00000|  0%| F|  |TAMS 0x00000000afe00000| PB 0x00000000afe00000| Untracked 
| 767|0x00000000aff00000, 0x00000000aff00000, 0x00000000b0000000|  0%| F|  |TAMS 0x00000000aff00000| PB 0x00000000aff00000| Untracked 
| 768|0x00000000b0000000, 0x00000000b0000000, 0x00000000b0100000|  0%| F|  |TAMS 0x00000000b0000000| PB 0x00000000b0000000| Untracked 
| 769|0x00000000b0100000, 0x00000000b0100000, 0x00000000b0200000|  0%| F|  |TAMS 0x00000000b0100000| PB 0x00000000b0100000| Untracked 
| 770|0x00000000b0200000, 0x00000000b0200000, 0x00000000b0300000|  0%| F|  |TAMS 0x00000000b0200000| PB 0x00000000b0200000| Untracked 
| 771|0x00000000b0300000, 0x00000000b0300000, 0x00000000b0400000|  0%| F|  |TAMS 0x00000000b0300000| PB 0x00000000b0300000| Untracked 
| 772|0x00000000b0400000, 0x00000000b0400000, 0x00000000b0500000|  0%| F|  |TAMS 0x00000000b0400000| PB 0x00000000b0400000| Untracked 
| 773|0x00000000b0500000, 0x00000000b0500000, 0x00000000b0600000|  0%| F|  |TAMS 0x00000000b0500000| PB 0x00000000b0500000| Untracked 
| 774|0x00000000b0600000, 0x00000000b0600000, 0x00000000b0700000|  0%| F|  |TAMS 0x00000000b0600000| PB 0x00000000b0600000| Untracked 
| 775|0x00000000b0700000, 0x00000000b0700000, 0x00000000b0800000|  0%| F|  |TAMS 0x00000000b0700000| PB 0x00000000b0700000| Untracked 
| 776|0x00000000b0800000, 0x00000000b0800000, 0x00000000b0900000|  0%| F|  |TAMS 0x00000000b0800000| PB 0x00000000b0800000| Untracked 
| 777|0x00000000b0900000, 0x00000000b0900000, 0x00000000b0a00000|  0%| F|  |TAMS 0x00000000b0900000| PB 0x00000000b0900000| Untracked 
| 778|0x00000000b0a00000, 0x00000000b0a00000, 0x00000000b0b00000|  0%| F|  |TAMS 0x00000000b0a00000| PB 0x00000000b0a00000| Untracked 
| 779|0x00000000b0b00000, 0x00000000b0b00000, 0x00000000b0c00000|  0%| F|  |TAMS 0x00000000b0b00000| PB 0x00000000b0b00000| Untracked 
| 780|0x00000000b0c00000, 0x00000000b0c00000, 0x00000000b0d00000|  0%| F|  |TAMS 0x00000000b0c00000| PB 0x00000000b0c00000| Untracked 
| 781|0x00000000b0d00000, 0x00000000b0d00000, 0x00000000b0e00000|  0%| F|  |TAMS 0x00000000b0d00000| PB 0x00000000b0d00000| Untracked 
| 782|0x00000000b0e00000, 0x00000000b0e00000, 0x00000000b0f00000|  0%| F|  |TAMS 0x00000000b0e00000| PB 0x00000000b0e00000| Untracked 
| 783|0x00000000b0f00000, 0x00000000b0f00000, 0x00000000b1000000|  0%| F|  |TAMS 0x00000000b0f00000| PB 0x00000000b0f00000| Untracked 
| 784|0x00000000b1000000, 0x00000000b1000000, 0x00000000b1100000|  0%| F|  |TAMS 0x00000000b1000000| PB 0x00000000b1000000| Untracked 
| 785|0x00000000b1100000, 0x00000000b1100000, 0x00000000b1200000|  0%| F|  |TAMS 0x00000000b1100000| PB 0x00000000b1100000| Untracked 
| 786|0x00000000b1200000, 0x00000000b1200000, 0x00000000b1300000|  0%| F|  |TAMS 0x00000000b1200000| PB 0x00000000b1200000| Untracked 
| 787|0x00000000b1300000, 0x00000000b1300000, 0x00000000b1400000|  0%| F|  |TAMS 0x00000000b1300000| PB 0x00000000b1300000| Untracked 
| 788|0x00000000b1400000, 0x00000000b1400000, 0x00000000b1500000|  0%| F|  |TAMS 0x00000000b1400000| PB 0x00000000b1400000| Untracked 
| 789|0x00000000b1500000, 0x00000000b1500000, 0x00000000b1600000|  0%| F|  |TAMS 0x00000000b1500000| PB 0x00000000b1500000| Untracked 
| 790|0x00000000b1600000, 0x00000000b1600000, 0x00000000b1700000|  0%| F|  |TAMS 0x00000000b1600000| PB 0x00000000b1600000| Untracked 
| 791|0x00000000b1700000, 0x00000000b1700000, 0x00000000b1800000|  0%| F|  |TAMS 0x00000000b1700000| PB 0x00000000b1700000| Untracked 
| 792|0x00000000b1800000, 0x00000000b1800000, 0x00000000b1900000|  0%| F|  |TAMS 0x00000000b1800000| PB 0x00000000b1800000| Untracked 
| 793|0x00000000b1900000, 0x00000000b1900000, 0x00000000b1a00000|  0%| F|  |TAMS 0x00000000b1900000| PB 0x00000000b1900000| Untracked 
| 794|0x00000000b1a00000, 0x00000000b1a00000, 0x00000000b1b00000|  0%| F|  |TAMS 0x00000000b1a00000| PB 0x00000000b1a00000| Untracked 
| 795|0x00000000b1b00000, 0x00000000b1b00000, 0x00000000b1c00000|  0%| F|  |TAMS 0x00000000b1b00000| PB 0x00000000b1b00000| Untracked 
| 796|0x00000000b1c00000, 0x00000000b1c00000, 0x00000000b1d00000|  0%| F|  |TAMS 0x00000000b1c00000| PB 0x00000000b1c00000| Untracked 
| 797|0x00000000b1d00000, 0x00000000b1d00000, 0x00000000b1e00000|  0%| F|  |TAMS 0x00000000b1d00000| PB 0x00000000b1d00000| Untracked 
| 798|0x00000000b1e00000, 0x00000000b1e00000, 0x00000000b1f00000|  0%| F|  |TAMS 0x00000000b1e00000| PB 0x00000000b1e00000| Untracked 
| 799|0x00000000b1f00000, 0x00000000b1f00000, 0x00000000b2000000|  0%| F|  |TAMS 0x00000000b1f00000| PB 0x00000000b1f00000| Untracked 
| 800|0x00000000b2000000, 0x00000000b2000000, 0x00000000b2100000|  0%| F|  |TAMS 0x00000000b2000000| PB 0x00000000b2000000| Untracked 
| 801|0x00000000b2100000, 0x00000000b2100000, 0x00000000b2200000|  0%| F|  |TAMS 0x00000000b2100000| PB 0x00000000b2100000| Untracked 
| 802|0x00000000b2200000, 0x00000000b2200000, 0x00000000b2300000|  0%| F|  |TAMS 0x00000000b2200000| PB 0x00000000b2200000| Untracked 
| 803|0x00000000b2300000, 0x00000000b2300000, 0x00000000b2400000|  0%| F|  |TAMS 0x00000000b2300000| PB 0x00000000b2300000| Untracked 
| 804|0x00000000b2400000, 0x00000000b2400000, 0x00000000b2500000|  0%| F|  |TAMS 0x00000000b2400000| PB 0x00000000b2400000| Untracked 
| 805|0x00000000b2500000, 0x00000000b2500000, 0x00000000b2600000|  0%| F|  |TAMS 0x00000000b2500000| PB 0x00000000b2500000| Untracked 
| 806|0x00000000b2600000, 0x00000000b2600000, 0x00000000b2700000|  0%| F|  |TAMS 0x00000000b2600000| PB 0x00000000b2600000| Untracked 
|1987|0x00000000fc300000, 0x00000000fc400000, 0x00000000fc400000|100%| O|  |TAMS 0x00000000fc300000| PB 0x00000000fc300000| Untracked 
|1988|0x00000000fc400000, 0x00000000fc500000, 0x00000000fc500000|100%| O|  |TAMS 0x00000000fc400000| PB 0x00000000fc400000| Untracked 
|1989|0x00000000fc500000, 0x00000000fc600000, 0x00000000fc600000|100%| O|  |TAMS 0x00000000fc500000| PB 0x00000000fc500000| Untracked 
|1990|0x00000000fc600000, 0x00000000fc700000, 0x00000000fc700000|100%| O|  |TAMS 0x00000000fc600000| PB 0x00000000fc600000| Untracked 
|1991|0x00000000fc700000, 0x00000000fc800000, 0x00000000fc800000|100%| O|  |TAMS 0x00000000fc700000| PB 0x00000000fc700000| Untracked 
|1992|0x00000000fc800000, 0x00000000fc900000, 0x00000000fc900000|100%| O|  |TAMS 0x00000000fc800000| PB 0x00000000fc800000| Untracked 
|1993|0x00000000fc900000, 0x00000000fca00000, 0x00000000fca00000|100%| O|  |TAMS 0x00000000fc900000| PB 0x00000000fc900000| Untracked 
|1994|0x00000000fca00000, 0x00000000fcb00000, 0x00000000fcb00000|100%| O|  |TAMS 0x00000000fca00000| PB 0x00000000fca00000| Untracked 
|1995|0x00000000fcb00000, 0x00000000fcc00000, 0x00000000fcc00000|100%| O|  |TAMS 0x00000000fcb00000| PB 0x00000000fcb00000| Untracked 
|1996|0x00000000fcc00000, 0x00000000fcc00000, 0x00000000fcd00000|  0%| F|  |TAMS 0x00000000fcc00000| PB 0x00000000fcc00000| Untracked 
|1997|0x00000000fcd00000, 0x00000000fce00000, 0x00000000fce00000|100%| O|  |TAMS 0x00000000fcd00000| PB 0x00000000fcd00000| Untracked 
|1998|0x00000000fce00000, 0x00000000fcf00000, 0x00000000fcf00000|100%| O|  |TAMS 0x00000000fce00000| PB 0x00000000fce00000| Untracked 
|1999|0x00000000fcf00000, 0x00000000fcf00000, 0x00000000fd000000|  0%| F|  |TAMS 0x00000000fcf00000| PB 0x00000000fcf00000| Untracked 
|2000|0x00000000fd000000, 0x00000000fd000000, 0x00000000fd100000|  0%| F|  |TAMS 0x00000000fd000000| PB 0x00000000fd000000| Untracked 
|2001|0x00000000fd100000, 0x00000000fd100000, 0x00000000fd200000|  0%| F|  |TAMS 0x00000000fd100000| PB 0x00000000fd100000| Untracked 
|2002|0x00000000fd200000, 0x00000000fd200000, 0x00000000fd300000|  0%| F|  |TAMS 0x00000000fd200000| PB 0x00000000fd200000| Untracked 
|2003|0x00000000fd300000, 0x00000000fd300000, 0x00000000fd400000|  0%| F|  |TAMS 0x00000000fd300000| PB 0x00000000fd300000| Untracked 
|2004|0x00000000fd400000, 0x00000000fd400000, 0x00000000fd500000|  0%| F|  |TAMS 0x00000000fd400000| PB 0x00000000fd400000| Untracked 
|2005|0x00000000fd500000, 0x00000000fd500000, 0x00000000fd600000|  0%| F|  |TAMS 0x00000000fd500000| PB 0x00000000fd500000| Untracked 
|2006|0x00000000fd600000, 0x00000000fd600000, 0x00000000fd700000|  0%| F|  |TAMS 0x00000000fd600000| PB 0x00000000fd600000| Untracked 
|2007|0x00000000fd700000, 0x00000000fd700000, 0x00000000fd800000|  0%| F|  |TAMS 0x00000000fd700000| PB 0x00000000fd700000| Untracked 
|2008|0x00000000fd800000, 0x00000000fd800000, 0x00000000fd900000|  0%| F|  |TAMS 0x00000000fd800000| PB 0x00000000fd800000| Untracked 
|2009|0x00000000fd900000, 0x00000000fd900000, 0x00000000fda00000|  0%| F|  |TAMS 0x00000000fd900000| PB 0x00000000fd900000| Untracked 
|2010|0x00000000fda00000, 0x00000000fda00000, 0x00000000fdb00000|  0%| F|  |TAMS 0x00000000fda00000| PB 0x00000000fda00000| Untracked 
|2011|0x00000000fdb00000, 0x00000000fdb00000, 0x00000000fdc00000|  0%| F|  |TAMS 0x00000000fdb00000| PB 0x00000000fdb00000| Untracked 
|2012|0x00000000fdc00000, 0x00000000fdd00000, 0x00000000fdd00000|100%| O|  |TAMS 0x00000000fdc00000| PB 0x00000000fdc00000| Untracked 
|2013|0x00000000fdd00000, 0x00000000fdd00000, 0x00000000fde00000|  0%| F|  |TAMS 0x00000000fdd00000| PB 0x00000000fdd00000| Untracked 
|2014|0x00000000fde00000, 0x00000000fde00000, 0x00000000fdf00000|  0%| F|  |TAMS 0x00000000fde00000| PB 0x00000000fde00000| Untracked 
|2015|0x00000000fdf00000, 0x00000000fdf00000, 0x00000000fe000000|  0%| F|  |TAMS 0x00000000fdf00000| PB 0x00000000fdf00000| Untracked 
|2016|0x00000000fe000000, 0x00000000fe100000, 0x00000000fe100000|100%| O|  |TAMS 0x00000000fe000000| PB 0x00000000fe000000| Untracked 
|2017|0x00000000fe100000, 0x00000000fe200000, 0x00000000fe200000|100%| O|  |TAMS 0x00000000fe100000| PB 0x00000000fe100000| Untracked 
|2018|0x00000000fe200000, 0x00000000fe200000, 0x00000000fe300000|  0%| F|  |TAMS 0x00000000fe200000| PB 0x00000000fe200000| Untracked 
|2019|0x00000000fe300000, 0x00000000fe300000, 0x00000000fe400000|  0%| F|  |TAMS 0x00000000fe300000| PB 0x00000000fe300000| Untracked 
|2020|0x00000000fe400000, 0x00000000fe400000, 0x00000000fe500000|  0%| F|  |TAMS 0x00000000fe400000| PB 0x00000000fe400000| Untracked 
|2021|0x00000000fe500000, 0x00000000fe500000, 0x00000000fe600000|  0%| F|  |TAMS 0x00000000fe500000| PB 0x00000000fe500000| Untracked 
|2022|0x00000000fe600000, 0x00000000fe600000, 0x00000000fe700000|  0%| F|  |TAMS 0x00000000fe600000| PB 0x00000000fe600000| Untracked 
|2023|0x00000000fe700000, 0x00000000fe700000, 0x00000000fe800000|  0%| F|  |TAMS 0x00000000fe700000| PB 0x00000000fe700000| Untracked 
|2024|0x00000000fe800000, 0x00000000fe800000, 0x00000000fe900000|  0%| F|  |TAMS 0x00000000fe800000| PB 0x00000000fe800000| Untracked 
|2025|0x00000000fe900000, 0x00000000fe900000, 0x00000000fea00000|  0%| F|  |TAMS 0x00000000fe900000| PB 0x00000000fe900000| Untracked 
|2026|0x00000000fea00000, 0x00000000fea00000, 0x00000000feb00000|  0%| F|  |TAMS 0x00000000fea00000| PB 0x00000000fea00000| Untracked 
|2027|0x00000000feb00000, 0x00000000feb00000, 0x00000000fec00000|  0%| F|  |TAMS 0x00000000feb00000| PB 0x00000000feb00000| Untracked 
|2028|0x00000000fec00000, 0x00000000fec00000, 0x00000000fed00000|  0%| F|  |TAMS 0x00000000fec00000| PB 0x00000000fec00000| Untracked 
|2029|0x00000000fed00000, 0x00000000fed00000, 0x00000000fee00000|  0%| F|  |TAMS 0x00000000fed00000| PB 0x00000000fed00000| Untracked 
|2030|0x00000000fee00000, 0x00000000fee00000, 0x00000000fef00000|  0%| F|  |TAMS 0x00000000fee00000| PB 0x00000000fee00000| Untracked 
|2031|0x00000000fef00000, 0x00000000fef00000, 0x00000000ff000000|  0%| F|  |TAMS 0x00000000fef00000| PB 0x00000000fef00000| Untracked 
|2032|0x00000000ff000000, 0x00000000ff100000, 0x00000000ff100000|100%| O|  |TAMS 0x00000000ff000000| PB 0x00000000ff000000| Untracked 
|2033|0x00000000ff100000, 0x00000000ff100000, 0x00000000ff200000|  0%| F|  |TAMS 0x00000000ff100000| PB 0x00000000ff100000| Untracked 
|2034|0x00000000ff200000, 0x00000000ff200000, 0x00000000ff300000|  0%| F|  |TAMS 0x00000000ff200000| PB 0x00000000ff200000| Untracked 
|2035|0x00000000ff300000, 0x00000000ff300000, 0x00000000ff400000|  0%| F|  |TAMS 0x00000000ff300000| PB 0x00000000ff300000| Untracked 
|2036|0x00000000ff400000, 0x00000000ff500000, 0x00000000ff500000|100%| O|  |TAMS 0x00000000ff400000| PB 0x00000000ff400000| Untracked 
|2037|0x00000000ff500000, 0x00000000ff600000, 0x00000000ff600000|100%| O|  |TAMS 0x00000000ff500000| PB 0x00000000ff500000| Untracked 
|2038|0x00000000ff600000, 0x00000000ff700000, 0x00000000ff700000|100%| O|  |TAMS 0x00000000ff600000| PB 0x00000000ff600000| Untracked 
|2039|0x00000000ff700000, 0x00000000ff800000, 0x00000000ff800000|100%| O|  |TAMS 0x00000000ff700000| PB 0x00000000ff700000| Untracked 
|2040|0x00000000ff800000, 0x00000000ff900000, 0x00000000ff900000|100%| O|  |TAMS 0x00000000ff800000| PB 0x00000000ff800000| Untracked 
|2041|0x00000000ff900000, 0x00000000ffa00000, 0x00000000ffa00000|100%| O|  |TAMS 0x00000000ff900000| PB 0x00000000ff900000| Untracked 
|2042|0x00000000ffa00000, 0x00000000ffb00000, 0x00000000ffb00000|100%| O|  |TAMS 0x00000000ffa00000| PB 0x00000000ffa00000| Untracked 
|2043|0x00000000ffb00000, 0x00000000ffb00000, 0x00000000ffc00000|  0%| F|  |TAMS 0x00000000ffb00000| PB 0x00000000ffb00000| Untracked 
|2044|0x00000000ffc00000, 0x00000000ffd00000, 0x00000000ffd00000|100%| O|  |TAMS 0x00000000ffc00000| PB 0x00000000ffc00000| Untracked 
|2045|0x00000000ffd00000, 0x00000000ffe00000, 0x00000000ffe00000|100%| O|  |TAMS 0x00000000ffd00000| PB 0x00000000ffd00000| Untracked 
|2046|0x00000000ffe00000, 0x00000000fff00000, 0x00000000fff00000|100%| O|  |TAMS 0x00000000ffe00000| PB 0x00000000ffe00000| Untracked 
|2047|0x00000000fff00000, 0x0000000100000000, 0x0000000100000000|100%| O|  |TAMS 0x00000000fff00000| PB 0x00000000fff00000| Untracked 

Card table byte_map: [0x000001e047280000,0x000001e047680000] _byte_map_base: 0x000001e046e80000

Marking Bits: (CMBitMap*) 0x000001e033a5a400
 Bits: [0x000001e047680000, 0x000001e049680000)

Polling page: 0x000001e031b90000

Metaspace:

Usage:
  Non-class:    105.81 MB used.
      Class:     18.06 MB used.
       Both:    123.87 MB used.

Virtual space:
  Non-class space:      128.00 MB reserved,     106.88 MB ( 83%) committed,  2 nodes.
      Class space:        1.00 GB reserved,      19.06 MB (  2%) committed,  1 nodes.
             Both:        1.12 GB reserved,     125.94 MB ( 11%) committed. 

Chunk freelists:
   Non-Class:  4.42 MB
       Class:  12.92 MB
        Both:  17.34 MB

MaxMetaspaceSize: unlimited
CompressedClassSpaceSize: 1.00 GB
Initial GC threshold: 21.00 MB
Current GC threshold: 209.62 MB
CDS: on
 - commit_granule_bytes: 65536.
 - commit_granule_words: 8192.
 - virtual_space_node_default_size: 8388608.
 - enlarge_chunks_in_place: 1.
 - use_allocation_guard: 0.


Internal statistics:

num_allocs_failed_limit: 11.
num_arena_births: 4216.
num_arena_deaths: 68.
num_vsnodes_births: 3.
num_vsnodes_deaths: 0.
num_space_committed: 2014.
num_space_uncommitted: 0.
num_chunks_returned_to_freelist: 111.
num_chunks_taken_from_freelist: 10040.
num_chunk_merges: 42.
num_chunk_splits: 6779.
num_chunks_enlarged: 4518.
num_inconsistent_stats: 0.

CodeHeap 'non-profiled nmethods': size=119168Kb used=9120Kb max_used=10397Kb free=110048Kb
 bounds [0x000001e03f1a0000, 0x000001e03fd10000, 0x000001e046600000]
CodeHeap 'profiled nmethods': size=119104Kb used=28635Kb max_used=46687Kb free=90468Kb
 bounds [0x000001e037600000, 0x000001e03a420000, 0x000001e03ea50000]
CodeHeap 'non-nmethods': size=7488Kb used=2589Kb max_used=3784Kb free=4898Kb
 bounds [0x000001e03ea50000, 0x000001e03ee20000, 0x000001e03f1a0000]
CodeCache: size=245760Kb, used=40344Kb, max_used=60868Kb, free=205414Kb
 total_blobs=12022, nmethods=11143, adapters=781, full_count=0
Compilation: enabled, stopped_count=0, restarted_count=0

Compilation events (20 events):
Event: 165.193 Thread 0x000001e09925afd0 nmethod 28136 0x000001e03f7f4690 code [0x000001e03f7f4a20, 0x000001e03f7f6d50]
Event: 165.195 Thread 0x000001e09925afd0 28148   !   4       java.util.concurrent.ConcurrentHashMap::putVal (432 bytes)
Event: 165.206 Thread 0x000001e09a4e03e0 28225       2       com.android.tools.r8.graph.o6$a::equals (31 bytes)
Event: 165.207 Thread 0x000001e09a4e03e0 nmethod 28225 0x000001e0377f8010 code [0x000001e0377f81e0, 0x000001e0377f8400]
Event: 165.238 Thread 0x000001e04c860aa0 28226 %     2       com.android.tools.r8.ir.optimize.f0::a @ 10 (728 bytes)
Event: 165.248 Thread 0x000001e04c860aa0 nmethod 28226% 0x000001e0377dd710 code [0x000001e0377ddc80, 0x000001e0377df8e8]
Event: 165.266 Thread 0x000001e09a4e03e0 28228       3       com.android.tools.r8.internal.st::a (18 bytes)
Event: 165.267 Thread 0x000001e09a4e03e0 nmethod 28228 0x000001e03787b890 code [0x000001e03787ba40, 0x000001e03787bc70]
Event: 165.280 Thread 0x000001e09a4e03e0 28229       2       com.android.tools.r8.ir.optimize.f0::a (728 bytes)
Event: 165.289 Thread 0x000001e09a4e03e0 nmethod 28229 0x000001e037dea710 code [0x000001e037deac60, 0x000001e037dec738]
Event: 165.290 Thread 0x000001e04c860aa0 28230       2       java.lang.Math::floorMod (28 bytes)
Event: 165.291 Thread 0x000001e04c860aa0 nmethod 28230 0x000001e03797c190 code [0x000001e03797c340, 0x000001e03797c4c0]
Event: 165.296 Thread 0x000001e04c860aa0 28231       3       com.android.tools.r8.internal.nv0::a (50 bytes)
Event: 165.297 Thread 0x000001e04c860aa0 nmethod 28231 0x000001e0378e8090 code [0x000001e0378e8240, 0x000001e0378e8448]
Event: 165.305 Thread 0x000001e09a4e03e0 28232       2       java.util.concurrent.ConcurrentHashMap::size (31 bytes)
Event: 165.305 Thread 0x000001e09a4e03e0 nmethod 28232 0x000001e0379caf90 code [0x000001e0379cb140, 0x000001e0379cb2e0]
Event: 165.310 Thread 0x000001e09925afd0 nmethod 28148 0x000001e03f1e4090 code [0x000001e03f1e4320, 0x000001e03f1e5ad0]
Event: 165.312 Thread 0x000001e09925afd0 28179       4       com.android.tools.r8.internal.n0::putAll (124 bytes)
Event: 165.312 Thread 0x000001e09a4e03e0 28233       2       com.android.tools.r8.internal.qk2::a (194 bytes)
Event: 165.316 Thread 0x000001e09a4e03e0 nmethod 28233 0x000001e037711510 code [0x000001e037711860, 0x000001e037712c18]

GC Heap History (20 events):
Event: 150.012 GC heap after
{Heap after GC invocations=107 (full 0):
 garbage-first heap   total 822272K, used 310272K [0x0000000080000000, 0x0000000100000000)
  region size 1024K, 35 young (35840K), 35 survivors (35840K)
 Metaspace       used 126600K, committed 128640K, reserved 1179648K
  class space    used 18483K, committed 19456K, reserved 1048576K
}
Event: 153.418 GC heap before
{Heap before GC invocations=107 (full 0):
 garbage-first heap   total 822272K, used 766976K [0x0000000080000000, 0x0000000100000000)
  region size 1024K, 481 young (492544K), 35 survivors (35840K)
 Metaspace       used 126607K, committed 128704K, reserved 1179648K
  class space    used 18485K, committed 19520K, reserved 1048576K
}
Event: 153.500 GC heap after
{Heap after GC invocations=108 (full 0):
 garbage-first heap   total 822272K, used 310490K [0x0000000080000000, 0x0000000100000000)
  region size 1024K, 23 young (23552K), 23 survivors (23552K)
 Metaspace       used 126607K, committed 128704K, reserved 1179648K
  class space    used 18485K, committed 19520K, reserved 1048576K
}
Event: 156.517 GC heap before
{Heap before GC invocations=108 (full 0):
 garbage-first heap   total 822272K, used 780506K [0x0000000080000000, 0x0000000100000000)
  region size 1024K, 481 young (492544K), 23 survivors (23552K)
 Metaspace       used 126635K, committed 128768K, reserved 1179648K
  class space    used 18486K, committed 19520K, reserved 1048576K
}
Event: 156.548 GC heap after
{Heap after GC invocations=109 (full 0):
 garbage-first heap   total 822272K, used 309803K [0x0000000080000000, 0x0000000100000000)
  region size 1024K, 23 young (23552K), 23 survivors (23552K)
 Metaspace       used 126635K, committed 128768K, reserved 1179648K
  class space    used 18486K, committed 19520K, reserved 1048576K
}
Event: 158.081 GC heap before
{Heap before GC invocations=109 (full 0):
 garbage-first heap   total 822272K, used 777771K [0x0000000080000000, 0x0000000100000000)
  region size 1024K, 481 young (492544K), 23 survivors (23552K)
 Metaspace       used 126652K, committed 128768K, reserved 1179648K
  class space    used 18486K, committed 19520K, reserved 1048576K
}
Event: 158.148 GC heap after
{Heap after GC invocations=110 (full 0):
 garbage-first heap   total 839680K, used 345899K [0x0000000080000000, 0x0000000100000000)
  region size 1024K, 58 young (59392K), 58 survivors (59392K)
 Metaspace       used 126652K, committed 128768K, reserved 1179648K
  class space    used 18486K, committed 19520K, reserved 1048576K
}
Event: 158.611 GC heap before
{Heap before GC invocations=110 (full 0):
 garbage-first heap   total 839680K, used 507691K [0x0000000080000000, 0x0000000100000000)
  region size 1024K, 218 young (223232K), 58 survivors (59392K)
 Metaspace       used 126661K, committed 128768K, reserved 1179648K
  class space    used 18486K, committed 19520K, reserved 1048576K
}
Event: 158.682 GC heap after
{Heap after GC invocations=111 (full 0):
 garbage-first heap   total 839680K, used 351367K [0x0000000080000000, 0x0000000100000000)
  region size 1024K, 16 young (16384K), 16 survivors (16384K)
 Metaspace       used 126661K, committed 128768K, reserved 1179648K
  class space    used 18486K, committed 19520K, reserved 1048576K
}
Event: 159.846 GC heap before
{Heap before GC invocations=112 (full 0):
 garbage-first heap   total 839680K, used 779399K [0x0000000080000000, 0x0000000100000000)
  region size 1024K, 432 young (442368K), 16 survivors (16384K)
 Metaspace       used 126702K, committed 128768K, reserved 1179648K
  class space    used 18487K, committed 19520K, reserved 1048576K
}
Event: 159.883 GC heap after
{Heap after GC invocations=113 (full 0):
 garbage-first heap   total 839680K, used 364231K [0x0000000080000000, 0x0000000100000000)
  region size 1024K, 29 young (29696K), 29 survivors (29696K)
 Metaspace       used 126702K, committed 128768K, reserved 1179648K
  class space    used 18487K, committed 19520K, reserved 1048576K
}
Event: 161.064 GC heap before
{Heap before GC invocations=113 (full 0):
 garbage-first heap   total 839680K, used 777927K [0x0000000080000000, 0x0000000100000000)
  region size 1024K, 434 young (444416K), 29 survivors (29696K)
 Metaspace       used 126712K, committed 128832K, reserved 1179648K
  class space    used 18487K, committed 19520K, reserved 1048576K
}
Event: 161.147 GC heap after
{Heap after GC invocations=114 (full 0):
 garbage-first heap   total 843776K, used 334441K [0x0000000080000000, 0x0000000100000000)
  region size 1024K, 35 young (35840K), 35 survivors (35840K)
 Metaspace       used 126712K, committed 128832K, reserved 1179648K
  class space    used 18487K, committed 19520K, reserved 1048576K
}
Event: 162.299 GC heap before
{Heap before GC invocations=114 (full 0):
 garbage-first heap   total 843776K, used 781929K [0x0000000080000000, 0x0000000100000000)
  region size 1024K, 471 young (482304K), 35 survivors (35840K)
 Metaspace       used 126774K, committed 128896K, reserved 1179648K
  class space    used 18490K, committed 19520K, reserved 1048576K
}
Event: 162.388 GC heap after
{Heap after GC invocations=115 (full 0):
 garbage-first heap   total 869376K, used 365056K [0x0000000080000000, 0x0000000100000000)
  region size 1024K, 59 young (60416K), 59 survivors (60416K)
 Metaspace       used 126774K, committed 128896K, reserved 1179648K
  class space    used 18490K, committed 19520K, reserved 1048576K
}
Event: 163.324 GC heap before
{Heap before GC invocations=115 (full 0):
 garbage-first heap   total 869376K, used 785920K [0x0000000080000000, 0x0000000100000000)
  region size 1024K, 471 young (482304K), 59 survivors (60416K)
 Metaspace       used 126798K, committed 128896K, reserved 1179648K
  class space    used 18490K, committed 19520K, reserved 1048576K
}
Event: 163.402 GC heap after
{Heap after GC invocations=116 (full 0):
 garbage-first heap   total 888832K, used 405504K [0x0000000080000000, 0x0000000100000000)
  region size 1024K, 45 young (46080K), 45 survivors (46080K)
 Metaspace       used 126798K, committed 128896K, reserved 1179648K
  class space    used 18490K, committed 19520K, reserved 1048576K
}
Event: 164.519 GC heap before
{Heap before GC invocations=117 (full 0):
 garbage-first heap   total 888832K, used 797696K [0x0000000080000000, 0x0000000100000000)
  region size 1024K, 428 young (438272K), 45 survivors (46080K)
 Metaspace       used 126826K, committed 128896K, reserved 1179648K
  class space    used 18490K, committed 19520K, reserved 1048576K
}
Event: 164.584 GC heap after
{Heap after GC invocations=118 (full 0):
 garbage-first heap   total 888832K, used 437248K [0x0000000080000000, 0x0000000100000000)
  region size 1024K, 38 young (38912K), 38 survivors (38912K)
 Metaspace       used 126826K, committed 128896K, reserved 1179648K
  class space    used 18490K, committed 19520K, reserved 1048576K
}
Event: 165.317 GC heap before
{Heap before GC invocations=118 (full 0):
 garbage-first heap   total 888832K, used 799744K [0x0000000080000000, 0x0000000100000000)
  region size 1024K, 393 young (402432K), 38 survivors (38912K)
 Metaspace       used 126841K, committed 128960K, reserved 1179648K
  class space    used 18490K, committed 19520K, reserved 1048576K
}

Dll operation events (4 events):
Event: 0.017 Loaded shared library C:\Users\prott\.jdks\jbr-21.0.9\bin\java.dll
Event: 0.072 Loaded shared library C:\Users\prott\.jdks\jbr-21.0.9\bin\jsvml.dll
Event: 0.110 Loaded shared library C:\Users\prott\.jdks\jbr-21.0.9\bin\zip.dll
Event: 0.842 Loaded shared library C:\Users\prott\.jdks\jbr-21.0.9\bin\verify.dll

Deoptimization events (20 events):
Event: 165.103 Thread 0x000001e095359510 DEOPT PACKING pc=0x000001e039a206cf sp=0x00000095f15f96f0
Event: 165.104 Thread 0x000001e095359510 DEOPT UNPACKING pc=0x000001e03eaa4bc2 sp=0x00000095f15f8c70 mode 0
Event: 165.122 Thread 0x000001e096062bb0 DEOPT PACKING pc=0x000001e038f8b135 sp=0x00000095f1bfa730
Event: 165.122 Thread 0x000001e096062bb0 DEOPT UNPACKING pc=0x000001e03eaa4bc2 sp=0x00000095f1bf9c08 mode 0
Event: 165.159 Thread 0x000001e096061170 DEOPT PACKING pc=0x000001e038f8b135 sp=0x00000095f20fa730
Event: 165.159 Thread 0x000001e096061170 DEOPT UNPACKING pc=0x000001e03eaa4bc2 sp=0x00000095f20f9c08 mode 0
Event: 165.166 Thread 0x000001e096062bb0 DEOPT PACKING pc=0x000001e03a299695 sp=0x00000095f1bfa2d0
Event: 165.166 Thread 0x000001e096062bb0 DEOPT UNPACKING pc=0x000001e03eaa4bc2 sp=0x00000095f1bf9b58 mode 0
Event: 165.221 Thread 0x000001e095359510 DEOPT PACKING pc=0x000001e039a206cf sp=0x00000095f15f96f0
Event: 165.221 Thread 0x000001e095359510 DEOPT UNPACKING pc=0x000001e03eaa4bc2 sp=0x00000095f15f8c70 mode 0
Event: 165.227 Thread 0x000001e095356db0 Uncommon trap: trap_request=0xffffffbe fr.pc=0x000001e03f44f170 relative=0x00000000000010d0
Event: 165.227 Thread 0x000001e095356db0 Uncommon trap: reason=profile_predicate action=maybe_recompile pc=0x000001e03f44f170 method=com.android.tools.r8.ir.optimize.f0.a(Lcom/android/tools/r8/internal/w31;)Z @ 655 c2
Event: 165.227 Thread 0x000001e095356db0 DEOPT PACKING pc=0x000001e03f44f170 sp=0x00000095f16f9f70
Event: 165.227 Thread 0x000001e095356db0 DEOPT UNPACKING pc=0x000001e03eaa4422 sp=0x00000095f16f9f30 mode 2
Event: 165.235 Thread 0x000001e096061170 DEOPT PACKING pc=0x000001e038f8b135 sp=0x00000095f20fa730
Event: 165.235 Thread 0x000001e096061170 DEOPT UNPACKING pc=0x000001e03eaa4bc2 sp=0x00000095f20f9c08 mode 0
Event: 165.258 Thread 0x000001e095359510 DEOPT PACKING pc=0x000001e03a299695 sp=0x00000095f15f9c10
Event: 165.258 Thread 0x000001e095359510 DEOPT UNPACKING pc=0x000001e03eaa4bc2 sp=0x00000095f15f9498 mode 0
Event: 165.313 Thread 0x000001e095359510 DEOPT PACKING pc=0x000001e038f8b135 sp=0x00000095f15fa040
Event: 165.313 Thread 0x000001e095359510 DEOPT UNPACKING pc=0x000001e03eaa4bc2 sp=0x00000095f15f9518 mode 0

Classes loaded (20 events):
Event: 53.768 Loading class com/sun/org/apache/xerces/internal/dom/DOMImplementationImpl
Event: 53.768 Loading class org/w3c/dom/DOMImplementation
Event: 53.768 Loading class org/w3c/dom/DOMImplementation done
Event: 53.768 Loading class com/sun/org/apache/xerces/internal/dom/CoreDOMImplementationImpl
Event: 53.769 Loading class org/w3c/dom/ls/DOMImplementationLS
Event: 53.769 Loading class org/w3c/dom/ls/DOMImplementationLS done
Event: 53.769 Loading class com/sun/org/apache/xerces/internal/dom/CoreDOMImplementationImpl done
Event: 53.769 Loading class com/sun/org/apache/xerces/internal/dom/DOMImplementationImpl done
Event: 53.773 Loading class com/sun/org/apache/xerces/internal/dom/DeferredDOMImplementationImpl
Event: 53.773 Loading class com/sun/org/apache/xerces/internal/dom/DeferredDOMImplementationImpl done
Event: 53.882 Loading class com/sun/org/apache/xerces/internal/dom/DeepNodeListImpl
Event: 53.883 Loading class com/sun/org/apache/xerces/internal/dom/DeepNodeListImpl done
Event: 56.451 Loading class sun/nio/fs/WindowsFileCopy
Event: 56.453 Loading class sun/nio/fs/WindowsFileCopy done
Event: 63.535 Loading class java/util/SortedSet$1
Event: 63.536 Loading class java/util/SortedSet$1 done
Event: 68.595 Loading class java/nio/ByteBufferAsShortBufferL
Event: 68.596 Loading class java/nio/ByteBufferAsShortBufferL done
Event: 68.754 Loading class java/util/zip/Adler32
Event: 68.756 Loading class java/util/zip/Adler32 done

Classes unloaded (20 events):
Event: 67.048 Thread 0x000001e04c5ca0b0 Unloading class 0x000001e0500c5400 'java/lang/invoke/LambdaForm$DMH+0x000001e0500c5400'
Event: 67.048 Thread 0x000001e04c5ca0b0 Unloading class 0x000001e0500c5000 'java/lang/invoke/LambdaForm$DMH+0x000001e0500c5000'
Event: 67.048 Thread 0x000001e04c5ca0b0 Unloading class 0x000001e0500c4c00 'java/lang/invoke/LambdaForm$DMH+0x000001e0500c4c00'
Event: 67.048 Thread 0x000001e04c5ca0b0 Unloading class 0x000001e0500c4000 'java/lang/invoke/LambdaForm$DMH+0x000001e0500c4000'
Event: 67.048 Thread 0x000001e04c5ca0b0 Unloading class 0x000001e0500c4800 'java/lang/invoke/LambdaForm$DMH+0x000001e0500c4800'
Event: 67.048 Thread 0x000001e04c5ca0b0 Unloading class 0x000001e050019c00 'java/lang/invoke/LambdaForm$DMH+0x000001e050019c00'
Event: 67.048 Thread 0x000001e04c5ca0b0 Unloading class 0x000001e050019800 'java/lang/invoke/LambdaForm$DMH+0x000001e050019800'
Event: 67.048 Thread 0x000001e04c5ca0b0 Unloading class 0x000001e050019400 'java/lang/invoke/LambdaForm$DMH+0x000001e050019400'
Event: 67.048 Thread 0x000001e04c5ca0b0 Unloading class 0x000001e050019000 'java/lang/invoke/LambdaForm$DMH+0x000001e050019000'
Event: 67.048 Thread 0x000001e04c5ca0b0 Unloading class 0x000001e050018400 'java/lang/invoke/LambdaForm$DMH+0x000001e050018400'
Event: 67.048 Thread 0x000001e04c5ca0b0 Unloading class 0x000001e050018000 'java/lang/invoke/LambdaForm$DMH+0x000001e050018000'
Event: 67.048 Thread 0x000001e04c5ca0b0 Unloading class 0x000001e050018800 'java/lang/invoke/LambdaForm$DMH+0x000001e050018800'
Event: 71.751 Thread 0x000001e04c5ca0b0 Unloading class 0x000001e050204800 'java/lang/invoke/LambdaForm$DMH+0x000001e050204800'
Event: 71.751 Thread 0x000001e04c5ca0b0 Unloading class 0x000001e0501dc800 'java/lang/invoke/LambdaForm$DMH+0x000001e0501dc800'
Event: 71.751 Thread 0x000001e04c5ca0b0 Unloading class 0x000001e0501ac400 'java/lang/invoke/LambdaForm$DMH+0x000001e0501ac400'
Event: 71.751 Thread 0x000001e04c5ca0b0 Unloading class 0x000001e050171400 'java/lang/invoke/LambdaForm$DMH+0x000001e050171400'
Event: 71.751 Thread 0x000001e04c5ca0b0 Unloading class 0x000001e050170400 'java/lang/invoke/LambdaForm$DMH+0x000001e050170400'
Event: 71.751 Thread 0x000001e04c5ca0b0 Unloading class 0x000001e050171000 'java/lang/invoke/LambdaForm$DMH+0x000001e050171000'
Event: 71.751 Thread 0x000001e04c5ca0b0 Unloading class 0x000001e050170800 'java/lang/invoke/LambdaForm$DMH+0x000001e050170800'
Event: 71.751 Thread 0x000001e04c5ca0b0 Unloading class 0x000001e050170000 'java/lang/invoke/LambdaForm$DMH+0x000001e050170000'

Classes redefined (0 events):
No events

Internal exceptions (20 events):
Event: 163.100 Thread 0x000001e04cb8a6c0 Exception <a 'sun/nio/fs/WindowsException'{0x000000009fa80560}> (0x000000009fa80560) 
thrown [s\src\hotspot\share\prims\jni.cpp, line 537]
Event: 163.100 Thread 0x000001e04cb8a6c0 Exception <a 'sun/nio/fs/WindowsException'{0x000000009fa822a0}> (0x000000009fa822a0) 
thrown [s\src\hotspot\share\prims\jni.cpp, line 537]
Event: 163.105 Thread 0x000001e04cb8a6c0 Exception <a 'sun/nio/fs/WindowsException'{0x000000009f9de398}> (0x000000009f9de398) 
thrown [s\src\hotspot\share\prims\jni.cpp, line 537]
Event: 163.234 Thread 0x000001e096062bb0 Exception <a 'sun/nio/fs/WindowsException'{0x000000009d504ff8}> (0x000000009d504ff8) 
thrown [s\src\hotspot\share\prims\jni.cpp, line 537]
Event: 163.301 Thread 0x000001e096062bb0 Exception <a 'sun/nio/fs/WindowsException'{0x000000009d52acf8}> (0x000000009d52acf8) 
thrown [s\src\hotspot\share\prims\jni.cpp, line 537]
Event: 163.302 Thread 0x000001e096062bb0 Exception <a 'sun/nio/fs/WindowsException'{0x000000009d52bb98}> (0x000000009d52bb98) 
thrown [s\src\hotspot\share\prims\jni.cpp, line 537]
Event: 163.302 Thread 0x000001e096062bb0 Exception <a 'sun/nio/fs/WindowsException'{0x000000009d52cc78}> (0x000000009d52cc78) 
thrown [s\src\hotspot\share\prims\jni.cpp, line 537]
Event: 163.302 Thread 0x000001e096062bb0 Exception <a 'sun/nio/fs/WindowsException'{0x000000009d52de98}> (0x000000009d52de98) 
thrown [s\src\hotspot\share\prims\jni.cpp, line 537]
Event: 163.308 Thread 0x000001e096062bb0 Exception <a 'sun/nio/fs/WindowsException'{0x000000009d536608}> (0x000000009d536608) 
thrown [s\src\hotspot\share\prims\jni.cpp, line 537]
Event: 163.308 Thread 0x000001e096062bb0 Exception <a 'sun/nio/fs/WindowsException'{0x000000009d537560}> (0x000000009d537560) 
thrown [s\src\hotspot\share\prims\jni.cpp, line 537]
Event: 164.955 Thread 0x000001e095357440 Exception <a 'sun/nio/fs/WindowsException'{0x00000000aa679050}> (0x00000000aa679050) 
thrown [s\src\hotspot\share\prims\jni.cpp, line 537]
Event: 165.172 Thread 0x000001e095357440 Exception <a 'sun/nio/fs/WindowsException'{0x00000000a71f2500}> (0x00000000a71f2500) 
thrown [s\src\hotspot\share\prims\jni.cpp, line 537]
Event: 165.205 Thread 0x000001e095357ad0 Exception <a 'sun/nio/fs/WindowsException'{0x00000000a2132148}> (0x00000000a2132148) 
thrown [s\src\hotspot\share\prims\jni.cpp, line 537]
Event: 165.270 Thread 0x000001e095357440 Exception <a 'sun/nio/fs/WindowsException'{0x00000000a0718340}> (0x00000000a0718340) 
thrown [s\src\hotspot\share\prims\jni.cpp, line 537]
Event: 165.270 Thread 0x000001e095357440 Exception <a 'sun/nio/fs/WindowsException'{0x00000000a07191e0}> (0x00000000a07191e0) 
thrown [s\src\hotspot\share\prims\jni.cpp, line 537]
Event: 165.271 Thread 0x000001e095357440 Exception <a 'sun/nio/fs/WindowsException'{0x00000000a071a2c0}> (0x00000000a071a2c0) 
thrown [s\src\hotspot\share\prims\jni.cpp, line 537]
Event: 165.271 Thread 0x000001e095357440 Exception <a 'sun/nio/fs/WindowsException'{0x00000000a071b4e0}> (0x00000000a071b4e0) 
thrown [s\src\hotspot\share\prims\jni.cpp, line 537]
Event: 165.278 Thread 0x000001e095357440 Exception <a 'sun/nio/fs/WindowsException'{0x00000000a0723aa8}> (0x00000000a0723aa8) 
thrown [s\src\hotspot\share\prims\jni.cpp, line 537]
Event: 165.278 Thread 0x000001e095357440 Exception <a 'sun/nio/fs/WindowsException'{0x00000000a07249c0}> (0x00000000a07249c0) 
thrown [s\src\hotspot\share\prims\jni.cpp, line 537]
Event: 165.291 Thread 0x000001e095357ad0 Exception <a 'sun/nio/fs/WindowsException'{0x00000000a214ae68}> (0x00000000a214ae68) 
thrown [s\src\hotspot\share\prims\jni.cpp, line 537]

ZGC Phase Switch (0 events):
No events

VM Operations (20 events):
Event: 159.817 Executing VM operation: G1PauseCleanup done
Event: 159.835 Executing VM operation: G1CollectForAllocation (G1 Evacuation Pause)
Event: 159.883 Executing VM operation: G1CollectForAllocation (G1 Evacuation Pause) done
Event: 160.897 Executing VM operation: Cleanup
Event: 160.905 Executing VM operation: Cleanup done
Event: 161.063 Executing VM operation: G1CollectForAllocation (G1 Evacuation Pause)
Event: 161.147 Executing VM operation: G1CollectForAllocation (G1 Evacuation Pause) done
Event: 162.161 Executing VM operation: Cleanup
Event: 162.165 Executing VM operation: Cleanup done
Event: 162.299 Executing VM operation: G1CollectForAllocation (G1 Evacuation Pause)
Event: 162.388 Executing VM operation: G1CollectForAllocation (G1 Evacuation Pause) done
Event: 163.322 Executing VM operation: G1CollectForAllocation (G1 Evacuation Pause)
Event: 163.402 Executing VM operation: G1CollectForAllocation (G1 Evacuation Pause) done
Event: 163.833 Executing VM operation: G1PauseRemark
Event: 163.999 Executing VM operation: G1PauseRemark done
Event: 164.369 Executing VM operation: G1PauseCleanup
Event: 164.373 Executing VM operation: G1PauseCleanup done
Event: 164.518 Executing VM operation: G1CollectForAllocation (G1 Evacuation Pause)
Event: 164.584 Executing VM operation: G1CollectForAllocation (G1 Evacuation Pause) done
Event: 165.316 Executing VM operation: G1CollectForAllocation (G1 Evacuation Pause)

Memory protections (0 events):
No events

Nmethod flushes (20 events):
Event: 163.989 Thread 0x000001e04c5ca0b0 flushing  nmethod 0x000001e039492e90
Event: 163.989 Thread 0x000001e04c5ca0b0 flushing  nmethod 0x000001e039493210
Event: 163.989 Thread 0x000001e04c5ca0b0 flushing  nmethod 0x000001e039493b90
Event: 163.989 Thread 0x000001e04c5ca0b0 flushing  nmethod 0x000001e039494990
Event: 163.989 Thread 0x000001e04c5ca0b0 flushing  nmethod 0x000001e039498110
Event: 163.989 Thread 0x000001e04c5ca0b0 flushing osr nmethod 0x000001e03957c810
Event: 163.990 Thread 0x000001e04c5ca0b0 flushing  nmethod 0x000001e039593910
Event: 163.990 Thread 0x000001e04c5ca0b0 flushing  nmethod 0x000001e039596310
Event: 163.990 Thread 0x000001e04c5ca0b0 flushing  nmethod 0x000001e039598510
Event: 163.990 Thread 0x000001e04c5ca0b0 flushing  nmethod 0x000001e03976d610
Event: 163.990 Thread 0x000001e04c5ca0b0 flushing  nmethod 0x000001e03976d910
Event: 163.990 Thread 0x000001e04c5ca0b0 flushing  nmethod 0x000001e039774710
Event: 163.990 Thread 0x000001e04c5ca0b0 flushing  nmethod 0x000001e039776d10
Event: 163.990 Thread 0x000001e04c5ca0b0 flushing  nmethod 0x000001e03977a410
Event: 163.990 Thread 0x000001e04c5ca0b0 flushing  nmethod 0x000001e039807a10
Event: 163.990 Thread 0x000001e04c5ca0b0 flushing  nmethod 0x000001e0398d4610
Event: 163.990 Thread 0x000001e04c5ca0b0 flushing  nmethod 0x000001e0398d7090
Event: 163.990 Thread 0x000001e04c5ca0b0 flushing osr nmethod 0x000001e03998df10
Event: 163.990 Thread 0x000001e04c5ca0b0 flushing  nmethod 0x000001e039990b10
Event: 163.990 Thread 0x000001e04c5ca0b0 flushing osr nmethod 0x000001e0399b1c90

Events (20 events):
Event: 55.239 Thread 0x000001e0932b3090 Thread added: 0x000001e097971520
Event: 55.463 Thread 0x000001e0932b3090 Thread added: 0x000001e09796f450
Event: 55.463 Thread 0x000001e0932b3090 Thread added: 0x000001e097975d50
Event: 55.464 Thread 0x000001e0932b3090 Thread added: 0x000001e0979728d0
Event: 55.464 Thread 0x000001e0932b3090 Thread added: 0x000001e097972f60
Event: 55.465 Thread 0x000001e0932b3090 Thread added: 0x000001e097973c80
Event: 55.467 Thread 0x000001e0932b3090 Thread added: 0x000001e097970800
Event: 55.468 Thread 0x000001e0932b3090 Thread added: 0x000001e0979756c0
Event: 55.470 Thread 0x000001e0932b3090 Thread added: 0x000001e097976a70
Event: 55.471 Thread 0x000001e0932b3090 Thread added: 0x000001e097974310
Event: 56.337 Thread 0x000001e09925a900 Thread exited: 0x000001e09925a900
Event: 58.104 Thread 0x000001e04c860aa0 Thread added: 0x000001e09925a900
Event: 60.246 Thread 0x000001e099259b60 Thread added: 0x000001e09925afd0
Event: 60.259 Thread 0x000001e09925afd0 Thread added: 0x000001e099258dc0
Event: 70.709 Thread 0x000001e095172620 Thread added: 0x000001e09c0c7f60
Event: 87.899 Thread 0x000001e099258dc0 Thread exited: 0x000001e099258dc0
Event: 94.510 Thread 0x000001e09925a900 Thread exited: 0x000001e09925a900
Event: 101.510 Thread 0x000001e099259b60 Thread exited: 0x000001e099259b60
Event: 154.885 Thread 0x000001e04c860aa0 Thread added: 0x000001e09a4e03e0
Event: 165.056 Thread 0x000001e09c0c7f60 Thread exited: 0x000001e09c0c7f60


Dynamic libraries:
0x00007ff61f6f0000 - 0x00007ff61f6fa000 	C:\Users\prott\.jdks\jbr-21.0.9\bin\java.exe
0x00007ff9d2d60000 - 0x00007ff9d2fc7000 	C:\WINDOWS\SYSTEM32\ntdll.dll
0x00007ff9d2170000 - 0x00007ff9d2239000 	C:\WINDOWS\System32\KERNEL32.DLL
0x00007ff9d0560000 - 0x00007ff9d094f000 	C:\WINDOWS\System32\KERNELBASE.dll
0x00007ff9cffe0000 - 0x00007ff9d012b000 	C:\WINDOWS\System32\ucrtbase.dll
0x00007ff9b47a0000 - 0x00007ff9b47b8000 	C:\Users\prott\.jdks\jbr-21.0.9\bin\jli.dll
0x00007ff9b3f10000 - 0x00007ff9b3f2b000 	C:\Users\prott\.jdks\jbr-21.0.9\bin\VCRUNTIME140.dll
0x00007ff9d28c0000 - 0x00007ff9d2a85000 	C:\WINDOWS\System32\USER32.dll
0x00007ff9d0a20000 - 0x00007ff9d0a47000 	C:\WINDOWS\System32\win32u.dll
0x00007ff9bbd30000 - 0x00007ff9bbfc3000 	C:\WINDOWS\WinSxS\amd64_microsoft.windows.common-controls_6595b64144ccf1df_6.0.26100.7309_none_3e05feeae336a044\COMCTL32.dll
0x00007ff9d0d80000 - 0x00007ff9d0dab000 	C:\WINDOWS\System32\GDI32.dll
0x00007ff9d0b00000 - 0x00007ff9d0ba9000 	C:\WINDOWS\System32\msvcrt.dll
0x00007ff9cfeb0000 - 0x00007ff9cffdc000 	C:\WINDOWS\System32\gdi32full.dll
0x00007ff9d0a50000 - 0x00007ff9d0af3000 	C:\WINDOWS\System32\msvcp_win.dll
0x00007ff9d26d0000 - 0x00007ff9d2701000 	C:\WINDOWS\System32\IMM32.DLL
0x00007ff9b72b0000 - 0x00007ff9b739b000 	F:\windhawk\installation\Windhawk\Engine\1.5.1\64\windhawk.dll
0x00007ff9d15c0000 - 0x00007ff9d1674000 	C:\WINDOWS\System32\ADVAPI32.dll
0x00007ff9d1f10000 - 0x00007ff9d1fb6000 	C:\WINDOWS\System32\sechost.dll
0x00007ff9c8300000 - 0x00007ff9c8428000 	C:\WINDOWS\SYSTEM32\WINHTTP.dll
0x00007ff9d27a0000 - 0x00007ff9d28b8000 	C:\WINDOWS\System32\RPCRT4.dll
0x00007ff9bd770000 - 0x00007ff9bd77c000 	C:\Users\prott\.jdks\jbr-21.0.9\bin\vcruntime140_1.dll
0x00007ff99c830000 - 0x00007ff99c8bd000 	C:\Users\prott\.jdks\jbr-21.0.9\bin\msvcp140.dll
0x00007ff944f80000 - 0x00007ff945d4d000 	C:\Users\prott\.jdks\jbr-21.0.9\bin\server\jvm.dll
0x00007ff9d2650000 - 0x00007ff9d26c4000 	C:\WINDOWS\System32\WS2_32.dll
0x00007ff9cfd10000 - 0x00007ff9cfd6e000 	C:\WINDOWS\SYSTEM32\POWRPROF.dll
0x00007ff9c86a0000 - 0x00007ff9c86ab000 	C:\WINDOWS\SYSTEM32\VERSION.dll
0x00007ff9c43e0000 - 0x00007ff9c4415000 	C:\WINDOWS\SYSTEM32\WINMM.dll
0x00007ff9cfcf0000 - 0x00007ff9cfd04000 	C:\WINDOWS\SYSTEM32\UMPDC.dll
0x00007ff9cec40000 - 0x00007ff9cec5b000 	C:\WINDOWS\SYSTEM32\kernel.appcore.dll
0x00007ff9bd390000 - 0x00007ff9bd39a000 	C:\Users\prott\.jdks\jbr-21.0.9\bin\jimage.dll
0x00007ff9c5830000 - 0x00007ff9c5a72000 	C:\WINDOWS\SYSTEM32\DBGHELP.DLL
0x00007ff9d2240000 - 0x00007ff9d25c5000 	C:\WINDOWS\System32\combase.dll
0x00007ff9d1680000 - 0x00007ff9d1756000 	C:\WINDOWS\System32\OLEAUT32.dll
0x00007ff9cccb0000 - 0x00007ff9cccec000 	C:\WINDOWS\SYSTEM32\dbgcore.DLL
0x000001e032fd0000 - 0x000001e033075000 	C:\WINDOWS\System32\bcryptPrimitives.dll
0x00007ff9bd310000 - 0x00007ff9bd31e000 	C:\Users\prott\.jdks\jbr-21.0.9\bin\instrument.dll
0x00007ff9b3ef0000 - 0x00007ff9b3f10000 	C:\Users\prott\.jdks\jbr-21.0.9\bin\java.dll
0x00007ff9d0db0000 - 0x00007ff9d1503000 	C:\WINDOWS\System32\SHELL32.dll
0x00007ff9d01c0000 - 0x00007ff9d032a000 	C:\WINDOWS\System32\wintypes.dll
0x00007ff9cda70000 - 0x00007ff9ce2ce000 	C:\WINDOWS\SYSTEM32\windows.storage.dll
0x00007ff9d0c70000 - 0x00007ff9d0d65000 	C:\WINDOWS\System32\SHCORE.dll
0x00007ff9d1550000 - 0x00007ff9d15b6000 	C:\WINDOWS\System32\shlwapi.dll
0x00007ff9cfdd0000 - 0x00007ff9cfdf9000 	C:\WINDOWS\SYSTEM32\profapi.dll
0x00007ff988bd0000 - 0x00007ff988ca7000 	C:\Users\prott\.jdks\jbr-21.0.9\bin\jsvml.dll
0x00007ff9ade40000 - 0x00007ff9ade58000 	C:\Users\prott\.jdks\jbr-21.0.9\bin\zip.dll
0x00007ff9b5270000 - 0x00007ff9b5280000 	C:\Users\prott\.jdks\jbr-21.0.9\bin\net.dll
0x00007ff9cf1d0000 - 0x00007ff9cf23b000 	C:\WINDOWS\system32\mswsock.dll
0x00007ff9add70000 - 0x00007ff9add86000 	C:\Users\prott\.jdks\jbr-21.0.9\bin\nio.dll
0x00007ff9b4770000 - 0x00007ff9b4780000 	C:\Users\prott\.jdks\jbr-21.0.9\bin\verify.dll
0x00007ff9c7d30000 - 0x00007ff9c7d57000 	C:\Users\prott\.gradle\native\1def1411415f61bf3af743bc5b6707747c0891f09f0c88961ee8f79bc544acac\windows-amd64\native-platform.dll
0x00007ff9a3830000 - 0x00007ff9a38a8000 	C:\Users\prott\.gradle\native\0.2.7\x86_64-windows-gnu\gradle-fileevents.dll
0x00007ff9b3ee0000 - 0x00007ff9b3ee9000 	C:\Users\prott\.jdks\jbr-21.0.9\bin\management.dll
0x00007ff9b3e90000 - 0x00007ff9b3e9b000 	C:\Users\prott\.jdks\jbr-21.0.9\bin\management_ext.dll
0x00007ff9d0d70000 - 0x00007ff9d0d78000 	C:\WINDOWS\System32\PSAPI.DLL
0x00007ff9ce610000 - 0x00007ff9ce644000 	C:\WINDOWS\SYSTEM32\IPHLPAPI.DLL
0x00007ff9d1510000 - 0x00007ff9d151a000 	C:\WINDOWS\System32\NSI.dll
0x00007ff9b3200000 - 0x00007ff9b3209000 	C:\Users\prott\.jdks\jbr-21.0.9\bin\extnet.dll
0x00007ff9cf510000 - 0x00007ff9cf52b000 	C:\WINDOWS\SYSTEM32\CRYPTSP.dll
0x00007ff9ceb90000 - 0x00007ff9cebca000 	C:\WINDOWS\system32\rsaenh.dll
0x00007ff9cf280000 - 0x00007ff9cf2ab000 	C:\WINDOWS\SYSTEM32\USERENV.dll
0x00007ff9cfda0000 - 0x00007ff9cfdca000 	C:\WINDOWS\SYSTEM32\bcrypt.dll
0x00007ff9cf500000 - 0x00007ff9cf50c000 	C:\WINDOWS\SYSTEM32\CRYPTBASE.dll
0x00007ff9add60000 - 0x00007ff9add6e000 	C:\Users\prott\.jdks\jbr-21.0.9\bin\sunmscapi.dll
0x00007ff9d0330000 - 0x00007ff9d04a7000 	C:\WINDOWS\System32\CRYPT32.dll
0x00007ff9cf720000 - 0x00007ff9cf750000 	C:\WINDOWS\SYSTEM32\ncrypt.dll
0x00007ff9cf6d0000 - 0x00007ff9cf70f000 	C:\WINDOWS\SYSTEM32\NTASN1.dll
0x00007ff9b6dc0000 - 0x00007ff9b6dc8000 	C:\WINDOWS\system32\wshunix.dll

JVMTI agents:
C:\Users\prott\.gradle\wrapper\dists\gradle-8.13-bin\5xuhj0ry160q40clulazy9h7d\gradle-8.13\lib\agents\gradle-instrumentation-agent-8.13.jar path:C:\Users\prott\.jdks\jbr-21.0.9\bin\instrument.dll, loaded, initialized, instrumentlib options:none

dbghelp: loaded successfully - version: 4.0.5 - missing functions: none
symbol engine: initialized successfully - sym options: 0x614 - pdb path: .;C:\Users\prott\.jdks\jbr-21.0.9\bin;C:\WINDOWS\SYSTEM32;C:\WINDOWS\WinSxS\amd64_microsoft.windows.common-controls_6595b64144ccf1df_6.0.26100.7309_none_3e05feeae336a044;F:\windhawk\installation\Windhawk\Engine\1.5.1\64;C:\Users\prott\.jdks\jbr-21.0.9\bin\server;C:\Users\prott\.gradle\native\1def1411415f61bf3af743bc5b6707747c0891f09f0c88961ee8f79bc544acac\windows-amd64;C:\Users\prott\.gradle\native\0.2.7\x86_64-windows-gnu

VM Arguments:
jvm_args: --add-opens=java.base/java.lang=ALL-UNNAMED --add-opens=java.base/java.lang.invoke=ALL-UNNAMED --add-opens=java.base/java.util=ALL-UNNAMED --add-opens=java.prefs/java.util.prefs=ALL-UNNAMED --add-exports=jdk.compiler/com.sun.tools.javac.api=ALL-UNNAMED --add-exports=jdk.compiler/com.sun.tools.javac.util=ALL-UNNAMED --add-opens=java.base/java.util=ALL-UNNAMED --add-opens=java.prefs/java.util.prefs=ALL-UNNAMED --add-opens=java.base/java.nio.charset=ALL-UNNAMED --add-opens=java.base/java.net=ALL-UNNAMED --add-opens=java.base/java.util.concurrent.atomic=ALL-UNNAMED --add-opens=java.xml/javax.xml.namespace=ALL-UNNAMED -Xmx2048m -Dfile.encoding=UTF-8 -Duser.country=US -Duser.language=en -Duser.variant -javaagent:C:\Users\prott\.gradle\wrapper\dists\gradle-8.13-bin\5xuhj0ry160q40clulazy9h7d\gradle-8.13\lib\agents\gradle-instrumentation-agent-8.13.jar 
java_command: org.gradle.launcher.daemon.bootstrap.GradleDaemon 8.13
java_class_path (initial): C:\Users\prott\.gradle\wrapper\dists\gradle-8.13-bin\5xuhj0ry160q40clulazy9h7d\gradle-8.13\lib\gradle-daemon-main-8.13.jar
Launcher Type: SUN_STANDARD

[Global flags]
     intx CICompilerCount                          = 12                                        {product} {ergonomic}
     uint ConcGCThreads                            = 3                                         {product} {ergonomic}
     uint G1ConcRefinementThreads                  = 13                                        {product} {ergonomic}
   size_t G1HeapRegionSize                         = 1048576                                   {product} {ergonomic}
    uintx GCDrainStackTargetSize                   = 64                                        {product} {ergonomic}
   size_t InitialHeapSize                          = 125829120                                 {product} {ergonomic}
   size_t MarkStackSize                            = 4194304                                   {product} {ergonomic}
   size_t MaxHeapSize                              = 2147483648                                {product} {command line}
   size_t MaxNewSize                               = 1287651328                                {product} {ergonomic}
   size_t MinHeapDeltaBytes                        = 1048576                                   {product} {ergonomic}
   size_t MinHeapSize                              = 8388608                                   {product} {ergonomic}
    uintx NonNMethodCodeHeapSize                   = 7602480                                {pd product} {ergonomic}
    uintx NonProfiledCodeHeapSize                  = 122027880                              {pd product} {ergonomic}
    uintx ProfiledCodeHeapSize                     = 122027880                              {pd product} {ergonomic}
    uintx ReservedCodeCacheSize                    = 251658240                              {pd product} {ergonomic}
     bool SegmentedCodeCache                       = true                                      {product} {ergonomic}
   size_t SoftMaxHeapSize                          = 2147483648                             {manageable} {ergonomic}
     bool UseCompressedOops                        = true                           {product lp64_product} {ergonomic}
     bool UseG1GC                                  = true                                      {product} {ergonomic}
     bool UseLargePagesIndividualAllocation        = false                                  {pd product} {ergonomic}

Logging:
Log output configuration:
 #0: stdout all=warning uptime,level,tags foldmultilines=false
 #1: stderr all=off uptime,level,tags foldmultilines=false

Release file:
JAVA_VERSION="21.0.9" 
MODULES="java.base java.compiler java.datatransfer java.xml java.prefs java.desktop java.instrument java.logging java.management java.security.sasl java.naming java.rmi java.management.rmi java.net.http java.scripting java.security.jgss java.transaction.xa java.sql java.sql.rowset java.xml.crypto java.se java.smartcardio jdk.accessibility jdk.internal.jvmstat jdk.attach jdk.charsets jdk.internal.opt jdk.zipfs jdk.compiler jdk.crypto.ec jdk.crypto.cryptoki jdk.crypto.mscapi jdk.dynalink jdk.internal.ed jdk.editpad jdk.hotspot.agent jdk.httpserver jdk.incubator.vector jdk.internal.le jdk.internal.vm.ci jdk.internal.vm.compiler jdk.internal.vm.compiler.management jdk.jartool jdk.javadoc jdk.jcmd jdk.management jdk.management.agent jdk.jconsole jdk.jdeps jdk.jdwp.agent jdk.jdi jdk.jfr jdk.jlink jdk.jpackage jdk.jshell jdk.jsobject jdk.jstatd jdk.localedata jdk.management.jfr jdk.naming.dns jdk.naming.rmi jdk.net jdk.nio.mapmode jdk.random jdk.sctp jdk.security.auth jdk.security.jgss jdk.unsupported jdk.unsupported.desktop jdk.xml.dom" 
IMPLEMENTOR="JetBrains s.r.o." 
IMPLEMENTOR_VERSION="JBRSDK-21.0.9+1-1163.91-nomod" 
JAVA_RUNTIME_VERSION="21.0.9+1-b1163.91" 
LIBC="default" 
OS_ARCH="x86_64" 
OS_NAME="Windows" 
SOURCE=".:git:eb237f30572d+" 

Environment Variables:
PATH=c:\Users\prott\AppData\Roaming\Code\User\globalStorage\github.copilot-chat\debugCommand;c:\Users\prott\AppData\Roaming\Code\User\globalStorage\github.copilot-chat\copilotCli;C:\Program Files\Common Files\Oracle\Java\javapath;C:\Program Files (x86)\Common Files\Oracle\Java\java8path;C:\Program Files (x86)\Common Files\Oracle\Java\javapath;C:\WINDOWS\system32;C:\WINDOWS;C:\WINDOWS\System32\Wbem;C:\WINDOWS\System32\WindowsPowerShell\v1.0\;C:\WINDOWS\System32\OpenSSH\;C:\Program Files (x86)\Windows Kits\8.1\Windows Performance Toolkit\;C:\Program Files\dotnet\;E:\GIT\install\Git\cmd;C:\platform-tools;C:\Users\prott\AppData\Local\Microsoft\WindowsApps;C:\Users\prott\AppData\Local\Muse Hub\lib;F:\VS Code\Installation\Microsoft VS Code\bin
USERNAME=prott
LANG=en_US.UTF-8
OS=Windows_NT
PROCESSOR_IDENTIFIER=AMD64 Family 23 Model 96 Stepping 1, AuthenticAMD
TMP=C:\Users\prott\AppData\Local\Temp
TEMP=C:\Users\prott\AppData\Local\Temp




Periodic native trim disabled

JNI global refs:
JNI global refs: 38, weak refs: 1125

JNI global refs memory usage: 835, weak refs: 11769

Process memory usage:
Resident Set Size: 987640K (12% of 7781216K total physical memory with 56600K free physical memory)

OOME stack traces (most recent first):
Classloader memory used:
Loader org.gradle.internal.classloader.VisitableURLClassLoader$InstrumentingVisitableURLClassLoader: 56972K
Loader org.gradle.internal.classloader.VisitableURLClassLoader                         : 42819K
Loader bootstrap                                                                       : 14089K
Loader org.gradle.initialization.MixInLegacyTypesClassLoader                           : 11808K
Loader jdk.internal.loader.ClassLoaders$PlatformClassLoader                            : 585K
Loader jdk.internal.loader.ClassLoaders$AppClassLoader                                 : 236K
Loader org.gradle.internal.classloader.VisitableURLClassLoader                         : 166K
Loader jdk.internal.reflect.DelegatingClassLoader                                      : 163K

Classes loaded by more than one classloader:
Class Program                                                                         : loaded 5 times (x 72B)
Class Build_gradle                                                                    : loaded 3 times (x 130B)
Class Build_gradle$1                                                                  : loaded 3 times (x 74B)
Class com.google.common.collect.RegularImmutableMap$KeySet                            : loaded 2 times (x 152B)
Class org.gradle.internal.classloader.FilteringClassLoader                            : loaded 2 times (x 105B)
Class com.google.common.io.FileWriteMode                                              : loaded 2 times (x 79B)
Class com.google.common.base.CharMatcher$IsEither                                     : loaded 2 times (x 111B)
Class org.gradle.internal.classloader.ClassLoaderHierarchy                            : loaded 2 times (x 70B)
Class com.google.common.collect.AbstractMapBasedMultimap$WrappedCollection            : loaded 2 times (x 124B)
Class com.google.common.collect.ImmutableEnumSet                                      : loaded 2 times (x 146B)
Class com.google.common.util.concurrent.ExecutionError                                : loaded 2 times (x 82B)
Class com.google.common.collect.ImmutableList$1                                       : loaded 2 times (x 97B)
Class org.gradle.api.internal.classpath.ManifestUtil                                  : loaded 2 times (x 71B)
Class com.google.common.io.ByteArrayDataOutput                                        : loaded 2 times (x 70B)
Class com.google.common.collect.RegularImmutableMap                                   : loaded 2 times (x 121B)
Class com.google.common.collect.ImmutableMap$MapViewOfValuesAsSingletonSets           : loaded 2 times (x 126B)
Class [Lorg.objectweb.asm.Symbol;                                                     : loaded 2 times (x 69B)
Class org.objectweb.asm.ClassVisitor                                                  : loaded 2 times (x 88B)
Class com.google.common.collect.UnmodifiableListIterator                              : loaded 2 times (x 95B)
Class com.google.common.base.Platform$JdkPatternCompiler                              : loaded 2 times (x 75B)
Class org.objectweb.asm.MethodTooLargeException                                       : loaded 2 times (x 83B)
Class [Lcom.google.common.cache.CacheBuilder$OneWeigher;                              : loaded 2 times (x 69B)
Class com.google.common.base.Suppliers                                                : loaded 2 times (x 71B)
Class org.gradle.internal.classloader.DefaultClassLoaderFactory                       : loaded 2 times (x 82B)
Class org.gradle.internal.classloader.ClassLoaderVisitor                              : loaded 2 times (x 76B)
Class [Lcom.google.common.collect.ImmutableMapEntry;                                  : loaded 2 times (x 69B)
Class org.gradle.api.internal.classpath.EffectiveClassPath                            : loaded 2 times (x 90B)
Class com.google.common.collect.ListMultimap                                          : loaded 2 times (x 70B)
Class com.google.common.collect.ImmutableEnumMap                                      : loaded 2 times (x 126B)
Class com.google.common.collect.Sets$1                                                : loaded 2 times (x 139B)
Class org.objectweb.asm.AnnotationVisitor                                             : loaded 2 times (x 78B)
Class org.gradle.api.internal.DefaultClassPathProvider                                : loaded 2 times (x 76B)
Class com.google.common.collect.Maps$ViewCachingAbstractMap                           : loaded 2 times (x 125B)
Class com.google.common.collect.Sets$2                                                : loaded 2 times (x 139B)
Class [Lorg.gradle.api.internal.ClassPathProvider;                                    : loaded 2 times (x 69B)
Class org.gradle.api.internal.ClassPathProvider                                       : loaded 2 times (x 70B)
Class [Lorg.objectweb.asm.AnnotationVisitor;                                          : loaded 2 times (x 69B)
Class com.google.common.collect.Sets$3                                                : loaded 2 times (x 139B)
Class com.google.common.util.concurrent.AbstractFuture$SafeAtomicHelper               : loaded 2 times (x 79B)
Class com.google.common.cache.LocalCache$LocalLoadingCache                            : loaded 2 times (x 134B)
Class org.gradle.internal.service.UnknownServiceException                             : loaded 2 times (x 83B)
Class com.google.common.io.ByteArrayDataInput                                         : loaded 2 times (x 70B)
Class com.google.common.collect.Sets$4                                                : loaded 2 times (x 139B)
Class org.objectweb.asm.ModuleVisitor                                                 : loaded 2 times (x 81B)
Class com.google.common.cache.LocalCache$Strength$1                                   : loaded 2 times (x 81B)
Class com.google.common.util.concurrent.SettableFuture                                : loaded 2 times (x 114B)
Class com.google.common.cache.LocalCache$Strength$2                                   : loaded 2 times (x 81B)
Class com.google.common.io.ByteStreams                                                : loaded 2 times (x 71B)
Class com.google.common.cache.LocalCache$Strength$3                                   : loaded 2 times (x 81B)
Class com.google.common.collect.MapDifference                                         : loaded 2 times (x 70B)
Class org.objectweb.asm.FieldWriter                                                   : loaded 2 times (x 78B)
Class com.google.common.cache.CacheBuilder$NullListener                               : loaded 2 times (x 82B)
Class org.gradle.internal.classpath.TransformedClassPath                              : loaded 2 times (x 96B)
Class org.gradle.internal.classloader.InstrumentingClassLoader                        : loaded 2 times (x 70B)
Class com.google.common.collect.ImmutableListMultimap                                 : loaded 2 times (x 176B)
Class com.google.common.cache.CacheLoader$FunctionToCacheLoader                       : loaded 2 times (x 75B)
Class com.google.common.collect.Iterators$ArrayItr                                    : loaded 2 times (x 97B)
Class com.google.common.collect.ImmutableCollection$Builder                           : loaded 2 times (x 76B)
Class com.google.common.collect.EmptyImmutableListMultimap                            : loaded 2 times (x 176B)
Class com.google.common.collect.BaseImmutableMultimap                                 : loaded 2 times (x 123B)
Class com.google.common.base.Joiner                                                   : loaded 2 times (x 79B)
Class com.google.common.base.MoreObjects                                              : loaded 2 times (x 71B)
Class com.google.common.collect.Platform                                              : loaded 2 times (x 71B)
Class [Lorg.objectweb.asm.Type;                                                       : loaded 2 times (x 69B)
Class com.google.common.collect.UnmodifiableIterator                                  : loaded 2 times (x 80B)
Class org.gradle.internal.service.ServiceLocator                                      : loaded 2 times (x 70B)
Class com.google.common.collect.SingletonImmutableBiMap                               : loaded 2 times (x 143B)
Class com.google.common.base.Ascii                                                    : loaded 2 times (x 71B)
Class com.google.common.cache.LocalCache$1                                            : loaded 2 times (x 89B)
Class com.google.common.collect.AbstractMapEntry                                      : loaded 2 times (x 81B)
Class com.google.common.collect.Sets$ImprovedAbstractSet                              : loaded 2 times (x 135B)
Class com.google.common.collect.ImmutableList$Builder                                 : loaded 2 times (x 77B)
Class com.google.common.collect.AbstractMultimap                                      : loaded 2 times (x 123B)
Class com.google.common.cache.LocalCache$2                                            : loaded 2 times (x 142B)
Class com.google.common.util.concurrent.AbstractFuture$UnsafeAtomicHelper$1           : loaded 2 times (x 76B)
Class com.google.common.collect.RegularImmutableAsList                                : loaded 2 times (x 217B)
Class com.google.common.base.Optional                                                 : loaded 2 times (x 80B)
Class com.google.common.util.concurrent.AbstractFuture$Trusted                        : loaded 2 times (x 70B)
Class com.google.common.collect.Iterators                                             : loaded 2 times (x 71B)
Class com.google.common.io.ByteSink$AsCharSink                                        : loaded 2 times (x 80B)
Class com.google.common.collect.Lists$StringAsImmutableList                           : loaded 2 times (x 207B)
Class com.google.common.util.concurrent.UncheckedExecutionException                   : loaded 2 times (x 82B)
Class org.gradle.kotlin.dsl.VersionCatalogAccessorsKt                                 : loaded 2 times (x 71B)
Class org.gradle.internal.InternalTransformer                                         : loaded 2 times (x 70B)
Class com.google.common.collect.AbstractMapBasedMultimap$KeySet$1                     : loaded 2 times (x 82B)
Class org.objectweb.asm.ClassWriter                                                   : loaded 2 times (x 106B)
Class com.google.common.base.CharMatcher$And                                          : loaded 2 times (x 112B)
Class com.google.common.cache.CacheLoader$UnsupportedLoadingOperationException        : loaded 2 times (x 82B)
Class org.gradle.internal.classloader.ClasspathUtil$1                                 : loaded 2 times (x 76B)
Class com.google.common.base.Objects                                                  : loaded 2 times (x 71B)
Class org.objectweb.asm.FieldVisitor                                                  : loaded 2 times (x 77B)
Class com.google.common.collect.IndexedImmutableSet                                   : loaded 2 times (x 152B)
Class com.google.common.collect.ImmutableMap$1                                        : loaded 2 times (x 81B)
Class com.google.common.collect.BiMap                                                 : loaded 2 times (x 70B)
Class org.gradle.api.internal.classpath.DefaultModuleRegistry$DefaultModule           : loaded 2 times (x 86B)
Class com.google.common.primitives.Ints                                               : loaded 2 times (x 71B)
Class com.google.common.collect.AbstractIterator                                      : loaded 2 times (x 82B)
Class com.google.common.collect.ObjectArrays                                          : loaded 2 times (x 71B)
Class com.google.common.collect.Multiset                                              : loaded 2 times (x 70B)
Class com.google.common.collect.ArrayListMultimapGwtSerializationDependencies         : loaded 2 times (x 172B)
Class com.google.common.base.Equivalence$Identity                                     : loaded 2 times (x 82B)
Class com.google.common.math.MathPreconditions                                        : loaded 2 times (x 71B)
Class com.google.common.collect.ImmutableMapEntrySet                                  : loaded 2 times (x 152B)
Class org.gradle.api.internal.classpath.Module                                        : loaded 2 times (x 70B)
Class com.google.common.cache.Weigher                                                 : loaded 2 times (x 70B)
Class org.gradle.api.internal.classpath.UnknownModuleException                        : loaded 2 times (x 82B)
Class com.google.common.base.Stopwatch                                                : loaded 2 times (x 72B)
Class com.google.common.cache.LocalCache$Strength                                     : loaded 2 times (x 81B)
Class com.google.common.cache.Cache                                                   : loaded 2 times (x 70B)
Class com.google.common.io.Files$2                                                    : loaded 2 times (x 76B)
Class com.google.common.io.AppendableWriter                                           : loaded 2 times (x 100B)
Class com.google.common.base.NullnessCasts                                            : loaded 2 times (x 71B)
Class com.google.common.util.concurrent.AbstractFuture$Cancellation                   : loaded 2 times (x 72B)
Class com.google.common.collect.ImmutableMap$Builder                                  : loaded 2 times (x 82B)
Class com.google.common.base.Present                                                  : loaded 2 times (x 81B)
Class com.google.common.cache.RemovalListener                                         : loaded 2 times (x 70B)
Class org.gradle.api.internal.DefaultClassPathRegistry                                : loaded 2 times (x 76B)
Class com.google.common.collect.ImmutableMultimap$Keys                                : loaded 2 times (x 166B)
Class com.google.common.primitives.IntsMethodsForWeb                                  : loaded 2 times (x 71B)
Class com.google.common.collect.Multimap                                              : loaded 2 times (x 70B)
Class org.gradle.api.internal.ClassPathRegistry                                       : loaded 2 times (x 70B)
Class org.gradle.internal.classpath.DefaultClassPath$ImmutableUniqueList              : loaded 2 times (x 199B)
Class com.google.common.base.ExtraObjectsMethodsForWeb                                : loaded 2 times (x 71B)
Class com.google.common.base.PairwiseEquivalence                                      : loaded 2 times (x 83B)
Class com.google.common.io.ByteSink                                                   : loaded 2 times (x 76B)
Class com.google.common.cache.CacheBuilder                                            : loaded 2 times (x 72B)
Class com.google.common.collect.SingletonImmutableList                                : loaded 2 times (x 207B)
Class Settings_gradle$1                                                               : loaded 2 times (x 74B)
Class org.gradle.internal.classpath.ClassPath                                         : loaded 2 times (x 70B)
Class org.gradle.api.UncheckedIOException                                             : loaded 2 times (x 82B)
Class com.google.common.io.Files$FileByteSource                                       : loaded 2 times (x 85B)
Class com.google.common.base.JdkPattern                                               : loaded 2 times (x 75B)
Class com.google.common.collect.ImmutableList$ReverseImmutableList                    : loaded 2 times (x 209B)
Class com.google.common.io.CharStreams$NullWriter                                     : loaded 2 times (x 99B)
Class org.objectweb.asm.SymbolTable$Entry                                             : loaded 2 times (x 74B)
Class com.google.common.util.concurrent.AbstractFuture$AtomicHelper                   : loaded 2 times (x 78B)
Class org.objectweb.asm.Edge                                                          : loaded 2 times (x 72B)
Class com.google.common.base.Suppliers$SupplierOfInstance                             : loaded 2 times (x 79B)
Class com.google.common.collect.Iterators$1                                           : loaded 2 times (x 81B)
Class com.google.common.cache.LocalCache$ComputingValueReference                      : loaded 2 times (x 96B)
Class com.google.common.collect.SingletonImmutableSet                                 : loaded 2 times (x 146B)
Class com.google.common.collect.ImmutableMap$IteratorBasedImmutableMap                : loaded 2 times (x 126B)
Class com.google.common.cache.LocalCache$Segment                                      : loaded 2 times (x 154B)
Class com.google.common.collect.AbstractListMultimap                                  : loaded 2 times (x 172B)
Class [Lorg.objectweb.asm.SymbolTable$Entry;                                          : loaded 2 times (x 69B)
Class com.google.common.cache.CacheLoader                                             : loaded 2 times (x 74B)
Class com.google.common.collect.Iterators$4                                           : loaded 2 times (x 82B)
Class com.google.common.collect.ImmutableBiMap                                        : loaded 2 times (x 143B)
Class org.gradle.internal.installation.GradleInstallation$1                           : loaded 2 times (x 75B)
Class org.gradle.api.internal.classpath.ModuleRegistry                                : loaded 2 times (x 70B)
Class com.google.common.util.concurrent.internal.InternalFutureFailureAccess          : loaded 2 times (x 72B)
Class com.google.common.collect.Iterators$5                                           : loaded 2 times (x 82B)
Class com.google.common.collect.ImmutableSet$JdkBackedSetBuilderImpl                  : loaded 2 times (x 76B)
Class com.google.common.collect.ImmutableMultimap$Values                              : loaded 2 times (x 126B)
Class com.google.common.util.concurrent.AbstractFuture$UnsafeAtomicHelper             : loaded 2 times (x 78B)
Class com.google.common.base.CharMatcher$ForPredicate                                 : loaded 2 times (x 112B)
Class com.google.common.cache.LocalCache$LocalManualCache$1                           : loaded 2 times (x 75B)
Class com.google.common.base.CharMatcher$AnyOf                                        : loaded 2 times (x 112B)
Class com.google.common.collect.ImmutableCollection                                   : loaded 2 times (x 125B)
Class org.gradle.api.internal.classpath.DefaultModuleRegistry                         : loaded 2 times (x 86B)
Class com.google.common.collect.Lists                                                 : loaded 2 times (x 71B)
Class com.google.common.util.concurrent.ListenableFuture                              : loaded 2 times (x 70B)
Class com.google.common.cache.ReferenceEntry                                          : loaded 2 times (x 70B)
Class com.google.common.base.Converter                                                : loaded 2 times (x 90B)
Class com.google.common.collect.ImmutableSet$CachingAsList                            : loaded 2 times (x 148B)
Class com.google.common.collect.AbstractMapBasedMultimap                              : loaded 2 times (x 139B)
Class com.google.common.util.concurrent.AbstractFuture                                : loaded 2 times (x 106B)
Class com.google.common.base.FunctionalEquivalence                                    : loaded 2 times (x 83B)
Class com.google.common.collect.Iterators$9                                           : loaded 2 times (x 81B)
Class com.google.common.collect.ImmutableAsList                                       : loaded 2 times (x 209B)
Class com.google.common.io.CharStreams                                                : loaded 2 times (x 71B)
Class com.google.common.collect.ImmutableMultiset                                     : loaded 2 times (x 163B)
Class org.objectweb.asm.RecordComponentVisitor                                        : loaded 2 times (x 77B)
Class com.google.common.cache.CacheLoader$SupplierToCacheLoader                       : loaded 2 times (x 75B)
Class com.google.common.collect.Maps$EntryTransformer                                 : loaded 2 times (x 70B)
Class org.gradle.internal.service.ServiceLookupException                              : loaded 2 times (x 82B)
Class [Lcom.google.common.cache.LocalCache$EntryFactory;                              : loaded 2 times (x 69B)
Class org.gradle.internal.classloader.ClassLoaderFactory                              : loaded 2 times (x 70B)
Class com.google.common.base.CommonPattern                                            : loaded 2 times (x 74B)
Class com.google.common.base.CharMatcher$IsNot                                        : loaded 2 times (x 111B)
Class com.google.common.cache.LocalCache$LocalManualCache                             : loaded 2 times (x 99B)
Class org.gradle.internal.service.CachingServiceLocator                               : loaded 2 times (x 82B)
Class com.google.common.collect.AbstractMapBasedMultimap$KeySet                       : loaded 2 times (x 137B)
Class com.google.common.math.IntMath                                                  : loaded 2 times (x 71B)
Class com.google.common.collect.ImmutableMapEntry                                     : loaded 2 times (x 85B)
Class com.google.common.collect.ImmutableMultimap                                     : loaded 2 times (x 147B)
Class com.google.common.base.Equivalence                                              : loaded 2 times (x 82B)
Class com.google.common.base.Function                                                 : loaded 2 times (x 70B)
Class com.google.common.collect.ImmutableMapEntry$NonTerminalImmutableMapEntry        : loaded 2 times (x 85B)
Class com.google.common.collect.IndexedImmutableSet$1                                 : loaded 2 times (x 213B)
Class com.google.common.cache.CacheBuilder$OneWeigher                                 : loaded 2 times (x 82B)
Class com.google.common.collect.RegularImmutableList                                  : loaded 2 times (x 213B)
Class org.gradle.internal.classloader.ClasspathUtil                                   : loaded 2 times (x 71B)
Class com.google.common.base.Charsets                                                 : loaded 2 times (x 71B)
Class com.google.common.util.concurrent.Uninterruptibles                              : loaded 2 times (x 71B)
Class com.google.common.collect.Maps                                                  : loaded 2 times (x 71B)
Class org.gradle.api.specs.Spec                                                       : loaded 2 times (x 70B)
Class [Lcom.google.common.collect.ImmutableEntry;                                     : loaded 2 times (x 69B)
Class com.google.common.cache.LocalCache$LoadingValueReference                        : loaded 2 times (x 96B)
Class com.google.common.collect.AbstractIndexedListIterator                           : loaded 2 times (x 96B)
Class com.google.common.io.LineReader$1                                               : loaded 2 times (x 75B)
Class com.google.common.collect.CollectSpliterators                                   : loaded 2 times (x 71B)
Class com.google.common.collect.AbstractMapBasedMultimap$AsMap                        : loaded 2 times (x 128B)
Class com.google.common.base.Platform                                                 : loaded 2 times (x 71B)
Class com.google.common.collect.AbstractMapBasedMultimap$WrappedList                  : loaded 2 times (x 205B)
Class [Lorg.objectweb.asm.AnnotationWriter;                                           : loaded 2 times (x 69B)
Class com.google.common.collect.Maps$8                                                : loaded 2 times (x 82B)
Class com.google.common.collect.Sets$SetView                                          : loaded 2 times (x 138B)
Class com.google.common.cache.LocalCache$StrongValueReference                         : loaded 2 times (x 90B)
Class com.google.common.util.concurrent.AbstractFuture$SynchronizedHelper             : loaded 2 times (x 78B)
Class com.google.common.graph.SuccessorsFunction                                      : loaded 2 times (x 70B)
Class org.objectweb.asm.Type                                                          : loaded 2 times (x 72B)
Class org.gradle.internal.classloader.VisitableURLClassLoader$InstrumentingVisitableURLClassLoader: loaded 2 times (x 123B)
Class com.google.common.io.Files$FileByteSink                                         : loaded 2 times (x 77B)
Class org.objectweb.asm.ByteVector                                                    : loaded 2 times (x 79B)
Class [Lcom.google.common.cache.CacheBuilder$NullListener;                            : loaded 2 times (x 69B)
Class com.google.common.math.IntMath$1                                                : loaded 2 times (x 71B)
Class org.gradle.internal.classloader.VisitableURLClassLoader$Spec                    : loaded 2 times (x 74B)
Class org.gradle.internal.classpath.DefaultClassPath                                  : loaded 2 times (x 90B)
Class org.objectweb.asm.Symbol                                                        : loaded 2 times (x 73B)
Class com.google.common.io.Closer                                                     : loaded 2 times (x 78B)
Class com.google.common.io.Java8Compatibility                                         : loaded 2 times (x 71B)
Class com.google.common.base.CharMatcher$Ascii                                        : loaded 2 times (x 112B)
Class com.google.common.base.CharMatcher$BitSetMatcher                                : loaded 2 times (x 112B)
Class com.google.common.collect.ImmutableSet                                          : loaded 2 times (x 145B)
Class com.google.common.collect.RegularImmutableMap$Values                            : loaded 2 times (x 207B)
Class org.gradle.internal.classloader.ClassLoaderSpec                                 : loaded 2 times (x 71B)
Class org.objectweb.asm.AnnotationWriter                                              : loaded 2 times (x 79B)
Class com.google.common.cache.CacheStats                                              : loaded 2 times (x 71B)
Class com.google.common.io.Closer$Suppressor                                          : loaded 2 times (x 70B)
Class com.google.common.io.LineProcessor                                              : loaded 2 times (x 70B)
Class com.google.common.collect.ImmutableMultisetGwtSerializationDependencies         : loaded 2 times (x 125B)
Class org.objectweb.asm.RecordComponentWriter                                         : loaded 2 times (x 78B)
Class com.google.common.util.concurrent.AbstractFuture$Listener                       : loaded 2 times (x 72B)
Class com.google.common.base.CharMatcher$Or                                           : loaded 2 times (x 112B)
Class Settings_gradle$1$1                                                             : loaded 2 times (x 74B)
Class org.objectweb.asm.Attribute                                                     : loaded 2 times (x 77B)
Class com.google.common.base.Supplier                                                 : loaded 2 times (x 70B)
Class org.gradle.internal.classloader.VisitableURLClassLoader                         : loaded 2 times (x 117B)
Class com.google.common.util.concurrent.AbstractFuture$Waiter                         : loaded 2 times (x 72B)
Class Settings_gradle                                                                 : loaded 2 times (x 128B)
Class org.gradle.internal.Cast                                                        : loaded 2 times (x 71B)
Class org.gradle.api.Action                                                           : loaded 2 times (x 70B)
Class com.google.common.base.Strings                                                  : loaded 2 times (x 71B)
Class com.google.common.collect.Sets                                                  : loaded 2 times (x 71B)
Class org.objectweb.asm.Handler                                                       : loaded 2 times (x 72B)
Class com.google.common.base.CharMatcher$FastMatcher                                  : loaded 2 times (x 111B)
Class com.google.common.base.Ticker                                                   : loaded 2 times (x 72B)
Class [Lcom.google.common.cache.LocalCache$Segment;                                   : loaded 2 times (x 69B)
Class com.google.common.base.Predicate                                                : loaded 2 times (x 70B)
Class [Lcom.google.common.cache.LocalCache$Strength;                                  : loaded 2 times (x 69B)
Class com.google.common.cache.CacheBuilder$1                                          : loaded 2 times (x 85B)
Class com.google.common.collect.ImmutableMap                                          : loaded 2 times (x 120B)
Class org.gradle.internal.classpath.DefaultClassPath$ImmutableUniqueList$Builder      : loaded 2 times (x 75B)
Class com.google.common.base.CharMatcher$NegatedFastMatcher                           : loaded 2 times (x 113B)
Class com.google.common.cache.LocalCache                                              : loaded 2 times (x 187B)
Class com.google.common.cache.CacheBuilder$2                                          : loaded 2 times (x 79B)
Class com.google.common.collect.ArrayListMultimap                                     : loaded 2 times (x 172B)
Class com.google.common.cache.CacheBuilder$3                                          : loaded 2 times (x 72B)
Class [Lcom.google.common.collect.AbstractMapEntry;                                   : loaded 2 times (x 69B)
Class com.google.common.collect.ImmutableEntry                                        : loaded 2 times (x 82B)
Class org.gradle.api.GradleException                                                  : loaded 2 times (x 82B)
Class com.google.common.base.Suppliers$MemoizingSupplier                              : loaded 2 times (x 79B)
Class com.google.common.collect.CollectPreconditions                                  : loaded 2 times (x 71B)
Class [Lcom.google.common.io.FileWriteMode;                                           : loaded 2 times (x 69B)
Class com.google.common.collect.SortedMapDifference                                   : loaded 2 times (x 70B)
Class com.google.common.io.Files                                                      : loaded 2 times (x 71B)
Class com.google.common.cache.LocalCache$EntryFactory                                 : loaded 2 times (x 83B)
Class com.google.common.cache.LocalCache$AbstractReferenceEntry                       : loaded 2 times (x 107B)
Class org.gradle.internal.IoActions                                                   : loaded 2 times (x 71B)
Class org.objectweb.asm.SymbolTable                                                   : loaded 2 times (x 72B)
Class com.google.common.cache.CacheLoader$InvalidCacheLoadException                   : loaded 2 times (x 82B)
Class com.google.common.collect.ImmutableSet$RegularSetBuilderImpl                    : loaded 2 times (x 77B)
Class org.gradle.internal.classloader.SystemClassLoaderSpec                           : loaded 2 times (x 71B)
Class com.google.common.cache.LocalCache$StrongEntry                                  : loaded 2 times (x 108B)
Class com.google.common.util.concurrent.AbstractFuture$TrustedFuture                  : loaded 2 times (x 114B)
Class com.google.common.cache.LoadingCache                                            : loaded 2 times (x 70B)
Class com.google.common.io.ByteStreams$LimitedInputStream                             : loaded 2 times (x 92B)
Class com.google.common.base.Suppliers$NonSerializableMemoizingSupplier               : loaded 2 times (x 79B)
Class org.objectweb.asm.MethodWriter                                                  : loaded 2 times (x 106B)
Class [Lcom.google.common.cache.Weigher;                                              : loaded 2 times (x 69B)
Class com.google.common.collect.RegularImmutableMap$BucketOverflowException           : loaded 2 times (x 82B)
Class com.google.common.collect.ImmutableMultimap$1                                   : loaded 2 times (x 82B)
Class com.google.common.collect.AbstractMapBasedMultimap$RandomAccessWrappedList      : loaded 2 times (x 205B)
Class com.google.common.collect.ImmutableMultimap$2                                   : loaded 2 times (x 81B)
Class com.google.common.collect.RegularImmutableBiMap                                 : loaded 2 times (x 149B)
Class com.google.common.base.CharMatcher$Is                                           : loaded 2 times (x 111B)
Class com.google.common.base.CharMatcher$Negated                                      : loaded 2 times (x 113B)
Class com.google.common.cache.LocalCache$ValueReference                               : loaded 2 times (x 70B)
Class com.google.common.base.PatternCompiler                                          : loaded 2 times (x 70B)
Class com.google.common.util.concurrent.AbstractFuture$Failure                        : loaded 2 times (x 72B)
Class com.google.common.base.Equivalence$Equals                                       : loaded 2 times (x 82B)
Class com.google.common.collect.Hashing                                               : loaded 2 times (x 71B)
Class com.google.common.base.Preconditions                                            : loaded 2 times (x 71B)
Class com.google.common.io.CharSink                                                   : loaded 2 times (x 79B)
Class com.google.common.base.Joiner$1                                                 : loaded 2 times (x 80B)
Class org.objectweb.asm.Label                                                         : loaded 2 times (x 73B)
Class org.objectweb.asm.CurrentFrame                                                  : loaded 2 times (x 73B)
Class org.objectweb.asm.ClassTooLargeException                                        : loaded 2 times (x 83B)
Class com.google.common.base.CharMatcher                                              : loaded 2 times (x 111B)
Class com.google.common.collect.PeekingIterator                                       : loaded 2 times (x 70B)
Class com.google.common.collect.Maps$IteratorBasedAbstractMap                         : loaded 2 times (x 125B)
Class com.google.common.base.Joiner$2                                                 : loaded 2 times (x 79B)
Class org.objectweb.asm.Frame                                                         : loaded 2 times (x 73B)
Class org.objectweb.asm.MethodVisitor                                                 : loaded 2 times (x 105B)
Class com.google.common.base.CharMatcher$1                                            : loaded 2 times (x 113B)
Class com.google.common.base.CharMatcher$NamedFastMatcher                             : loaded 2 times (x 112B)
Class com.google.common.cache.LocalCache$EntryFactory$1                               : loaded 2 times (x 83B)
Class [Lcom.google.common.cache.RemovalListener;                                      : loaded 2 times (x 69B)
Class com.google.common.cache.LocalCache$EntryFactory$2                               : loaded 2 times (x 83B)
Class org.gradle.api.internal.classpath.GlobalCacheRootsProvider                      : loaded 2 times (x 70B)
Class org.objectweb.asm.ModuleWriter                                                  : loaded 2 times (x 82B)
Class com.google.common.cache.LocalCache$EntryFactory$3                               : loaded 2 times (x 83B)
Class com.google.common.base.Ticker$1                                                 : loaded 2 times (x 72B)
Class com.google.common.collect.Maps$BiMapConverter                                   : loaded 2 times (x 90B)
Class com.google.common.collect.ImmutableMapEntrySet$RegularEntrySet                  : loaded 2 times (x 152B)
Class com.google.common.collect.CollectSpliterators$1                                 : loaded 2 times (x 90B)
Class com.google.common.base.CharMatcher$InRange                                      : loaded 2 times (x 111B)
Class com.google.common.cache.LocalCache$EntryFactory$4                               : loaded 2 times (x 83B)
Class com.google.common.collect.ImmutableSet$Builder                                  : loaded 2 times (x 85B)
Class com.google.common.io.ByteStreams$1                                              : loaded 2 times (x 85B)
Class com.google.common.cache.LocalCache$EntryFactory$5                               : loaded 2 times (x 83B)
Class com.google.common.io.LineReader                                                 : loaded 2 times (x 72B)
Class com.google.common.cache.LocalCache$EntryFactory$6                               : loaded 2 times (x 83B)
Class org.gradle.internal.installation.CurrentGradleInstallationLocator               : loaded 2 times (x 71B)
Class com.google.common.collect.ImmutableMultimap$Builder                             : loaded 2 times (x 86B)
Class com.google.common.collect.Maps$KeySet                                           : loaded 2 times (x 137B)
Class com.google.common.cache.LocalCache$EntryFactory$7                               : loaded 2 times (x 83B)
Class com.google.common.collect.ImmutableSet$EmptySetBuilderImpl                      : loaded 2 times (x 76B)
Class com.google.common.collect.ImmutableList                                         : loaded 2 times (x 206B)
Class org.gradle.internal.service.DefaultServiceLocator                               : loaded 2 times (x 83B)
Class com.google.common.collect.ImmutableMultimap$EntryCollection                     : loaded 2 times (x 128B)
Class com.google.common.collect.Maps$EntrySet                                         : loaded 2 times (x 136B)
Class com.google.common.cache.LocalCache$EntryFactory$8                               : loaded 2 times (x 83B)
Class com.google.common.collect.ImmutableSet$SetBuilderImpl                           : loaded 2 times (x 76B)
Class org.gradle.internal.installation.CurrentGradleInstallation                      : loaded 2 times (x 73B)
Class com.google.common.cache.CacheLoader$1                                           : loaded 2 times (x 75B)
Class com.google.common.collect.ImmutableList$SubList                                 : loaded 2 times (x 209B)
Class org.gradle.util.internal.GUtil                                                  : loaded 2 times (x 71B)
Class com.google.common.io.ByteSource                                                 : loaded 2 times (x 84B)
Class com.google.common.util.concurrent.AbstractFuture$SetFuture                      : loaded 2 times (x 75B)
Class com.google.common.cache.AbstractCache$StatsCounter                              : loaded 2 times (x 70B)
Class com.google.common.io.LineBuffer                                                 : loaded 2 times (x 75B)
Class com.google.common.collect.Iterators$MergingIterator                             : loaded 2 times (x 81B)
Class com.google.common.collect.RegularImmutableSet                                   : loaded 2 times (x 149B)
Class org.gradle.internal.installation.GradleInstallation                             : loaded 2 times (x 75B)
Class com.google.common.collect.Iterables                                             : loaded 2 times (x 71B)

---------------  S Y S T E M  ---------------

OS:
 Windows 11 , 64 bit Build 26100 (10.0.26100.7309)
OS uptime: 1 days 1:35 hours
Hyper-V role detected

CPU: total 16 (initial active 16) (16 cores per cpu, 2 threads per core) family 23 model 96 stepping 1 microcode 0x8600106, cx8, cmov, fxsr, ht, mmx, 3dnowpref, sse, sse2, sse3, ssse3, sse4a, sse4.1, sse4.2, popcnt, lzcnt, tsc, tscinvbit, avx, avx2, aes, clmul, bmi1, bmi2, adx, sha, fma, vzeroupper, clflush, clflushopt, hv, rdtscp, rdpid, f16c
Processor Information for the first 16 processors :
  Max Mhz: 2901, Current Mhz: 2901, Mhz Limit: 2901

Memory: 4k page, system-wide physical 7598M (12M free)
TotalPageFile size 22676M (AvailPageFile size 232M)
current process WorkingSet (physical memory assigned to process): 865M, peak: 1129M
current process commit charge ("private bytes"): 1561M, peak: 1875M

vm_info: OpenJDK 64-Bit Server VM (21.0.9+1-b1163.91) for windows-amd64 JRE (21.0.9+1-b1163.91), built on 2025-12-12 by "builduser" with MS VC++ 16.10 / 16.11 (VS2019)

END.
