#
# There is insufficient memory for the Java Runtime Environment to continue.
# Native memory allocation (mmap) failed to map 312475648 bytes. Error detail: G1 virtual space
# Possible reasons:
#   The system is out of physical RAM or swap space
#   This process is running with CompressedOops enabled, and the Java Heap may be blocking the growth of the native heap
# Possible solutions:
#   Reduce memory load on the system
#   Increase physical memory or swap space
#   Check if swap backing store is full
#   Decrease Java heap size (-Xmx/-Xms)
#   Decrease number of Java threads
#   Decrease Java thread stack sizes (-Xss)
#   Set larger code cache with -XX:ReservedCodeCacheSize=
#   JVM is running with Unscaled Compressed Oops mode in which the Java heap is
#     placed in the first 4GB address space. The Java Heap base address is the
#     maximum limit for the native heap growth. Please use -XX:HeapBaseMinAddress
#     to set the Java Heap base and to place the Java Heap above 4GB virtual address.
# This output file may be truncated or incomplete.
#
#  Out of Memory Error (os_windows.cpp:3925), pid=12724, tid=13544
#
# JRE version: OpenJDK Runtime Environment JBR-21.0.9+1-1163.91-nomod (21.0.9+1) (build 21.0.9+1-b1163.91)
# Java VM: OpenJDK 64-Bit Server VM JBR-21.0.9+1-1163.91-nomod (21.0.9+1-b1163.91, mixed mode, sharing, tiered, compressed oops, compressed class ptrs, g1 gc, windows-amd64)
# No core dump will be written. Minidumps are not enabled by default on client versions of Windows
#

---------------  S U M M A R Y ------------

Command Line: --add-opens=java.base/java.lang=ALL-UNNAMED --add-opens=java.base/java.lang.invoke=ALL-UNNAMED --add-opens=java.base/java.util=ALL-UNNAMED --add-opens=java.prefs/java.util.prefs=ALL-UNNAMED --add-exports=jdk.compiler/com.sun.tools.javac.api=ALL-UNNAMED --add-exports=jdk.compiler/com.sun.tools.javac.util=ALL-UNNAMED --add-opens=java.base/java.util=ALL-UNNAMED --add-opens=java.prefs/java.util.prefs=ALL-UNNAMED --add-opens=java.base/java.nio.charset=ALL-UNNAMED --add-opens=java.base/java.net=ALL-UNNAMED --add-opens=java.base/java.util.concurrent.atomic=ALL-UNNAMED --add-opens=java.xml/javax.xml.namespace=ALL-UNNAMED -Xmx2048m -Dfile.encoding=UTF-8 -Duser.country=US -Duser.language=en -Duser.variant -javaagent:C:\Users\prott\.gradle\wrapper\dists\gradle-8.13-bin\5xuhj0ry160q40clulazy9h7d\gradle-8.13\lib\agents\gradle-instrumentation-agent-8.13.jar org.gradle.launcher.daemon.bootstrap.GradleDaemon 8.13

Host: AMD Ryzen 7 4800H with Radeon Graphics         , 16 cores, 7G,  Windows 11 , 64 bit Build 26100 (10.0.26100.7309)
Time: Mon Jan 12 03:25:08 2026 Bangladesh Standard Time elapsed time: 77.961322 seconds (0d 0h 1m 17s)

---------------  T H R E A D  ---------------

Current thread (0x000001edafc25110):  VMThread "VM Thread"          [id=13544, stack(0x0000005394000000,0x0000005394100000) (1024K)]

Stack: [0x0000005394000000,0x0000005394100000]
Native frames: (J=compiled Java code, j=interpreted, Vv=VM code, C=native code)
V  [jvm.dll+0x6ec339]  os::win32::platform_print_native_stack+0xd9  (os_windows_x86.cpp:236)
V  [jvm.dll+0x8cc463]  VMError::report+0xd83  (vmError.cpp:1017)
V  [jvm.dll+0x8cea7e]  VMError::report_and_die+0x5fe  (vmError.cpp:1885)
V  [jvm.dll+0x8cf163]  VMError::report_and_die+0x43  (vmError.cpp:1655)
V  [jvm.dll+0x28b006]  report_vm_out_of_memory+0x56  (debug.cpp:225)
V  [jvm.dll+0x6e8b15]  os::pd_commit_memory_or_exit+0x75  (os_windows.cpp:3933)
V  [jvm.dll+0x6dc1aa]  os::commit_memory_or_exit+0x2a  (os.cpp:1957)
V  [jvm.dll+0x366a7b]  G1PageBasedVirtualSpace::commit+0xdb  (g1PageBasedVirtualSpace.cpp:196)
V  [jvm.dll+0x36e666]  G1RegionsLargerThanCommitSizeMapper::commit_regions+0x76  (g1RegionToSpaceMapper.cpp:100)
V  [jvm.dll+0x3c0bd6]  HeapRegionManager::expand_any+0xa6  (heapRegionManager.cpp:344)
V  [jvm.dll+0x3c0ea8]  HeapRegionManager::expand_by+0xd8  (heapRegionManager.cpp:361)
V  [jvm.dll+0x33922c]  G1CollectedHeap::expand+0xbc  (g1CollectedHeap.cpp:1107)
V  [jvm.dll+0x3392b7]  G1CollectedHeap::expand_heap_after_young_collection+0x37  (g1CollectedHeap.cpp:2514)
V  [jvm.dll+0x37f15c]  G1YoungCollector::post_evacuate_collection_set+0x3fc  (g1YoungCollector.cpp:1008)
V  [jvm.dll+0x37d90e]  G1YoungCollector::collect+0x43e  (g1YoungCollector.cpp:1078)
V  [jvm.dll+0x338981]  G1CollectedHeap::do_collection_pause_at_safepoint+0x111  (g1CollectedHeap.cpp:2526)
V  [jvm.dll+0x37d010]  VM_G1CollectForAllocation::doit+0x60  (g1VMOperations.cpp:147)
V  [jvm.dll+0x8d4ee8]  VM_Operation::evaluate+0x108  (vmOperations.cpp:77)
V  [jvm.dll+0x8d6264]  VMThread::inner_execute+0x294  (vmThread.cpp:435)
V  [jvm.dll+0x8d67a0]  VMThread::loop+0x270  (vmThread.cpp:502)
V  [jvm.dll+0x8d6a33]  VMThread::run+0x63  (vmThread.cpp:180)
V  [jvm.dll+0x874178]  Thread::call_run+0xc8  (thread.cpp:231)
V  [jvm.dll+0x6eaabd]  os::win32::thread_native_entry+0x7d  (os_windows.cpp:557)
C  [ucrtbase.dll+0x37b0]
C  [KERNEL32.DLL+0x2e8d7]
C  [ntdll.dll+0x8c53c]

VM_Operation (0x00000053993f8e80): G1CollectForAllocation, mode: safepoint, requested by thread 0x000001edfa7ab4a0


---------------  P R O C E S S  ---------------

Threads class SMR info:
_java_thread_list=0x000001edfa5d5750, length=215, elements={
0x000001ed9700f400, 0x000001edafc437b0, 0x000001edafc4c8e0, 0x000001edafc4f750,
0x000001edafc52980, 0x000001edafc55a00, 0x000001edafc56d10, 0x000001edafc587c0,
0x000001edafc5b2c0, 0x000001edf60022e0, 0x000001edf6000e70, 0x000001edf62bcfc0,
0x000001edf8277260, 0x000001edf80fd510, 0x000001edf77ef210, 0x000001edf87bf210,
0x000001edf87d67d0, 0x000001edf85a4850, 0x000001edf87d4a80, 0x000001edf87172d0,
0x000001edf87165b0, 0x000001edf8715890, 0x000001edf8716c40, 0x000001edf8715f20,
0x000001edf8717960, 0x000001edf8718680, 0x000001edf8715200, 0x000001edfa222620,
0x000001edfa224d80, 0x000001edfa2246f0, 0x000001edfa221900, 0x000001edfa221f90,
0x000001edfa227b70, 0x000001edfaf15f20, 0x000001edfaf13e50, 0x000001edfaf14b70,
0x000001edfaf137c0, 0x000001edfaf172d0, 0x000001edfaf165b0, 0x000001edfaf17960,
0x000001edfaf144e0, 0x000001edfaf15890, 0x000001edfaf16c40, 0x000001edfaf17ff0,
0x000001edfaf18680, 0x000001edfaf15200, 0x000001edfaf1a750, 0x000001edfaf1a0c0,
0x000001edfaf1ade0, 0x000001edfaf18d10, 0x000001edfaf193a0, 0x000001edfaf19a30,
0x000001edfd307af0, 0x000001edfd305a20, 0x000001edfd306dd0, 0x000001edfd306740,
0x000001edfd3060b0, 0x000001edfd304670, 0x000001edfd307460, 0x000001edfd304d00,
0x000001edfd305390, 0x000001edfa7aae10, 0x000001edfa7ac850, 0x000001edfa7ae920,
0x000001edfa7ad570, 0x000001edfa7adc00, 0x000001edfa7ab4a0, 0x000001edfa7aefb0,
0x000001edfa7abb30, 0x000001edfa7ac1c0, 0x000001edfa7afcd0, 0x000001edfa7b1710,
0x000001edfa7b09f0, 0x000001edfa7b1080, 0x000001edfa7b0360, 0x000001edfa7b1da0,
0x000001edfa7af640, 0x000001edfa7b2430, 0x000001edfbdf2aa0, 0x000001edfdaddb40,
0x000001edfdadd4b0, 0x000001edfdada6c0, 0x000001edfdade1d0, 0x000001edfdadba70,
0x000001edfdadc100, 0x000001edfdadad50, 0x000001edfdade860, 0x000001edfdadb3e0,
0x000001edfdadc790, 0x000001edfdadeef0, 0x000001edfdae1ce0, 0x000001edfdadf580,
0x000001edfdadfc10, 0x000001edfdae02a0, 0x000001edfdae0fc0, 0x000001edfdae0930,
0x000001edfdae1650, 0x000001edf72b4040, 0x000001edf72b5a80, 0x000001edf72b6e30,
0x000001edf72b6110, 0x000001edf72b39b0, 0x000001edf72b67a0, 0x000001edf72b7b50,
0x000001edf72b46d0, 0x000001edf72b81e0, 0x000001edf72b74c0, 0x000001edf72b53f0,
0x000001edf72b4d60, 0x000001edf72bafd0, 0x000001edf72ba2b0, 0x000001edf72b8870,
0x000001edf72b9c20, 0x000001edf72b8f00, 0x000001edf72b9590, 0x000001edf72ba940,
0x000001edf8e0f130, 0x000001edf8e10b70, 0x000001edf8e104e0, 0x000001edf8e0f7c0,
0x000001edf8e0fe50, 0x000001edfbdf8680, 0x000001edfbdf5200, 0x000001edfdadce20,
0x000001edfd1aec40, 0x000001edfd1afff0, 0x000001edfd1b2750, 0x000001edfd1b20c0,
0x000001edfd1af960, 0x000001edfd1b2de0, 0x000001edfd1b1a30, 0x000001edfd1b0d10,
0x000001edfd1b3470, 0x000001edfd1b3b00, 0x000001edfd1b0680, 0x000001edfd1b13a0,
0x000001edfd1b4eb0, 0x000001edfd1b4820, 0x000001edfd1b4190, 0x000001edfd1b5540,
0x000001edfd1b5bd0, 0x000001edfd1b6260, 0x000001edfd55a9f0, 0x000001edfd558920,
0x000001edfd55a360, 0x000001edfd558290, 0x000001edfd55b080, 0x000001edfd55b710,
0x000001edfd55bda0, 0x000001edfd55c430, 0x000001edfd558fb0, 0x000001edfd55cac0,
0x000001edfd559640, 0x000001edfd55d150, 0x000001edfd559cd0, 0x000001edfd55eb90,
0x000001edfd5605d0, 0x000001edfd55ff40, 0x000001edfd560c60, 0x000001edfd55d7e0,
0x000001edfd55f8b0, 0x000001edfd5612f0, 0x000001edfd55de70, 0x000001edfd561980,
0x000001edfd55e500, 0x000001edfd5626a0, 0x000001edfd562010, 0x000001edfd55f220,
0x000001edfd563a50, 0x000001edfd564e00, 0x000001edfd5640e0, 0x000001edfd564770,
0x000001edfd565490, 0x000001edfd565b20, 0x000001edfd6dc3d0, 0x000001edfd6dca60,
0x000001edfd6d95e0, 0x000001edfd6df850, 0x000001edfd6dde10, 0x000001edfd6df1c0,
0x000001edfd6dd0f0, 0x000001edfd6dd780, 0x000001edfd6dfee0, 0x000001edfd6de4a0,
0x000001edfd6e0570, 0x000001edfd6e0c00, 0x000001edfd6d9c70, 0x000001edfd6d67f0,
0x000001edfd6da990, 0x000001edfd6d7ba0, 0x000001edfd6da300, 0x000001edfd6d6e80,
0x000001edfd6d7510, 0x000001edfd6db020, 0x000001edfd6d88c0, 0x000001edfd6deb30,
0x000001edfd6e2cd0, 0x000001edfd6e4710, 0x000001edfd6e1fb0, 0x000001edfd6e3360,
0x000001edfd6e2640, 0x000001edfd6e4080, 0x000001edfd6e39f0, 0x000001edfd6e1920,
0x000001edfd6e1290, 0x000001edfd6e4da0, 0x000001edfd562d30, 0x000001edfd566ed0,
0x000001edfd5661b0, 0x000001edfd566840, 0x000001edfd5633c0, 0x000001edfd567560,
0x000001edfd6e5430, 0x000001edfa223340, 0x000001edf6102d00
}

Java Threads: ( => current thread )
  0x000001ed9700f400 JavaThread "main"                              [_thread_blocked, id=13540, stack(0x0000005393900000,0x0000005393a00000) (1024K)]
  0x000001edafc437b0 JavaThread "Common-Cleaner"             daemon [_thread_blocked, id=20916, stack(0x0000005394100000,0x0000005394200000) (1024K)]
  0x000001edafc4c8e0 JavaThread "Reference Handler"          daemon [_thread_blocked, id=3260, stack(0x0000005394200000,0x0000005394300000) (1024K)]
  0x000001edafc4f750 JavaThread "Finalizer"                  daemon [_thread_blocked, id=11600, stack(0x0000005394300000,0x0000005394400000) (1024K)]
  0x000001edafc52980 JavaThread "Signal Dispatcher"          daemon [_thread_blocked, id=18588, stack(0x0000005394400000,0x0000005394500000) (1024K)]
  0x000001edafc55a00 JavaThread "Attach Listener"            daemon [_thread_blocked, id=20984, stack(0x0000005394500000,0x0000005394600000) (1024K)]
  0x000001edafc56d10 JavaThread "Service Thread"             daemon [_thread_blocked, id=7536, stack(0x0000005394600000,0x0000005394700000) (1024K)]
  0x000001edafc587c0 JavaThread "Monitor Deflation Thread"   daemon [_thread_blocked, id=19760, stack(0x0000005394700000,0x0000005394800000) (1024K)]
  0x000001edafc5b2c0 JavaThread "C2 CompilerThread0"         daemon [_thread_blocked, id=5648, stack(0x0000005394800000,0x0000005394900000) (1024K)]
  0x000001edf60022e0 JavaThread "C1 CompilerThread0"         daemon [_thread_blocked, id=18624, stack(0x0000005394900000,0x0000005394a00000) (1024K)]
  0x000001edf6000e70 JavaThread "C1 CompilerThread1"         daemon [_thread_blocked, id=21148, stack(0x0000005394a00000,0x0000005394b00000) (1024K)]
  0x000001edf62bcfc0 JavaThread "Notification Thread"        daemon [_thread_blocked, id=19912, stack(0x0000005394b00000,0x0000005394c00000) (1024K)]
  0x000001edf8277260 JavaThread "Daemon health stats"               [_thread_blocked, id=1036, stack(0x0000005394c00000,0x0000005394d00000) (1024K)]
  0x000001edf80fd510 JavaThread "Incoming local TCP Connector on port 55956"        [_thread_in_native, id=14616, stack(0x0000005395400000,0x0000005395500000) (1024K)]
  0x000001edf77ef210 JavaThread "Daemon periodic checks"            [_thread_blocked, id=11568, stack(0x0000005395500000,0x0000005395600000) (1024K)]
  0x000001edf87bf210 JavaThread "Daemon"                            [_thread_blocked, id=19092, stack(0x0000005395600000,0x0000005395700000) (1024K)]
  0x000001edf87d67d0 JavaThread "Handler for socket connection from /127.0.0.1:55956 to /127.0.0.1:55957"        [_thread_in_native, id=11552, stack(0x0000005395700000,0x0000005395800000) (1024K)]
  0x000001edf85a4850 JavaThread "Cancel handler"                    [_thread_blocked, id=20080, stack(0x0000005395200000,0x0000005395300000) (1024K)]
  0x000001edf87d4a80 JavaThread "Daemon worker"                     [_thread_blocked, id=9032, stack(0x0000005395900000,0x0000005395a00000) (1024K)]
  0x000001edf87172d0 JavaThread "Asynchronous log dispatcher for DefaultDaemonConnection: socket connection from /127.0.0.1:55956 to /127.0.0.1:55957"        [_thread_blocked, id=21268, stack(0x0000005395a00000,0x0000005395b00000) (1024K)]
  0x000001edf87165b0 JavaThread "Stdin handler"                     [_thread_blocked, id=21192, stack(0x0000005395b00000,0x0000005395c00000) (1024K)]
  0x000001edf8715890 JavaThread "Daemon client event forwarder"        [_thread_blocked, id=12712, stack(0x0000005395c00000,0x0000005395d00000) (1024K)]
  0x000001edf8716c40 JavaThread "Cache worker for journal cache (C:\Users\prott\.gradle\caches\journal-1)"        [_thread_blocked, id=20976, stack(0x0000005395800000,0x0000005395900000) (1024K)]
  0x000001edf8715f20 JavaThread "File lock request listener"        [_thread_in_native, id=12616, stack(0x0000005396500000,0x0000005396600000) (1024K)]
  0x000001edf8717960 JavaThread "Cache worker for file hash cache (C:\Users\prott\.gradle\caches\8.13\fileHashes)"        [_thread_blocked, id=6544, stack(0x0000005396600000,0x0000005396700000) (1024K)]
  0x000001edf8718680 JavaThread "Cache worker for file hash cache (E:\1_KUET LIFE\project\Bhoumik_2207040_SPT-Data-Analysis-And-Reporting-Tool-main\MyApplication\.gradle\8.13\fileHashes)"        [_thread_blocked, id=16860, stack(0x0000005396700000,0x0000005396800000) (1024K)]
  0x000001edf8715200 JavaThread "Cache worker for Build Output Cleanup Cache (E:\1_KUET LIFE\project\Bhoumik_2207040_SPT-Data-Analysis-And-Reporting-Tool-main\MyApplication\.gradle\buildOutputCleanup)"        [_thread_blocked, id=19056, stack(0x0000005396800000,0x0000005396900000) (1024K)]
  0x000001edfa222620 JavaThread "File watcher server"        daemon [_thread_blocked, id=9696, stack(0x0000005396b00000,0x0000005396c00000) (1024K)]
  0x000001edfa224d80 JavaThread "File watcher consumer"      daemon [_thread_blocked, id=9532, stack(0x0000005396c00000,0x0000005396d00000) (1024K)]
  0x000001edfa2246f0 JavaThread "Cache worker for checksums cache (E:\1_KUET LIFE\project\Bhoumik_2207040_SPT-Data-Analysis-And-Reporting-Tool-main\MyApplication\.gradle\8.13\checksums)"        [_thread_blocked, id=11764, stack(0x0000005396e00000,0x0000005396f00000) (1024K)]
  0x000001edfa221900 JavaThread "Cache worker for file content cache (C:\Users\prott\.gradle\caches\8.13\fileContent)"        [_thread_blocked, id=20680, stack(0x0000005396f00000,0x0000005397000000) (1024K)]
  0x000001edfa221f90 JavaThread "Cache worker for cache directory md-supplier (C:\Users\prott\.gradle\caches\8.13\md-supplier)"        [_thread_blocked, id=2492, stack(0x0000005397100000,0x0000005397200000) (1024K)]
  0x000001edfa227b70 JavaThread "Cache worker for cache directory md-rule (C:\Users\prott\.gradle\caches\8.13\md-rule)"        [_thread_blocked, id=4700, stack(0x0000005397200000,0x0000005397300000) (1024K)]
  0x000001edfaf15f20 JavaThread "Unconstrained build operations"        [_thread_blocked, id=20224, stack(0x0000005397000000,0x0000005397100000) (1024K)]
  0x000001edfaf13e50 JavaThread "Unconstrained build operations Thread 2"        [_thread_blocked, id=20088, stack(0x0000005397300000,0x0000005397400000) (1024K)]
  0x000001edfaf14b70 JavaThread "Unconstrained build operations Thread 3"        [_thread_blocked, id=2296, stack(0x0000005397400000,0x0000005397500000) (1024K)]
  0x000001edfaf137c0 JavaThread "Unconstrained build operations Thread 4"        [_thread_blocked, id=12356, stack(0x0000005397500000,0x0000005397600000) (1024K)]
  0x000001edfaf172d0 JavaThread "Unconstrained build operations Thread 5"        [_thread_blocked, id=17628, stack(0x0000005397600000,0x0000005397700000) (1024K)]
  0x000001edfaf165b0 JavaThread "Unconstrained build operations Thread 6"        [_thread_blocked, id=7180, stack(0x0000005397700000,0x0000005397800000) (1024K)]
  0x000001edfaf17960 JavaThread "Unconstrained build operations Thread 7"        [_thread_blocked, id=19308, stack(0x0000005397800000,0x0000005397900000) (1024K)]
  0x000001edfaf144e0 JavaThread "Unconstrained build operations Thread 8"        [_thread_blocked, id=20624, stack(0x0000005397900000,0x0000005397a00000) (1024K)]
  0x000001edfaf15890 JavaThread "Unconstrained build operations Thread 9"        [_thread_blocked, id=3300, stack(0x0000005397a00000,0x0000005397b00000) (1024K)]
  0x000001edfaf16c40 JavaThread "Unconstrained build operations Thread 10"        [_thread_blocked, id=17620, stack(0x0000005397b00000,0x0000005397c00000) (1024K)]
  0x000001edfaf17ff0 JavaThread "Unconstrained build operations Thread 11"        [_thread_blocked, id=21112, stack(0x0000005397c00000,0x0000005397d00000) (1024K)]
  0x000001edfaf18680 JavaThread "Unconstrained build operations Thread 12"        [_thread_blocked, id=17992, stack(0x0000005397d00000,0x0000005397e00000) (1024K)]
  0x000001edfaf15200 JavaThread "Unconstrained build operations Thread 13"        [_thread_blocked, id=18992, stack(0x0000005397e00000,0x0000005397f00000) (1024K)]
  0x000001edfaf1a750 JavaThread "Unconstrained build operations Thread 14"        [_thread_blocked, id=17344, stack(0x0000005397f00000,0x0000005398000000) (1024K)]
  0x000001edfaf1a0c0 JavaThread "Unconstrained build operations Thread 15"        [_thread_blocked, id=14560, stack(0x0000005398000000,0x0000005398100000) (1024K)]
  0x000001edfaf1ade0 JavaThread "Unconstrained build operations Thread 16"        [_thread_blocked, id=19728, stack(0x0000005398100000,0x0000005398200000) (1024K)]
  0x000001edfaf18d10 JavaThread "Unconstrained build operations Thread 17"        [_thread_blocked, id=10636, stack(0x0000005398200000,0x0000005398300000) (1024K)]
  0x000001edfaf193a0 JavaThread "Unconstrained build operations Thread 18"        [_thread_blocked, id=20564, stack(0x0000005398300000,0x0000005398400000) (1024K)]
  0x000001edfaf19a30 JavaThread "Unconstrained build operations Thread 19"        [_thread_blocked, id=18784, stack(0x0000005398400000,0x0000005398500000) (1024K)]
  0x000001edfd307af0 JavaThread "Unconstrained build operations Thread 20"        [_thread_blocked, id=3548, stack(0x0000005398500000,0x0000005398600000) (1024K)]
  0x000001edfd305a20 JavaThread "Unconstrained build operations Thread 21"        [_thread_blocked, id=2016, stack(0x0000005398600000,0x0000005398700000) (1024K)]
  0x000001edfd306dd0 JavaThread "Unconstrained build operations Thread 22"        [_thread_blocked, id=2172, stack(0x0000005398700000,0x0000005398800000) (1024K)]
  0x000001edfd306740 JavaThread "Unconstrained build operations Thread 23"        [_thread_blocked, id=12484, stack(0x0000005398800000,0x0000005398900000) (1024K)]
  0x000001edfd3060b0 JavaThread "Unconstrained build operations Thread 24"        [_thread_blocked, id=20484, stack(0x0000005398900000,0x0000005398a00000) (1024K)]
  0x000001edfd304670 JavaThread "Unconstrained build operations Thread 25"        [_thread_blocked, id=7544, stack(0x0000005398a00000,0x0000005398b00000) (1024K)]
  0x000001edfd307460 JavaThread "Unconstrained build operations Thread 26"        [_thread_blocked, id=19584, stack(0x0000005398b00000,0x0000005398c00000) (1024K)]
  0x000001edfd304d00 JavaThread "Unconstrained build operations Thread 27"        [_thread_blocked, id=20028, stack(0x0000005398c00000,0x0000005398d00000) (1024K)]
  0x000001edfd305390 JavaThread "Unconstrained build operations Thread 28"        [_thread_blocked, id=13764, stack(0x0000005398d00000,0x0000005398e00000) (1024K)]
  0x000001edfa7aae10 JavaThread "Unconstrained build operations Thread 29"        [_thread_blocked, id=2316, stack(0x0000005398e00000,0x0000005398f00000) (1024K)]
  0x000001edfa7ac850 JavaThread "Unconstrained build operations Thread 30"        [_thread_blocked, id=2100, stack(0x0000005398f00000,0x0000005399000000) (1024K)]
  0x000001edfa7ae920 JavaThread "Unconstrained build operations Thread 31"        [_thread_blocked, id=16056, stack(0x0000005399000000,0x0000005399100000) (1024K)]
  0x000001edfa7ad570 JavaThread "Unconstrained build operations Thread 32"        [_thread_blocked, id=19264, stack(0x0000005399100000,0x0000005399200000) (1024K)]
  0x000001edfa7adc00 JavaThread "Unconstrained build operations Thread 33"        [_thread_blocked, id=15336, stack(0x0000005399200000,0x0000005399300000) (1024K)]
  0x000001edfa7ab4a0 JavaThread "Unconstrained build operations Thread 34"        [_thread_blocked, id=7640, stack(0x0000005399300000,0x0000005399400000) (1024K)]
  0x000001edfa7aefb0 JavaThread "Unconstrained build operations Thread 35"        [_thread_blocked, id=12232, stack(0x0000005399400000,0x0000005399500000) (1024K)]
  0x000001edfa7abb30 JavaThread "Unconstrained build operations Thread 36"        [_thread_blocked, id=14768, stack(0x0000005399500000,0x0000005399600000) (1024K)]
  0x000001edfa7ac1c0 JavaThread "Unconstrained build operations Thread 37"        [_thread_blocked, id=9184, stack(0x0000005399600000,0x0000005399700000) (1024K)]
  0x000001edfa7afcd0 JavaThread "Unconstrained build operations Thread 38"        [_thread_blocked, id=8676, stack(0x0000005399700000,0x0000005399800000) (1024K)]
  0x000001edfa7b1710 JavaThread "Unconstrained build operations Thread 39"        [_thread_blocked, id=20408, stack(0x0000005399800000,0x0000005399900000) (1024K)]
  0x000001edfa7b09f0 JavaThread "Unconstrained build operations Thread 40"        [_thread_blocked, id=15216, stack(0x0000005399900000,0x0000005399a00000) (1024K)]
  0x000001edfa7b1080 JavaThread "Unconstrained build operations Thread 41"        [_thread_blocked, id=13560, stack(0x0000005399a00000,0x0000005399b00000) (1024K)]
  0x000001edfa7b0360 JavaThread "Unconstrained build operations Thread 42"        [_thread_blocked, id=18896, stack(0x0000005399b00000,0x0000005399c00000) (1024K)]
  0x000001edfa7b1da0 JavaThread "Unconstrained build operations Thread 43"        [_thread_blocked, id=20700, stack(0x0000005399c00000,0x0000005399d00000) (1024K)]
  0x000001edfa7af640 JavaThread "Unconstrained build operations Thread 44"        [_thread_blocked, id=19528, stack(0x0000005399d00000,0x0000005399e00000) (1024K)]
  0x000001edfa7b2430 JavaThread "Unconstrained build operations Thread 45"        [_thread_blocked, id=9236, stack(0x0000005399e00000,0x0000005399f00000) (1024K)]
  0x000001edfbdf2aa0 JavaThread "Memory manager"                    [_thread_blocked, id=16540, stack(0x0000005399f00000,0x000000539a000000) (1024K)]
  0x000001edfdaddb40 JavaThread "pool-3-thread-1"                   [_thread_blocked, id=21184, stack(0x0000005395000000,0x0000005395100000) (1024K)]
  0x000001edfdadd4b0 JavaThread "build event listener"              [_thread_blocked, id=19484, stack(0x0000005395300000,0x0000005395400000) (1024K)]
  0x000001edfdada6c0 JavaThread "included builds"                   [_thread_blocked, id=7296, stack(0x0000005396d00000,0x0000005396e00000) (1024K)]
  0x000001edfdade1d0 JavaThread "Execution worker"                  [_thread_blocked, id=17524, stack(0x000000539a000000,0x000000539a100000) (1024K)]
  0x000001edfdadba70 JavaThread "Execution worker Thread 2"         [_thread_blocked, id=16648, stack(0x000000539a100000,0x000000539a200000) (1024K)]
  0x000001edfdadc100 JavaThread "Execution worker Thread 3"         [_thread_blocked, id=4040, stack(0x000000539a200000,0x000000539a300000) (1024K)]
  0x000001edfdadad50 JavaThread "Execution worker Thread 4"         [_thread_blocked, id=3904, stack(0x000000539a300000,0x000000539a400000) (1024K)]
  0x000001edfdade860 JavaThread "Execution worker Thread 5"         [_thread_blocked, id=2348, stack(0x000000539a400000,0x000000539a500000) (1024K)]
  0x000001edfdadb3e0 JavaThread "Execution worker Thread 6"         [_thread_blocked, id=15516, stack(0x000000539a500000,0x000000539a600000) (1024K)]
  0x000001edfdadc790 JavaThread "Execution worker Thread 7"         [_thread_blocked, id=10784, stack(0x000000539a600000,0x000000539a700000) (1024K)]
  0x000001edfdadeef0 JavaThread "Execution worker Thread 8"         [_thread_blocked, id=20720, stack(0x000000539a700000,0x000000539a800000) (1024K)]
  0x000001edfdae1ce0 JavaThread "Execution worker Thread 9"         [_thread_blocked, id=12332, stack(0x000000539a800000,0x000000539a900000) (1024K)]
  0x000001edfdadf580 JavaThread "Execution worker Thread 10"        [_thread_blocked, id=19008, stack(0x000000539a900000,0x000000539aa00000) (1024K)]
  0x000001edfdadfc10 JavaThread "Execution worker Thread 11"        [_thread_blocked, id=12324, stack(0x000000539aa00000,0x000000539ab00000) (1024K)]
  0x000001edfdae02a0 JavaThread "Execution worker Thread 12"        [_thread_blocked, id=18168, stack(0x000000539ab00000,0x000000539ac00000) (1024K)]
  0x000001edfdae0fc0 JavaThread "Execution worker Thread 13"        [_thread_blocked, id=3880, stack(0x000000539ac00000,0x000000539ad00000) (1024K)]
  0x000001edfdae0930 JavaThread "Execution worker Thread 14"        [_thread_blocked, id=5940, stack(0x000000539ad00000,0x000000539ae00000) (1024K)]
  0x000001edfdae1650 JavaThread "Execution worker Thread 15"        [_thread_blocked, id=18912, stack(0x000000539ae00000,0x000000539af00000) (1024K)]
  0x000001edf72b4040 JavaThread "Cache worker for execution history cache (E:\1_KUET LIFE\project\Bhoumik_2207040_SPT-Data-Analysis-And-Reporting-Tool-main\MyApplication\.gradle\8.13\executionHistory)"        [_thread_blocked, id=12224, stack(0x000000539af00000,0x000000539b000000) (1024K)]
  0x000001edf72b5a80 JavaThread "Unconstrained build operations Thread 46"        [_thread_blocked, id=20400, stack(0x000000539b000000,0x000000539b100000) (1024K)]
  0x000001edf72b6e30 JavaThread "Unconstrained build operations Thread 47"        [_thread_blocked, id=17544, stack(0x000000539b100000,0x000000539b200000) (1024K)]
  0x000001edf72b6110 JavaThread "Unconstrained build operations Thread 48"        [_thread_blocked, id=21056, stack(0x000000539b200000,0x000000539b300000) (1024K)]
  0x000001edf72b39b0 JavaThread "Unconstrained build operations Thread 49"        [_thread_blocked, id=19040, stack(0x000000539b300000,0x000000539b400000) (1024K)]
  0x000001edf72b67a0 JavaThread "Unconstrained build operations Thread 50"        [_thread_blocked, id=20752, stack(0x000000539b400000,0x000000539b500000) (1024K)]
  0x000001edf72b7b50 JavaThread "Unconstrained build operations Thread 51"        [_thread_blocked, id=21348, stack(0x000000539b500000,0x000000539b600000) (1024K)]
  0x000001edf72b46d0 JavaThread "Unconstrained build operations Thread 52"        [_thread_blocked, id=3168, stack(0x000000539b600000,0x000000539b700000) (1024K)]
  0x000001edf72b81e0 JavaThread "Unconstrained build operations Thread 53"        [_thread_blocked, id=3464, stack(0x000000539b700000,0x000000539b800000) (1024K)]
  0x000001edf72b74c0 JavaThread "Unconstrained build operations Thread 54"        [_thread_blocked, id=8900, stack(0x000000539b800000,0x000000539b900000) (1024K)]
  0x000001edf72b53f0 JavaThread "Unconstrained build operations Thread 55"        [_thread_blocked, id=8132, stack(0x000000539b900000,0x000000539ba00000) (1024K)]
  0x000001edf72b4d60 JavaThread "Unconstrained build operations Thread 56"        [_thread_blocked, id=11308, stack(0x000000539ba00000,0x000000539bb00000) (1024K)]
  0x000001edf72bafd0 JavaThread "Unconstrained build operations Thread 57"        [_thread_blocked, id=18600, stack(0x000000539bb00000,0x000000539bc00000) (1024K)]
  0x000001edf72ba2b0 JavaThread "Unconstrained build operations Thread 58"        [_thread_blocked, id=5644, stack(0x000000539bc00000,0x000000539bd00000) (1024K)]
  0x000001edf72b8870 JavaThread "Unconstrained build operations Thread 59"        [_thread_blocked, id=16512, stack(0x000000539bd00000,0x000000539be00000) (1024K)]
  0x000001edf72b9c20 JavaThread "Unconstrained build operations Thread 60"        [_thread_blocked, id=16720, stack(0x000000539be00000,0x000000539bf00000) (1024K)]
  0x000001edf72b8f00 JavaThread "Unconstrained build operations Thread 61"        [_thread_blocked, id=20592, stack(0x0000005393500000,0x0000005393600000) (1024K)]
  0x000001edf72b9590 JavaThread "Unconstrained build operations Thread 62"        [_thread_blocked, id=13456, stack(0x0000005393600000,0x0000005393700000) (1024K)]
  0x000001edf72ba940 JavaThread "Unconstrained build operations Thread 63"        [_thread_blocked, id=21104, stack(0x0000005393700000,0x0000005393800000) (1024K)]
  0x000001edf8e0f130 JavaThread "Unconstrained build operations Thread 64"        [_thread_blocked, id=16952, stack(0x000000539bf00000,0x000000539c000000) (1024K)]
  0x000001edf8e10b70 JavaThread "Unconstrained build operations Thread 65"        [_thread_blocked, id=18612, stack(0x000000539c000000,0x000000539c100000) (1024K)]
  0x000001edf8e104e0 JavaThread "Unconstrained build operations Thread 66"        [_thread_blocked, id=21276, stack(0x000000539c100000,0x000000539c200000) (1024K)]
  0x000001edf8e0f7c0 JavaThread "Unconstrained build operations Thread 67"        [_thread_blocked, id=19384, stack(0x000000539c200000,0x000000539c300000) (1024K)]
  0x000001edf8e0fe50 JavaThread "Unconstrained build operations Thread 68"        [_thread_blocked, id=20244, stack(0x000000539c300000,0x000000539c400000) (1024K)]
  0x000001edfbdf8680 JavaThread "Unconstrained build operations Thread 69"        [_thread_blocked, id=12592, stack(0x000000539c400000,0x000000539c500000) (1024K)]
  0x000001edfbdf5200 JavaThread "Unconstrained build operations Thread 70"        [_thread_blocked, id=2276, stack(0x000000539c500000,0x000000539c600000) (1024K)]
  0x000001edfdadce20 JavaThread "Unconstrained build operations Thread 71"        [_thread_blocked, id=15020, stack(0x000000539c600000,0x000000539c700000) (1024K)]
  0x000001edfd1aec40 JavaThread "Unconstrained build operations Thread 72"        [_thread_blocked, id=15092, stack(0x000000539c700000,0x000000539c800000) (1024K)]
  0x000001edfd1afff0 JavaThread "Unconstrained build operations Thread 73"        [_thread_blocked, id=12384, stack(0x000000539c800000,0x000000539c900000) (1024K)]
  0x000001edfd1b2750 JavaThread "Unconstrained build operations Thread 74"        [_thread_blocked, id=13608, stack(0x000000539c900000,0x000000539ca00000) (1024K)]
  0x000001edfd1b20c0 JavaThread "Unconstrained build operations Thread 75"        [_thread_blocked, id=3732, stack(0x000000539ca00000,0x000000539cb00000) (1024K)]
  0x000001edfd1af960 JavaThread "Unconstrained build operations Thread 76"        [_thread_blocked, id=3992, stack(0x000000539cb00000,0x000000539cc00000) (1024K)]
  0x000001edfd1b2de0 JavaThread "Unconstrained build operations Thread 77"        [_thread_blocked, id=7816, stack(0x000000539cc00000,0x000000539cd00000) (1024K)]
  0x000001edfd1b1a30 JavaThread "Unconstrained build operations Thread 78"        [_thread_blocked, id=15700, stack(0x000000539cd00000,0x000000539ce00000) (1024K)]
  0x000001edfd1b0d10 JavaThread "Unconstrained build operations Thread 79"        [_thread_blocked, id=2136, stack(0x000000539ce00000,0x000000539cf00000) (1024K)]
  0x000001edfd1b3470 JavaThread "Unconstrained build operations Thread 80"        [_thread_blocked, id=5272, stack(0x000000539cf00000,0x000000539d000000) (1024K)]
  0x000001edfd1b3b00 JavaThread "Unconstrained build operations Thread 81"        [_thread_blocked, id=4036, stack(0x000000539d000000,0x000000539d100000) (1024K)]
  0x000001edfd1b0680 JavaThread "Unconstrained build operations Thread 82"        [_thread_blocked, id=8072, stack(0x000000539d100000,0x000000539d200000) (1024K)]
  0x000001edfd1b13a0 JavaThread "Unconstrained build operations Thread 83"        [_thread_blocked, id=8152, stack(0x000000539d200000,0x000000539d300000) (1024K)]
  0x000001edfd1b4eb0 JavaThread "Unconstrained build operations Thread 84"        [_thread_blocked, id=20252, stack(0x000000539d300000,0x000000539d400000) (1024K)]
  0x000001edfd1b4820 JavaThread "Unconstrained build operations Thread 85"        [_thread_blocked, id=19852, stack(0x000000539d400000,0x000000539d500000) (1024K)]
  0x000001edfd1b4190 JavaThread "Unconstrained build operations Thread 86"        [_thread_blocked, id=7984, stack(0x000000539d500000,0x000000539d600000) (1024K)]
  0x000001edfd1b5540 JavaThread "Unconstrained build operations Thread 87"        [_thread_blocked, id=9840, stack(0x000000539d600000,0x000000539d700000) (1024K)]
  0x000001edfd1b5bd0 JavaThread "Unconstrained build operations Thread 88"        [_thread_blocked, id=15568, stack(0x000000539d700000,0x000000539d800000) (1024K)]
  0x000001edfd1b6260 JavaThread "Unconstrained build operations Thread 89"        [_thread_blocked, id=19660, stack(0x000000539d800000,0x000000539d900000) (1024K)]
  0x000001edfd55a9f0 JavaThread "Unconstrained build operations Thread 90"        [_thread_blocked, id=14924, stack(0x000000539d900000,0x000000539da00000) (1024K)]
  0x000001edfd558920 JavaThread "Unconstrained build operations Thread 91"        [_thread_blocked, id=15748, stack(0x000000539da00000,0x000000539db00000) (1024K)]
  0x000001edfd55a360 JavaThread "Unconstrained build operations Thread 92"        [_thread_blocked, id=14500, stack(0x000000539db00000,0x000000539dc00000) (1024K)]
  0x000001edfd558290 JavaThread "Unconstrained build operations Thread 93"        [_thread_blocked, id=20432, stack(0x000000539dc00000,0x000000539dd00000) (1024K)]
  0x000001edfd55b080 JavaThread "Unconstrained build operations Thread 94"        [_thread_blocked, id=14168, stack(0x000000539dd00000,0x000000539de00000) (1024K)]
  0x000001edfd55b710 JavaThread "Unconstrained build operations Thread 95"        [_thread_blocked, id=10708, stack(0x000000539de00000,0x000000539df00000) (1024K)]
  0x000001edfd55bda0 JavaThread "Unconstrained build operations Thread 96"        [_thread_blocked, id=10000, stack(0x000000539df00000,0x000000539e000000) (1024K)]
  0x000001edfd55c430 JavaThread "Unconstrained build operations Thread 97"        [_thread_blocked, id=5332, stack(0x000000539e000000,0x000000539e100000) (1024K)]
  0x000001edfd558fb0 JavaThread "Unconstrained build operations Thread 98"        [_thread_blocked, id=3780, stack(0x000000539e100000,0x000000539e200000) (1024K)]
  0x000001edfd55cac0 JavaThread "Unconstrained build operations Thread 99"        [_thread_blocked, id=4624, stack(0x000000539e200000,0x000000539e300000) (1024K)]
  0x000001edfd559640 JavaThread "Unconstrained build operations Thread 100"        [_thread_blocked, id=9468, stack(0x000000539e300000,0x000000539e400000) (1024K)]
  0x000001edfd55d150 JavaThread "Unconstrained build operations Thread 101"        [_thread_blocked, id=16628, stack(0x000000539e400000,0x000000539e500000) (1024K)]
  0x000001edfd559cd0 JavaThread "Unconstrained build operations Thread 102"        [_thread_blocked, id=6428, stack(0x000000539e500000,0x000000539e600000) (1024K)]
  0x000001edfd55eb90 JavaThread "Unconstrained build operations Thread 103"        [_thread_blocked, id=9320, stack(0x000000539e600000,0x000000539e700000) (1024K)]
  0x000001edfd5605d0 JavaThread "Unconstrained build operations Thread 104"        [_thread_blocked, id=2936, stack(0x000000539e700000,0x000000539e800000) (1024K)]
  0x000001edfd55ff40 JavaThread "Unconstrained build operations Thread 105"        [_thread_blocked, id=18296, stack(0x000000539e800000,0x000000539e900000) (1024K)]
  0x000001edfd560c60 JavaThread "Unconstrained build operations Thread 106"        [_thread_blocked, id=8652, stack(0x000000539e900000,0x000000539ea00000) (1024K)]
  0x000001edfd55d7e0 JavaThread "Unconstrained build operations Thread 107"        [_thread_blocked, id=18764, stack(0x000000539ea00000,0x000000539eb00000) (1024K)]
  0x000001edfd55f8b0 JavaThread "Unconstrained build operations Thread 108"        [_thread_blocked, id=13556, stack(0x000000539eb00000,0x000000539ec00000) (1024K)]
  0x000001edfd5612f0 JavaThread "Unconstrained build operations Thread 109"        [_thread_blocked, id=13052, stack(0x000000539ec00000,0x000000539ed00000) (1024K)]
  0x000001edfd55de70 JavaThread "Unconstrained build operations Thread 110"        [_thread_blocked, id=17352, stack(0x000000539ed00000,0x000000539ee00000) (1024K)]
  0x000001edfd561980 JavaThread "Unconstrained build operations Thread 111"        [_thread_blocked, id=13652, stack(0x000000539ee00000,0x000000539ef00000) (1024K)]
  0x000001edfd55e500 JavaThread "Unconstrained build operations Thread 112"        [_thread_blocked, id=18492, stack(0x000000539ef00000,0x000000539f000000) (1024K)]
  0x000001edfd5626a0 JavaThread "Unconstrained build operations Thread 113"        [_thread_blocked, id=9088, stack(0x000000539f000000,0x000000539f100000) (1024K)]
  0x000001edfd562010 JavaThread "Unconstrained build operations Thread 114"        [_thread_blocked, id=10912, stack(0x000000539f100000,0x000000539f200000) (1024K)]
  0x000001edfd55f220 JavaThread "Unconstrained build operations Thread 115"        [_thread_blocked, id=4136, stack(0x000000539f200000,0x000000539f300000) (1024K)]
  0x000001edfd563a50 JavaThread "Unconstrained build operations Thread 116"        [_thread_blocked, id=18700, stack(0x000000539f300000,0x000000539f400000) (1024K)]
  0x000001edfd564e00 JavaThread "Unconstrained build operations Thread 117"        [_thread_blocked, id=11452, stack(0x000000539f400000,0x000000539f500000) (1024K)]
  0x000001edfd5640e0 JavaThread "Unconstrained build operations Thread 118"        [_thread_blocked, id=15184, stack(0x000000539f500000,0x000000539f600000) (1024K)]
  0x000001edfd564770 JavaThread "Unconstrained build operations Thread 119"        [_thread_blocked, id=13464, stack(0x000000539f600000,0x000000539f700000) (1024K)]
  0x000001edfd565490 JavaThread "Unconstrained build operations Thread 120"        [_thread_blocked, id=20096, stack(0x000000539f700000,0x000000539f800000) (1024K)]
  0x000001edfd565b20 JavaThread "Unconstrained build operations Thread 121"        [_thread_blocked, id=20576, stack(0x000000539f800000,0x000000539f900000) (1024K)]
  0x000001edfd6dc3d0 JavaThread "WorkerExecutor Queue"              [_thread_blocked, id=5688, stack(0x000000539f900000,0x000000539fa00000) (1024K)]
  0x000001edfd6dca60 JavaThread "Unconstrained build operations Thread 122"        [_thread_blocked, id=6692, stack(0x000000539fa00000,0x000000539fb00000) (1024K)]
  0x000001edfd6d95e0 JavaThread "Unconstrained build operations Thread 123"        [_thread_blocked, id=21456, stack(0x000000539fb00000,0x000000539fc00000) (1024K)]
  0x000001edfd6df850 JavaThread "Unconstrained build operations Thread 124"        [_thread_blocked, id=19468, stack(0x000000539fc00000,0x000000539fd00000) (1024K)]
  0x000001edfd6dde10 JavaThread "Unconstrained build operations Thread 125"        [_thread_blocked, id=21196, stack(0x000000539fd00000,0x000000539fe00000) (1024K)]
  0x000001edfd6df1c0 JavaThread "Unconstrained build operations Thread 126"        [_thread_blocked, id=18988, stack(0x000000539fe00000,0x000000539ff00000) (1024K)]
  0x000001edfd6dd0f0 JavaThread "Unconstrained build operations Thread 127"        [_thread_blocked, id=9948, stack(0x000000539ff00000,0x00000053a0000000) (1024K)]
  0x000001edfd6dd780 JavaThread "Unconstrained build operations Thread 128"        [_thread_blocked, id=3188, stack(0x00000053a0000000,0x00000053a0100000) (1024K)]
  0x000001edfd6dfee0 JavaThread "Unconstrained build operations Thread 129"        [_thread_blocked, id=11004, stack(0x00000053a0100000,0x00000053a0200000) (1024K)]
  0x000001edfd6de4a0 JavaThread "Unconstrained build operations Thread 130"        [_thread_blocked, id=10004, stack(0x00000053a0200000,0x00000053a0300000) (1024K)]
  0x000001edfd6e0570 JavaThread "Unconstrained build operations Thread 131"        [_thread_blocked, id=17800, stack(0x00000053a0300000,0x00000053a0400000) (1024K)]
  0x000001edfd6e0c00 JavaThread "Unconstrained build operations Thread 132"        [_thread_blocked, id=18348, stack(0x00000053a0400000,0x00000053a0500000) (1024K)]
  0x000001edfd6d9c70 JavaThread "Unconstrained build operations Thread 133"        [_thread_blocked, id=14252, stack(0x00000053a0500000,0x00000053a0600000) (1024K)]
  0x000001edfd6d67f0 JavaThread "Unconstrained build operations Thread 134"        [_thread_blocked, id=2636, stack(0x00000053a0600000,0x00000053a0700000) (1024K)]
  0x000001edfd6da990 JavaThread "Unconstrained build operations Thread 135"        [_thread_blocked, id=9904, stack(0x00000053a0700000,0x00000053a0800000) (1024K)]
  0x000001edfd6d7ba0 JavaThread "Unconstrained build operations Thread 136"        [_thread_blocked, id=3964, stack(0x00000053a0800000,0x00000053a0900000) (1024K)]
  0x000001edfd6da300 JavaThread "Unconstrained build operations Thread 137"        [_thread_blocked, id=16980, stack(0x00000053a0900000,0x00000053a0a00000) (1024K)]
  0x000001edfd6d6e80 JavaThread "Unconstrained build operations Thread 138"        [_thread_blocked, id=20956, stack(0x00000053a0a00000,0x00000053a0b00000) (1024K)]
  0x000001edfd6d7510 JavaThread "Unconstrained build operations Thread 139"        [_thread_blocked, id=18644, stack(0x00000053a0b00000,0x00000053a0c00000) (1024K)]
  0x000001edfd6db020 JavaThread "Unconstrained build operations Thread 140"        [_thread_blocked, id=14932, stack(0x00000053a0c00000,0x00000053a0d00000) (1024K)]
  0x000001edfd6d88c0 JavaThread "Unconstrained build operations Thread 141"        [_thread_blocked, id=11068, stack(0x00000053a0d00000,0x00000053a0e00000) (1024K)]
  0x000001edfd6deb30 JavaThread "Unconstrained build operations Thread 142"        [_thread_blocked, id=11832, stack(0x00000053a0e00000,0x00000053a0f00000) (1024K)]
  0x000001edfd6e2cd0 JavaThread "Unconstrained build operations Thread 143"        [_thread_blocked, id=9848, stack(0x00000053a0f00000,0x00000053a1000000) (1024K)]
  0x000001edfd6e4710 JavaThread "Unconstrained build operations Thread 144"        [_thread_blocked, id=8980, stack(0x00000053a1000000,0x00000053a1100000) (1024K)]
  0x000001edfd6e1fb0 JavaThread "Unconstrained build operations Thread 145"        [_thread_blocked, id=15064, stack(0x00000053a1100000,0x00000053a1200000) (1024K)]
  0x000001edfd6e3360 JavaThread "Unconstrained build operations Thread 146"        [_thread_blocked, id=8220, stack(0x00000053a1200000,0x00000053a1300000) (1024K)]
  0x000001edfd6e2640 JavaThread "Unconstrained build operations Thread 147"        [_thread_blocked, id=17272, stack(0x00000053a1300000,0x00000053a1400000) (1024K)]
  0x000001edfd6e4080 JavaThread "Unconstrained build operations Thread 148"        [_thread_blocked, id=9452, stack(0x00000053a1400000,0x00000053a1500000) (1024K)]
  0x000001edfd6e39f0 JavaThread "Unconstrained build operations Thread 149"        [_thread_blocked, id=19408, stack(0x00000053a1500000,0x00000053a1600000) (1024K)]
  0x000001edfd6e1920 JavaThread "Unconstrained build operations Thread 150"        [_thread_blocked, id=8368, stack(0x00000053a1600000,0x00000053a1700000) (1024K)]
  0x000001edfd6e1290 JavaThread "Unconstrained build operations Thread 151"        [_thread_blocked, id=5660, stack(0x00000053a1700000,0x00000053a1800000) (1024K)]
  0x000001edfd6e4da0 JavaThread "Unconstrained build operations Thread 152"        [_thread_blocked, id=3976, stack(0x00000053a1800000,0x00000053a1900000) (1024K)]
  0x000001edfd562d30 JavaThread "Unconstrained build operations Thread 153"        [_thread_blocked, id=10572, stack(0x00000053a1900000,0x00000053a1a00000) (1024K)]
  0x000001edfd566ed0 JavaThread "Unconstrained build operations Thread 154"        [_thread_blocked, id=21080, stack(0x00000053a1a00000,0x00000053a1b00000) (1024K)]
  0x000001edfd5661b0 JavaThread "Unconstrained build operations Thread 155"        [_thread_blocked, id=5032, stack(0x00000053a1b00000,0x00000053a1c00000) (1024K)]
  0x000001edfd566840 JavaThread "Unconstrained build operations Thread 156"        [_thread_blocked, id=20072, stack(0x00000053a1c00000,0x00000053a1d00000) (1024K)]
  0x000001edfd5633c0 JavaThread "Unconstrained build operations Thread 157"        [_thread_blocked, id=17036, stack(0x00000053a1d00000,0x00000053a1e00000) (1024K)]
  0x000001edfd567560 JavaThread "Unconstrained build operations Thread 158"        [_thread_blocked, id=9764, stack(0x00000053a1e00000,0x00000053a1f00000) (1024K)]
  0x000001edfd6e5430 JavaThread "Unconstrained build operations Thread 159"        [_thread_blocked, id=14740, stack(0x00000053a1f00000,0x00000053a2000000) (1024K)]
  0x000001edfa223340 JavaThread "Unconstrained build operations Thread 160"        [_thread_blocked, id=14444, stack(0x00000053a2000000,0x00000053a2100000) (1024K)]
  0x000001edf6102d00 JavaThread "C1 CompilerThread2"         daemon [_thread_blocked, id=18572, stack(0x00000053a2100000,0x00000053a2200000) (1024K)]
Total: 215

Other Threads:
=>0x000001edafc25110 VMThread "VM Thread"                           [id=13544, stack(0x0000005394000000,0x0000005394100000) (1024K)]
  0x000001edafc0f860 WatcherThread "VM Periodic Task Thread"        [id=8732, stack(0x0000005393f00000,0x0000005394000000) (1024K)]
  0x000001ed97069100 WorkerThread "GC Thread#0"                     [id=20084, stack(0x0000005393a00000,0x0000005393b00000) (1024K)]
  0x000001edf65223c0 WorkerThread "GC Thread#1"                     [id=15532, stack(0x0000005394d00000,0x0000005394e00000) (1024K)]
  0x000001edf6707660 WorkerThread "GC Thread#2"                     [id=20472, stack(0x0000005394e00000,0x0000005394f00000) (1024K)]
  0x000001edf6707a00 WorkerThread "GC Thread#3"                     [id=6536, stack(0x0000005394f00000,0x0000005395000000) (1024K)]
  0x000001edf6f93ef0 WorkerThread "GC Thread#4"                     [id=18672, stack(0x0000005395100000,0x0000005395200000) (1024K)]
  0x000001edf891b060 WorkerThread "GC Thread#5"                     [id=21072, stack(0x0000005395d00000,0x0000005395e00000) (1024K)]
  0x000001edf891a920 WorkerThread "GC Thread#6"                     [id=10564, stack(0x0000005395e00000,0x0000005395f00000) (1024K)]
  0x000001edf891acc0 WorkerThread "GC Thread#7"                     [id=10816, stack(0x0000005395f00000,0x0000005396000000) (1024K)]
  0x000001edf891b400 WorkerThread "GC Thread#8"                     [id=11212, stack(0x0000005396000000,0x0000005396100000) (1024K)]
  0x000001edf891a1e0 WorkerThread "GC Thread#9"                     [id=11476, stack(0x0000005396100000,0x0000005396200000) (1024K)]
  0x000001edf8919aa0 WorkerThread "GC Thread#10"                    [id=15848, stack(0x0000005396200000,0x0000005396300000) (1024K)]
  0x000001edf8919e40 WorkerThread "GC Thread#11"                    [id=15276, stack(0x0000005396300000,0x0000005396400000) (1024K)]
  0x000001edf891a580 WorkerThread "GC Thread#12"                    [id=20180, stack(0x0000005396400000,0x0000005396500000) (1024K)]
  0x000001ed97079ff0 ConcurrentGCThread "G1 Main Marker"            [id=3164, stack(0x0000005393b00000,0x0000005393c00000) (1024K)]
  0x000001ed9707ba10 WorkerThread "G1 Conc#0"                       [id=15124, stack(0x0000005393c00000,0x0000005393d00000) (1024K)]
  0x000001edf9c164d0 WorkerThread "G1 Conc#1"                       [id=15976, stack(0x0000005396900000,0x0000005396a00000) (1024K)]
  0x000001edf9c18910 WorkerThread "G1 Conc#2"                       [id=18660, stack(0x0000005396a00000,0x0000005396b00000) (1024K)]
  0x000001edafadc4b0 ConcurrentGCThread "G1 Refine#0"               [id=7284, stack(0x0000005393d00000,0x0000005393e00000) (1024K)]
  0x000001edafadce30 ConcurrentGCThread "G1 Service"                [id=6900, stack(0x0000005393e00000,0x0000005393f00000) (1024K)]
Total: 21

Threads with active compile tasks:
C2 CompilerThread0  78347 16742       4       com.android.tools.r8.graph.e8::b (731 bytes)
Total: 1

VM state: at safepoint (normal execution)

VM Mutex/Monitor currently owned by a thread:  ([mutex/lock_event])
[0x00007ff983e19d30] Threads_lock - owner thread: 0x000001edafc25110
[0x00007ff983e19e30] Heap_lock - owner thread: 0x000001edfa7ab4a0

Heap address: 0x0000000080000000, size: 2048 MB, Compressed Oops mode: 32-bit

CDS archive(s) mapped at: [0x000001edb0000000-0x000001edb1c20000-0x000001edb1c20000), size 29491200, SharedBaseAddress: 0x000001edb0000000, ArchiveRelocationMode: 1.
Compressed class space mapped at: 0x000001edb2000000-0x000001edf2000000, reserved size: 1073741824
Narrow klass base: 0x000001edb0000000, Narrow klass shift: 0, Narrow klass range: 0x100000000

GC Precious Log:
 CardTable entry size: 512
 Card Set container configuration: InlinePtr #cards 5 size 8 Array Of Cards #cards 12 size 40 Howl #buckets 4 coarsen threshold 1843 Howl Bitmap #cards 512 size 80 coarsen threshold 460 Card regions per heap region 1 cards per card region 2048
 CPUs: 16 total, 16 available
 Memory: 7598M
 Large Page Support: Disabled
 NUMA Support: Disabled
 Compressed Oops: Enabled (32-bit)
 Heap Region Size: 1M
 Heap Min Capacity: 8M
 Heap Initial Capacity: 120M
 Heap Max Capacity: 2G
 Pre-touch: Disabled
 Parallel Workers: 13
 Concurrent Workers: 3
 Concurrent Refinement Workers: 13
 Periodic GC: Disabled

Heap:
 garbage-first heap   total 542720K, used 339400K [0x0000000080000000, 0x0000000100000000)
  region size 1024K, 22 young (22528K), 22 survivors (22528K)
 Metaspace       used 115188K, committed 117184K, reserved 1179648K
  class space    used 16949K, committed 17920K, reserved 1048576K

Heap Regions: E=young(eden), S=young(survivor), O=old, HS=humongous(starts), HC=humongous(continues), CS=collection set, F=free, TAMS=top-at-mark-start, PB=parsable bottom
|   0|0x0000000080000000, 0x0000000080100000, 0x0000000080100000|100%|HS|  |TAMS 0x0000000080100000| PB 0x0000000080000000| Complete 
|   1|0x0000000080100000, 0x0000000080200000, 0x0000000080200000|100%|HC|  |TAMS 0x0000000080200000| PB 0x0000000080100000| Complete 
|   2|0x0000000080200000, 0x0000000080300000, 0x0000000080300000|100%|HC|  |TAMS 0x0000000080300000| PB 0x0000000080200000| Complete 
|   3|0x0000000080300000, 0x0000000080400000, 0x0000000080400000|100%| O|  |TAMS 0x0000000080400000| PB 0x0000000080300000| Untracked 
|   4|0x0000000080400000, 0x0000000080500000, 0x0000000080500000|100%| O|  |TAMS 0x0000000080500000| PB 0x0000000080400000| Untracked 
|   5|0x0000000080500000, 0x0000000080600000, 0x0000000080600000|100%| O|  |TAMS 0x0000000080600000| PB 0x0000000080500000| Untracked 
|   6|0x0000000080600000, 0x0000000080700000, 0x0000000080700000|100%| O|  |TAMS 0x0000000080700000| PB 0x0000000080600000| Untracked 
|   7|0x0000000080700000, 0x0000000080800000, 0x0000000080800000|100%| O|  |TAMS 0x0000000080800000| PB 0x0000000080700000| Untracked 
|   8|0x0000000080800000, 0x0000000080900000, 0x0000000080900000|100%| O|  |TAMS 0x0000000080900000| PB 0x0000000080800000| Untracked 
|   9|0x0000000080900000, 0x0000000080a00000, 0x0000000080a00000|100%| O|  |TAMS 0x0000000080a00000| PB 0x0000000080900000| Untracked 
|  10|0x0000000080a00000, 0x0000000080b00000, 0x0000000080b00000|100%| O|  |TAMS 0x0000000080b00000| PB 0x0000000080a00000| Updating 
|  11|0x0000000080b00000, 0x0000000080c00000, 0x0000000080c00000|100%|HS|  |TAMS 0x0000000080c00000| PB 0x0000000080b00000| Complete 
|  12|0x0000000080c00000, 0x0000000080d00000, 0x0000000080d00000|100%| O|  |TAMS 0x0000000080d00000| PB 0x0000000080c00000| Untracked 
|  13|0x0000000080d00000, 0x0000000080e00000, 0x0000000080e00000|100%| O|  |TAMS 0x0000000080e00000| PB 0x0000000080d00000| Untracked 
|  14|0x0000000080e00000, 0x0000000080f00000, 0x0000000080f00000|100%| O|  |TAMS 0x0000000080f00000| PB 0x0000000080e00000| Updating 
|  15|0x0000000080f00000, 0x0000000081000000, 0x0000000081000000|100%| O|  |TAMS 0x0000000081000000| PB 0x0000000080f00000| Untracked 
|  16|0x0000000081000000, 0x0000000081100000, 0x0000000081100000|100%| O|  |TAMS 0x0000000081100000| PB 0x0000000081000000| Untracked 
|  17|0x0000000081100000, 0x0000000081200000, 0x0000000081200000|100%| O|  |TAMS 0x0000000081200000| PB 0x0000000081100000| Untracked 
|  18|0x0000000081200000, 0x0000000081300000, 0x0000000081300000|100%| O|  |TAMS 0x0000000081300000| PB 0x0000000081200000| Untracked 
|  19|0x0000000081300000, 0x0000000081400000, 0x0000000081400000|100%| O|  |TAMS 0x0000000081400000| PB 0x0000000081300000| Untracked 
|  20|0x0000000081400000, 0x0000000081500000, 0x0000000081500000|100%| O|  |TAMS 0x0000000081500000| PB 0x0000000081400000| Untracked 
|  21|0x0000000081500000, 0x0000000081600000, 0x0000000081600000|100%| O|  |TAMS 0x0000000081600000| PB 0x0000000081500000| Updating 
|  22|0x0000000081600000, 0x0000000081700000, 0x0000000081700000|100%| O|  |TAMS 0x0000000081700000| PB 0x0000000081600000| Untracked 
|  23|0x0000000081700000, 0x0000000081800000, 0x0000000081800000|100%| O|  |TAMS 0x0000000081800000| PB 0x0000000081700000| Untracked 
|  24|0x0000000081800000, 0x0000000081900000, 0x0000000081900000|100%| O|  |TAMS 0x0000000081900000| PB 0x0000000081800000| Untracked 
|  25|0x0000000081900000, 0x0000000081a00000, 0x0000000081a00000|100%| O|  |TAMS 0x0000000081a00000| PB 0x0000000081900000| Untracked 
|  26|0x0000000081a00000, 0x0000000081b00000, 0x0000000081b00000|100%| O|  |TAMS 0x0000000081b00000| PB 0x0000000081a00000| Untracked 
|  27|0x0000000081b00000, 0x0000000081c00000, 0x0000000081c00000|100%| O|  |TAMS 0x0000000081c00000| PB 0x0000000081b00000| Untracked 
|  28|0x0000000081c00000, 0x0000000081d00000, 0x0000000081d00000|100%| O|  |TAMS 0x0000000081d00000| PB 0x0000000081c00000| Untracked 
|  29|0x0000000081d00000, 0x0000000081e00000, 0x0000000081e00000|100%| O|  |TAMS 0x0000000081e00000| PB 0x0000000081d00000| Untracked 
|  30|0x0000000081e00000, 0x0000000081f00000, 0x0000000081f00000|100%| O|  |TAMS 0x0000000081f00000| PB 0x0000000081e00000| Untracked 
|  31|0x0000000081f00000, 0x0000000082000000, 0x0000000082000000|100%| O|  |TAMS 0x0000000082000000| PB 0x0000000081f00000| Updating 
|  32|0x0000000082000000, 0x0000000082100000, 0x0000000082100000|100%| O|  |TAMS 0x0000000082100000| PB 0x0000000082000000| Untracked 
|  33|0x0000000082100000, 0x0000000082200000, 0x0000000082200000|100%| O|  |TAMS 0x0000000082200000| PB 0x0000000082100000| Untracked 
|  34|0x0000000082200000, 0x0000000082300000, 0x0000000082300000|100%| O|  |TAMS 0x0000000082300000| PB 0x0000000082200000| Untracked 
|  35|0x0000000082300000, 0x0000000082400000, 0x0000000082400000|100%| O|  |TAMS 0x0000000082400000| PB 0x0000000082300000| Untracked 
|  36|0x0000000082400000, 0x0000000082500000, 0x0000000082500000|100%|HS|  |TAMS 0x0000000082500000| PB 0x0000000082400000| Complete 
|  37|0x0000000082500000, 0x0000000082600000, 0x0000000082600000|100%|HS|  |TAMS 0x0000000082600000| PB 0x0000000082500000| Complete 
|  38|0x0000000082600000, 0x0000000082700000, 0x0000000082700000|100%|HS|  |TAMS 0x0000000082700000| PB 0x0000000082600000| Complete 
|  39|0x0000000082700000, 0x0000000082800000, 0x0000000082800000|100%|HS|  |TAMS 0x0000000082800000| PB 0x0000000082700000| Complete 
|  40|0x0000000082800000, 0x0000000082900000, 0x0000000082900000|100%| O|  |TAMS 0x0000000082900000| PB 0x0000000082800000| Updating 
|  41|0x0000000082900000, 0x0000000082a00000, 0x0000000082a00000|100%|HS|  |TAMS 0x0000000082a00000| PB 0x0000000082900000| Complete 
|  42|0x0000000082a00000, 0x0000000082b00000, 0x0000000082b00000|100%| O|  |TAMS 0x0000000082b00000| PB 0x0000000082a00000| Untracked 
|  43|0x0000000082b00000, 0x0000000082c00000, 0x0000000082c00000|100%| O|  |TAMS 0x0000000082c00000| PB 0x0000000082b00000| Untracked 
|  44|0x0000000082c00000, 0x0000000082d00000, 0x0000000082d00000|100%| O|  |TAMS 0x0000000082d00000| PB 0x0000000082c00000| Untracked 
|  45|0x0000000082d00000, 0x0000000082e00000, 0x0000000082e00000|100%|HS|  |TAMS 0x0000000082e00000| PB 0x0000000082d00000| Complete 
|  46|0x0000000082e00000, 0x0000000082f00000, 0x0000000082f00000|100%| O|  |TAMS 0x0000000082f00000| PB 0x0000000082e00000| Untracked 
|  47|0x0000000082f00000, 0x0000000083000000, 0x0000000083000000|100%| O|  |TAMS 0x0000000083000000| PB 0x0000000082f00000| Untracked 
|  48|0x0000000083000000, 0x0000000083100000, 0x0000000083100000|100%| O|  |TAMS 0x0000000083100000| PB 0x0000000083000000| Untracked 
|  49|0x0000000083100000, 0x0000000083200000, 0x0000000083200000|100%| O|  |TAMS 0x0000000083200000| PB 0x0000000083100000| Untracked 
|  50|0x0000000083200000, 0x0000000083300000, 0x0000000083300000|100%| O|  |TAMS 0x0000000083300000| PB 0x0000000083200000| Untracked 
|  51|0x0000000083300000, 0x0000000083400000, 0x0000000083400000|100%| O|  |TAMS 0x0000000083400000| PB 0x0000000083300000| Updating 
|  52|0x0000000083400000, 0x0000000083500000, 0x0000000083500000|100%| O|  |TAMS 0x0000000083500000| PB 0x0000000083400000| Untracked 
|  53|0x0000000083500000, 0x0000000083600000, 0x0000000083600000|100%| O|  |TAMS 0x0000000083600000| PB 0x0000000083500000| Untracked 
|  54|0x0000000083600000, 0x0000000083700000, 0x0000000083700000|100%| O|  |TAMS 0x0000000083700000| PB 0x0000000083600000| Untracked 
|  55|0x0000000083700000, 0x0000000083800000, 0x0000000083800000|100%|HS|  |TAMS 0x0000000083800000| PB 0x0000000083700000| Complete 
|  56|0x0000000083800000, 0x0000000083900000, 0x0000000083900000|100%| O|  |TAMS 0x0000000083900000| PB 0x0000000083800000| Updating 
|  57|0x0000000083900000, 0x0000000083a00000, 0x0000000083a00000|100%| O|  |TAMS 0x0000000083a00000| PB 0x0000000083900000| Untracked 
|  58|0x0000000083a00000, 0x0000000083b00000, 0x0000000083b00000|100%| O|  |TAMS 0x0000000083b00000| PB 0x0000000083a00000| Updating 
|  59|0x0000000083b00000, 0x0000000083c00000, 0x0000000083c00000|100%| O|  |TAMS 0x0000000083c00000| PB 0x0000000083b00000| Updating 
|  60|0x0000000083c00000, 0x0000000083d00000, 0x0000000083d00000|100%| O|  |TAMS 0x0000000083d00000| PB 0x0000000083c00000| Updating 
|  61|0x0000000083d00000, 0x0000000083e00000, 0x0000000083e00000|100%| O|  |TAMS 0x0000000083e00000| PB 0x0000000083d00000| Untracked 
|  62|0x0000000083e00000, 0x0000000083f00000, 0x0000000083f00000|100%| O|  |TAMS 0x0000000083f00000| PB 0x0000000083e00000| Updating 
|  63|0x0000000083f00000, 0x0000000084000000, 0x0000000084000000|100%| O|  |TAMS 0x0000000084000000| PB 0x0000000083f00000| Updating 
|  64|0x0000000084000000, 0x0000000084100000, 0x0000000084100000|100%| O|  |TAMS 0x0000000084100000| PB 0x0000000084000000| Untracked 
|  65|0x0000000084100000, 0x0000000084200000, 0x0000000084200000|100%| O|  |TAMS 0x0000000084200000| PB 0x0000000084100000| Untracked 
|  66|0x0000000084200000, 0x0000000084300000, 0x0000000084300000|100%| O|  |TAMS 0x0000000084300000| PB 0x0000000084200000| Updating 
|  67|0x0000000084300000, 0x0000000084400000, 0x0000000084400000|100%| O|  |TAMS 0x0000000084400000| PB 0x0000000084300000| Untracked 
|  68|0x0000000084400000, 0x0000000084500000, 0x0000000084500000|100%| O|  |TAMS 0x0000000084500000| PB 0x0000000084400000| Untracked 
|  69|0x0000000084500000, 0x0000000084600000, 0x0000000084600000|100%| O|  |TAMS 0x0000000084600000| PB 0x0000000084500000| Untracked 
|  70|0x0000000084600000, 0x0000000084700000, 0x0000000084700000|100%| O|  |TAMS 0x0000000084700000| PB 0x0000000084600000| Updating 
|  71|0x0000000084700000, 0x0000000084800000, 0x0000000084800000|100%| O|  |TAMS 0x0000000084800000| PB 0x0000000084700000| Updating 
|  72|0x0000000084800000, 0x0000000084900000, 0x0000000084900000|100%| O|  |TAMS 0x0000000084900000| PB 0x0000000084800000| Updating 
|  73|0x0000000084900000, 0x0000000084a00000, 0x0000000084a00000|100%| O|  |TAMS 0x0000000084a00000| PB 0x0000000084900000| Updating 
|  74|0x0000000084a00000, 0x0000000084b00000, 0x0000000084b00000|100%| O|  |TAMS 0x0000000084b00000| PB 0x0000000084a00000| Untracked 
|  75|0x0000000084b00000, 0x0000000084c00000, 0x0000000084c00000|100%| O|  |TAMS 0x0000000084c00000| PB 0x0000000084b00000| Untracked 
|  76|0x0000000084c00000, 0x0000000084d00000, 0x0000000084d00000|100%| O|  |TAMS 0x0000000084d00000| PB 0x0000000084c00000| Untracked 
|  77|0x0000000084d00000, 0x0000000084e00000, 0x0000000084e00000|100%| O|  |TAMS 0x0000000084e00000| PB 0x0000000084d00000| Untracked 
|  78|0x0000000084e00000, 0x0000000084f00000, 0x0000000084f00000|100%| O|  |TAMS 0x0000000084f00000| PB 0x0000000084e00000| Updating 
|  79|0x0000000084f00000, 0x0000000085000000, 0x0000000085000000|100%| O|  |TAMS 0x0000000085000000| PB 0x0000000084f00000| Untracked 
|  80|0x0000000085000000, 0x0000000085100000, 0x0000000085100000|100%| O|  |TAMS 0x0000000085100000| PB 0x0000000085000000| Untracked 
|  81|0x0000000085100000, 0x0000000085200000, 0x0000000085200000|100%| O|  |TAMS 0x0000000085200000| PB 0x0000000085100000| Untracked 
|  82|0x0000000085200000, 0x0000000085300000, 0x0000000085300000|100%| O|  |TAMS 0x0000000085300000| PB 0x0000000085200000| Untracked 
|  83|0x0000000085300000, 0x0000000085400000, 0x0000000085400000|100%| O|  |TAMS 0x0000000085400000| PB 0x0000000085300000| Untracked 
|  84|0x0000000085400000, 0x0000000085500000, 0x0000000085500000|100%| O|  |TAMS 0x0000000085500000| PB 0x0000000085400000| Untracked 
|  85|0x0000000085500000, 0x0000000085600000, 0x0000000085600000|100%|HS|  |TAMS 0x0000000085600000| PB 0x0000000085500000| Complete 
|  86|0x0000000085600000, 0x0000000085700000, 0x0000000085700000|100%|HC|  |TAMS 0x0000000085700000| PB 0x0000000085600000| Complete 
|  87|0x0000000085700000, 0x0000000085800000, 0x0000000085800000|100%| O|  |TAMS 0x0000000085800000| PB 0x0000000085700000| Untracked 
|  88|0x0000000085800000, 0x0000000085900000, 0x0000000085900000|100%| O|  |TAMS 0x0000000085900000| PB 0x0000000085800000| Untracked 
|  89|0x0000000085900000, 0x0000000085a00000, 0x0000000085a00000|100%| O|  |TAMS 0x0000000085a00000| PB 0x0000000085900000| Untracked 
|  90|0x0000000085a00000, 0x0000000085b00000, 0x0000000085b00000|100%| O|  |TAMS 0x0000000085b00000| PB 0x0000000085a00000| Untracked 
|  91|0x0000000085b00000, 0x0000000085c00000, 0x0000000085c00000|100%| O|  |TAMS 0x0000000085c00000| PB 0x0000000085b00000| Untracked 
|  92|0x0000000085c00000, 0x0000000085d00000, 0x0000000085d00000|100%| O|  |TAMS 0x0000000085d00000| PB 0x0000000085c00000| Untracked 
|  93|0x0000000085d00000, 0x0000000085e00000, 0x0000000085e00000|100%| O|  |TAMS 0x0000000085e00000| PB 0x0000000085d00000| Updating 
|  94|0x0000000085e00000, 0x0000000085f00000, 0x0000000085f00000|100%| O|  |TAMS 0x0000000085f00000| PB 0x0000000085e00000| Untracked 
|  95|0x0000000085f00000, 0x0000000086000000, 0x0000000086000000|100%| O|  |TAMS 0x0000000086000000| PB 0x0000000085f00000| Untracked 
|  96|0x0000000086000000, 0x0000000086100000, 0x0000000086100000|100%| O|  |TAMS 0x0000000086100000| PB 0x0000000086000000| Untracked 
|  97|0x0000000086100000, 0x0000000086200000, 0x0000000086200000|100%| O|  |TAMS 0x0000000086200000| PB 0x0000000086100000| Untracked 
|  98|0x0000000086200000, 0x0000000086300000, 0x0000000086300000|100%| O|  |TAMS 0x0000000086300000| PB 0x0000000086200000| Updating 
|  99|0x0000000086300000, 0x0000000086400000, 0x0000000086400000|100%|HS|  |TAMS 0x0000000086400000| PB 0x0000000086300000| Complete 
| 100|0x0000000086400000, 0x0000000086500000, 0x0000000086500000|100%| O|  |TAMS 0x0000000086500000| PB 0x0000000086400000| Untracked 
| 101|0x0000000086500000, 0x0000000086600000, 0x0000000086600000|100%| O|  |TAMS 0x0000000086600000| PB 0x0000000086500000| Untracked 
| 102|0x0000000086600000, 0x0000000086700000, 0x0000000086700000|100%| O|  |TAMS 0x0000000086700000| PB 0x0000000086600000| Untracked 
| 103|0x0000000086700000, 0x0000000086800000, 0x0000000086800000|100%| O|  |TAMS 0x0000000086800000| PB 0x0000000086700000| Untracked 
| 104|0x0000000086800000, 0x0000000086900000, 0x0000000086900000|100%| O|  |TAMS 0x0000000086900000| PB 0x0000000086800000| Untracked 
| 105|0x0000000086900000, 0x0000000086a00000, 0x0000000086a00000|100%| O|  |TAMS 0x0000000086a00000| PB 0x0000000086900000| Updating 
| 106|0x0000000086a00000, 0x0000000086b00000, 0x0000000086b00000|100%| O|  |TAMS 0x0000000086b00000| PB 0x0000000086a00000| Untracked 
| 107|0x0000000086b00000, 0x0000000086c00000, 0x0000000086c00000|100%| O|  |TAMS 0x0000000086c00000| PB 0x0000000086b00000| Untracked 
| 108|0x0000000086c00000, 0x0000000086d00000, 0x0000000086d00000|100%| O|  |TAMS 0x0000000086d00000| PB 0x0000000086c00000| Untracked 
| 109|0x0000000086d00000, 0x0000000086e00000, 0x0000000086e00000|100%| O|  |TAMS 0x0000000086e00000| PB 0x0000000086d00000| Untracked 
| 110|0x0000000086e00000, 0x0000000086f00000, 0x0000000086f00000|100%| O|  |TAMS 0x0000000086f00000| PB 0x0000000086e00000| Untracked 
| 111|0x0000000086f00000, 0x0000000087000000, 0x0000000087000000|100%| O|  |TAMS 0x0000000087000000| PB 0x0000000086f00000| Untracked 
| 112|0x0000000087000000, 0x0000000087100000, 0x0000000087100000|100%| O|  |TAMS 0x0000000087100000| PB 0x0000000087000000| Untracked 
| 113|0x0000000087100000, 0x0000000087200000, 0x0000000087200000|100%| O|  |TAMS 0x0000000087200000| PB 0x0000000087100000| Untracked 
| 114|0x0000000087200000, 0x0000000087300000, 0x0000000087300000|100%| O|  |TAMS 0x0000000087300000| PB 0x0000000087200000| Updating 
| 115|0x0000000087300000, 0x0000000087400000, 0x0000000087400000|100%| O|  |TAMS 0x0000000087400000| PB 0x0000000087300000| Untracked 
| 116|0x0000000087400000, 0x0000000087500000, 0x0000000087500000|100%| O|  |TAMS 0x0000000087500000| PB 0x0000000087400000| Untracked 
| 117|0x0000000087500000, 0x0000000087600000, 0x0000000087600000|100%| O|  |TAMS 0x0000000087600000| PB 0x0000000087500000| Updating 
| 118|0x0000000087600000, 0x0000000087700000, 0x0000000087700000|100%| O|  |TAMS 0x0000000087700000| PB 0x0000000087600000| Untracked 
| 119|0x0000000087700000, 0x0000000087800000, 0x0000000087800000|100%| O|  |TAMS 0x0000000087800000| PB 0x0000000087700000| Untracked 
| 120|0x0000000087800000, 0x0000000087900000, 0x0000000087900000|100%| O|  |TAMS 0x0000000087900000| PB 0x0000000087800000| Untracked 
| 121|0x0000000087900000, 0x0000000087a00000, 0x0000000087a00000|100%| O|  |TAMS 0x0000000087a00000| PB 0x0000000087900000| Updating 
| 122|0x0000000087a00000, 0x0000000087b00000, 0x0000000087b00000|100%| O|  |TAMS 0x0000000087b00000| PB 0x0000000087a00000| Untracked 
| 123|0x0000000087b00000, 0x0000000087c00000, 0x0000000087c00000|100%| O|  |TAMS 0x0000000087c00000| PB 0x0000000087b00000| Updating 
| 124|0x0000000087c00000, 0x0000000087d00000, 0x0000000087d00000|100%| O|  |TAMS 0x0000000087d00000| PB 0x0000000087c00000| Updating 
| 125|0x0000000087d00000, 0x0000000087e00000, 0x0000000087e00000|100%| O|  |TAMS 0x0000000087e00000| PB 0x0000000087d00000| Updating 
| 126|0x0000000087e00000, 0x0000000087f00000, 0x0000000087f00000|100%| O|  |TAMS 0x0000000087f00000| PB 0x0000000087e00000| Updating 
| 127|0x0000000087f00000, 0x0000000088000000, 0x0000000088000000|100%| O|  |TAMS 0x0000000088000000| PB 0x0000000087f00000| Untracked 
| 128|0x0000000088000000, 0x0000000088100000, 0x0000000088100000|100%| O|  |TAMS 0x0000000088100000| PB 0x0000000088000000| Updating 
| 129|0x0000000088100000, 0x0000000088200000, 0x0000000088200000|100%| O|  |TAMS 0x0000000088200000| PB 0x0000000088100000| Updating 
| 130|0x0000000088200000, 0x0000000088300000, 0x0000000088300000|100%| O|  |TAMS 0x0000000088300000| PB 0x0000000088200000| Updating 
| 131|0x0000000088300000, 0x0000000088400000, 0x0000000088400000|100%| O|  |TAMS 0x0000000088400000| PB 0x0000000088300000| Untracked 
| 132|0x0000000088400000, 0x0000000088500000, 0x0000000088500000|100%| O|  |TAMS 0x0000000088500000| PB 0x0000000088400000| Untracked 
| 133|0x0000000088500000, 0x0000000088600000, 0x0000000088600000|100%| O|  |TAMS 0x0000000088600000| PB 0x0000000088500000| Updating 
| 134|0x0000000088600000, 0x0000000088700000, 0x0000000088700000|100%| O|  |TAMS 0x0000000088700000| PB 0x0000000088600000| Updating 
| 135|0x0000000088700000, 0x0000000088800000, 0x0000000088800000|100%| O|  |TAMS 0x0000000088800000| PB 0x0000000088700000| Untracked 
| 136|0x0000000088800000, 0x0000000088900000, 0x0000000088900000|100%| O|  |TAMS 0x0000000088900000| PB 0x0000000088800000| Updating 
| 137|0x0000000088900000, 0x0000000088a00000, 0x0000000088a00000|100%| O|  |TAMS 0x0000000088a00000| PB 0x0000000088900000| Untracked 
| 138|0x0000000088a00000, 0x0000000088b00000, 0x0000000088b00000|100%| O|  |TAMS 0x0000000088b00000| PB 0x0000000088a00000| Untracked 
| 139|0x0000000088b00000, 0x0000000088c00000, 0x0000000088c00000|100%| O|  |TAMS 0x0000000088c00000| PB 0x0000000088b00000| Untracked 
| 140|0x0000000088c00000, 0x0000000088d00000, 0x0000000088d00000|100%| O|  |TAMS 0x0000000088d00000| PB 0x0000000088c00000| Updating 
| 141|0x0000000088d00000, 0x0000000088e00000, 0x0000000088e00000|100%| O|  |TAMS 0x0000000088e00000| PB 0x0000000088d00000| Untracked 
| 142|0x0000000088e00000, 0x0000000088f00000, 0x0000000088f00000|100%| O|  |TAMS 0x0000000088f00000| PB 0x0000000088e00000| Untracked 
| 143|0x0000000088f00000, 0x0000000089000000, 0x0000000089000000|100%| O|  |TAMS 0x0000000089000000| PB 0x0000000088f00000| Updating 
| 144|0x0000000089000000, 0x0000000089100000, 0x0000000089100000|100%| O|  |TAMS 0x0000000089100000| PB 0x0000000089000000| Untracked 
| 145|0x0000000089100000, 0x0000000089200000, 0x0000000089200000|100%| O|  |TAMS 0x0000000089200000| PB 0x0000000089100000| Updating 
| 146|0x0000000089200000, 0x0000000089300000, 0x0000000089300000|100%| O|  |TAMS 0x0000000089300000| PB 0x0000000089200000| Untracked 
| 147|0x0000000089300000, 0x0000000089400000, 0x0000000089400000|100%| O|  |TAMS 0x0000000089400000| PB 0x0000000089300000| Untracked 
| 148|0x0000000089400000, 0x0000000089500000, 0x0000000089500000|100%| O|  |TAMS 0x0000000089500000| PB 0x0000000089400000| Untracked 
| 149|0x0000000089500000, 0x0000000089600000, 0x0000000089600000|100%| O|  |TAMS 0x0000000089600000| PB 0x0000000089500000| Untracked 
| 150|0x0000000089600000, 0x0000000089700000, 0x0000000089700000|100%| O|  |TAMS 0x0000000089700000| PB 0x0000000089600000| Untracked 
| 151|0x0000000089700000, 0x0000000089800000, 0x0000000089800000|100%| O|  |TAMS 0x0000000089800000| PB 0x0000000089700000| Untracked 
| 152|0x0000000089800000, 0x0000000089900000, 0x0000000089900000|100%| O|  |TAMS 0x0000000089900000| PB 0x0000000089800000| Updating 
| 153|0x0000000089900000, 0x0000000089a00000, 0x0000000089a00000|100%| O|  |TAMS 0x0000000089a00000| PB 0x0000000089900000| Untracked 
| 154|0x0000000089a00000, 0x0000000089b00000, 0x0000000089b00000|100%| O|  |TAMS 0x0000000089b00000| PB 0x0000000089a00000| Untracked 
| 155|0x0000000089b00000, 0x0000000089c00000, 0x0000000089c00000|100%| O|  |TAMS 0x0000000089c00000| PB 0x0000000089b00000| Untracked 
| 156|0x0000000089c00000, 0x0000000089d00000, 0x0000000089d00000|100%| O|  |TAMS 0x0000000089d00000| PB 0x0000000089c00000| Updating 
| 157|0x0000000089d00000, 0x0000000089e00000, 0x0000000089e00000|100%| O|  |TAMS 0x0000000089e00000| PB 0x0000000089d00000| Updating 
| 158|0x0000000089e00000, 0x0000000089f00000, 0x0000000089f00000|100%| O|  |TAMS 0x0000000089f00000| PB 0x0000000089e00000| Untracked 
| 159|0x0000000089f00000, 0x000000008a000000, 0x000000008a000000|100%| O|  |TAMS 0x000000008a000000| PB 0x0000000089f00000| Untracked 
| 160|0x000000008a000000, 0x000000008a100000, 0x000000008a100000|100%| O|  |TAMS 0x000000008a100000| PB 0x000000008a000000| Untracked 
| 161|0x000000008a100000, 0x000000008a200000, 0x000000008a200000|100%| O|  |TAMS 0x000000008a200000| PB 0x000000008a100000| Untracked 
| 162|0x000000008a200000, 0x000000008a300000, 0x000000008a300000|100%| O|  |TAMS 0x000000008a300000| PB 0x000000008a200000| Untracked 
| 163|0x000000008a300000, 0x000000008a400000, 0x000000008a400000|100%| O|  |TAMS 0x000000008a400000| PB 0x000000008a300000| Untracked 
| 164|0x000000008a400000, 0x000000008a500000, 0x000000008a500000|100%| O|  |TAMS 0x000000008a500000| PB 0x000000008a400000| Untracked 
| 165|0x000000008a500000, 0x000000008a600000, 0x000000008a600000|100%| O|  |TAMS 0x000000008a600000| PB 0x000000008a500000| Untracked 
| 166|0x000000008a600000, 0x000000008a700000, 0x000000008a700000|100%| O|  |TAMS 0x000000008a700000| PB 0x000000008a600000| Updating 
| 167|0x000000008a700000, 0x000000008a800000, 0x000000008a800000|100%| O|  |TAMS 0x000000008a800000| PB 0x000000008a700000| Updating 
| 168|0x000000008a800000, 0x000000008a900000, 0x000000008a900000|100%| O|  |TAMS 0x000000008a900000| PB 0x000000008a800000| Updating 
| 169|0x000000008a900000, 0x000000008aa00000, 0x000000008aa00000|100%| O|  |TAMS 0x000000008aa00000| PB 0x000000008a900000| Untracked 
| 170|0x000000008aa00000, 0x000000008ab00000, 0x000000008ab00000|100%| O|  |TAMS 0x000000008ab00000| PB 0x000000008aa00000| Untracked 
| 171|0x000000008ab00000, 0x000000008ac00000, 0x000000008ac00000|100%| O|  |TAMS 0x000000008ac00000| PB 0x000000008ab00000| Untracked 
| 172|0x000000008ac00000, 0x000000008ad00000, 0x000000008ad00000|100%| O|  |TAMS 0x000000008ad00000| PB 0x000000008ac00000| Untracked 
| 173|0x000000008ad00000, 0x000000008ae00000, 0x000000008ae00000|100%| O|  |TAMS 0x000000008ae00000| PB 0x000000008ad00000| Untracked 
| 174|0x000000008ae00000, 0x000000008af00000, 0x000000008af00000|100%| O|  |TAMS 0x000000008af00000| PB 0x000000008ae00000| Untracked 
| 175|0x000000008af00000, 0x000000008b000000, 0x000000008b000000|100%| O|  |TAMS 0x000000008b000000| PB 0x000000008af00000| Untracked 
| 176|0x000000008b000000, 0x000000008b100000, 0x000000008b100000|100%| O|  |TAMS 0x000000008b100000| PB 0x000000008b000000| Untracked 
| 177|0x000000008b100000, 0x000000008b200000, 0x000000008b200000|100%| O|  |TAMS 0x000000008b200000| PB 0x000000008b100000| Updating 
| 178|0x000000008b200000, 0x000000008b300000, 0x000000008b300000|100%| O|  |TAMS 0x000000008b300000| PB 0x000000008b200000| Untracked 
| 179|0x000000008b300000, 0x000000008b400000, 0x000000008b400000|100%| O|  |TAMS 0x000000008b400000| PB 0x000000008b300000| Untracked 
| 180|0x000000008b400000, 0x000000008b500000, 0x000000008b500000|100%| O|  |TAMS 0x000000008b500000| PB 0x000000008b400000| Updating 
| 181|0x000000008b500000, 0x000000008b600000, 0x000000008b600000|100%| O|  |TAMS 0x000000008b600000| PB 0x000000008b500000| Updating 
| 182|0x000000008b600000, 0x000000008b700000, 0x000000008b700000|100%| O|  |TAMS 0x000000008b700000| PB 0x000000008b600000| Updating 
| 183|0x000000008b700000, 0x000000008b800000, 0x000000008b800000|100%| O|  |TAMS 0x000000008b800000| PB 0x000000008b700000| Untracked 
| 184|0x000000008b800000, 0x000000008b900000, 0x000000008b900000|100%| O|  |TAMS 0x000000008b900000| PB 0x000000008b800000| Untracked 
| 185|0x000000008b900000, 0x000000008ba00000, 0x000000008ba00000|100%| O|  |TAMS 0x000000008ba00000| PB 0x000000008b900000| Untracked 
| 186|0x000000008ba00000, 0x000000008bb00000, 0x000000008bb00000|100%| O|  |TAMS 0x000000008bb00000| PB 0x000000008ba00000| Untracked 
| 187|0x000000008bb00000, 0x000000008bc00000, 0x000000008bc00000|100%| O|  |TAMS 0x000000008bc00000| PB 0x000000008bb00000| Untracked 
| 188|0x000000008bc00000, 0x000000008bd00000, 0x000000008bd00000|100%| O|  |TAMS 0x000000008bd00000| PB 0x000000008bc00000| Untracked 
| 189|0x000000008bd00000, 0x000000008be00000, 0x000000008be00000|100%| O|  |TAMS 0x000000008be00000| PB 0x000000008bd00000| Untracked 
| 190|0x000000008be00000, 0x000000008bf00000, 0x000000008bf00000|100%| O|  |TAMS 0x000000008bf00000| PB 0x000000008be00000| Untracked 
| 191|0x000000008bf00000, 0x000000008c000000, 0x000000008c000000|100%| O|  |TAMS 0x000000008c000000| PB 0x000000008bf00000| Untracked 
| 192|0x000000008c000000, 0x000000008c100000, 0x000000008c100000|100%| O|  |TAMS 0x000000008c100000| PB 0x000000008c000000| Untracked 
| 193|0x000000008c100000, 0x000000008c200000, 0x000000008c200000|100%| O|  |TAMS 0x000000008c200000| PB 0x000000008c100000| Untracked 
| 194|0x000000008c200000, 0x000000008c300000, 0x000000008c300000|100%| O|  |TAMS 0x000000008c300000| PB 0x000000008c200000| Untracked 
| 195|0x000000008c300000, 0x000000008c400000, 0x000000008c400000|100%| O|  |TAMS 0x000000008c400000| PB 0x000000008c300000| Untracked 
| 196|0x000000008c400000, 0x000000008c500000, 0x000000008c500000|100%| O|  |TAMS 0x000000008c500000| PB 0x000000008c400000| Updating 
| 197|0x000000008c500000, 0x000000008c600000, 0x000000008c600000|100%| O|  |TAMS 0x000000008c600000| PB 0x000000008c500000| Updating 
| 198|0x000000008c600000, 0x000000008c700000, 0x000000008c700000|100%| O|  |TAMS 0x000000008c700000| PB 0x000000008c600000| Updating 
| 199|0x000000008c700000, 0x000000008c800000, 0x000000008c800000|100%| O|  |TAMS 0x000000008c800000| PB 0x000000008c700000| Updating 
| 200|0x000000008c800000, 0x000000008c900000, 0x000000008c900000|100%| O|  |TAMS 0x000000008c900000| PB 0x000000008c800000| Untracked 
| 201|0x000000008c900000, 0x000000008ca00000, 0x000000008ca00000|100%| O|  |TAMS 0x000000008ca00000| PB 0x000000008c900000| Untracked 
| 202|0x000000008ca00000, 0x000000008cb00000, 0x000000008cb00000|100%| O|  |TAMS 0x000000008cb00000| PB 0x000000008ca00000| Untracked 
| 203|0x000000008cb00000, 0x000000008cc00000, 0x000000008cc00000|100%| O|  |TAMS 0x000000008cc00000| PB 0x000000008cb00000| Untracked 
| 204|0x000000008cc00000, 0x000000008cd00000, 0x000000008cd00000|100%| O|  |TAMS 0x000000008cd00000| PB 0x000000008cc00000| Untracked 
| 205|0x000000008cd00000, 0x000000008ce00000, 0x000000008ce00000|100%| O|  |TAMS 0x000000008ce00000| PB 0x000000008cd00000| Untracked 
| 206|0x000000008ce00000, 0x000000008cf00000, 0x000000008cf00000|100%| O|  |TAMS 0x000000008cf00000| PB 0x000000008ce00000| Untracked 
| 207|0x000000008cf00000, 0x000000008d000000, 0x000000008d000000|100%| O|  |TAMS 0x000000008d000000| PB 0x000000008cf00000| Untracked 
| 208|0x000000008d000000, 0x000000008d100000, 0x000000008d100000|100%| O|  |TAMS 0x000000008d100000| PB 0x000000008d000000| Untracked 
| 209|0x000000008d100000, 0x000000008d200000, 0x000000008d200000|100%| O|  |TAMS 0x000000008d200000| PB 0x000000008d100000| Untracked 
| 210|0x000000008d200000, 0x000000008d300000, 0x000000008d300000|100%| O|  |TAMS 0x000000008d300000| PB 0x000000008d200000| Untracked 
| 211|0x000000008d300000, 0x000000008d400000, 0x000000008d400000|100%| O|  |TAMS 0x000000008d400000| PB 0x000000008d300000| Untracked 
| 212|0x000000008d400000, 0x000000008d500000, 0x000000008d500000|100%| O|  |TAMS 0x000000008d500000| PB 0x000000008d400000| Untracked 
| 213|0x000000008d500000, 0x000000008d600000, 0x000000008d600000|100%| O|  |TAMS 0x000000008d600000| PB 0x000000008d500000| Untracked 
| 214|0x000000008d600000, 0x000000008d700000, 0x000000008d700000|100%| O|  |TAMS 0x000000008d700000| PB 0x000000008d600000| Untracked 
| 215|0x000000008d700000, 0x000000008d800000, 0x000000008d800000|100%| O|  |TAMS 0x000000008d800000| PB 0x000000008d700000| Untracked 
| 216|0x000000008d800000, 0x000000008d900000, 0x000000008d900000|100%| O|  |TAMS 0x000000008d900000| PB 0x000000008d800000| Untracked 
| 217|0x000000008d900000, 0x000000008da00000, 0x000000008da00000|100%| O|  |TAMS 0x000000008da00000| PB 0x000000008d900000| Untracked 
| 218|0x000000008da00000, 0x000000008db00000, 0x000000008db00000|100%| O|  |TAMS 0x000000008db00000| PB 0x000000008da00000| Untracked 
| 219|0x000000008db00000, 0x000000008dc00000, 0x000000008dc00000|100%| O|  |TAMS 0x000000008dc00000| PB 0x000000008db00000| Untracked 
| 220|0x000000008dc00000, 0x000000008dd00000, 0x000000008dd00000|100%| O|  |TAMS 0x000000008dd00000| PB 0x000000008dc00000| Untracked 
| 221|0x000000008dd00000, 0x000000008de00000, 0x000000008de00000|100%| O|  |TAMS 0x000000008de00000| PB 0x000000008dd00000| Untracked 
| 222|0x000000008de00000, 0x000000008df00000, 0x000000008df00000|100%| O|  |TAMS 0x000000008df00000| PB 0x000000008de00000| Untracked 
| 223|0x000000008df00000, 0x000000008e000000, 0x000000008e000000|100%| O|  |TAMS 0x000000008e000000| PB 0x000000008df00000| Untracked 
| 224|0x000000008e000000, 0x000000008e100000, 0x000000008e100000|100%| O|  |TAMS 0x000000008e100000| PB 0x000000008e000000| Untracked 
| 225|0x000000008e100000, 0x000000008e200000, 0x000000008e200000|100%| O|  |TAMS 0x000000008e200000| PB 0x000000008e100000| Untracked 
| 226|0x000000008e200000, 0x000000008e300000, 0x000000008e300000|100%| O|  |TAMS 0x000000008e300000| PB 0x000000008e300000| Untracked 
| 227|0x000000008e300000, 0x000000008e400000, 0x000000008e400000|100%| O|  |TAMS 0x000000008e400000| PB 0x000000008e400000| Untracked 
| 228|0x000000008e400000, 0x000000008e500000, 0x000000008e500000|100%| O|  |TAMS 0x000000008e500000| PB 0x000000008e500000| Untracked 
| 229|0x000000008e500000, 0x000000008e600000, 0x000000008e600000|100%| O|  |TAMS 0x000000008e600000| PB 0x000000008e600000| Untracked 
| 230|0x000000008e600000, 0x000000008e700000, 0x000000008e700000|100%| O|  |TAMS 0x000000008e700000| PB 0x000000008e700000| Untracked 
| 231|0x000000008e700000, 0x000000008e800000, 0x000000008e800000|100%| O|  |TAMS 0x000000008e800000| PB 0x000000008e800000| Updating 
| 232|0x000000008e800000, 0x000000008e900000, 0x000000008e900000|100%| O|  |TAMS 0x000000008e900000| PB 0x000000008e900000| Updating 
| 233|0x000000008e900000, 0x000000008ea00000, 0x000000008ea00000|100%| O|  |TAMS 0x000000008ea00000| PB 0x000000008ea00000| Untracked 
| 234|0x000000008ea00000, 0x000000008eb00000, 0x000000008eb00000|100%| O|  |TAMS 0x000000008eb00000| PB 0x000000008eb00000| Untracked 
| 235|0x000000008eb00000, 0x000000008ec00000, 0x000000008ec00000|100%| O|  |TAMS 0x000000008ec00000| PB 0x000000008ec00000| Updating 
| 236|0x000000008ec00000, 0x000000008ed00000, 0x000000008ed00000|100%| O|  |TAMS 0x000000008ed00000| PB 0x000000008ed00000| Updating 
| 237|0x000000008ed00000, 0x000000008ee00000, 0x000000008ee00000|100%| O|  |TAMS 0x000000008ee00000| PB 0x000000008ee00000| Updating 
| 238|0x000000008ee00000, 0x000000008ef00000, 0x000000008ef00000|100%| O|  |TAMS 0x000000008ef00000| PB 0x000000008ef00000| Updating 
| 239|0x000000008ef00000, 0x000000008f000000, 0x000000008f000000|100%| O|  |TAMS 0x000000008ef80000| PB 0x000000008ef80000| Updating 
| 240|0x000000008f000000, 0x000000008f100000, 0x000000008f100000|100%| O|  |TAMS 0x000000008f000000| PB 0x000000008f000000| Untracked 
| 241|0x000000008f100000, 0x000000008f200000, 0x000000008f200000|100%| O|  |TAMS 0x000000008f100000| PB 0x000000008f100000| Untracked 
| 242|0x000000008f200000, 0x000000008f300000, 0x000000008f300000|100%| O|  |TAMS 0x000000008f200000| PB 0x000000008f200000| Untracked 
| 243|0x000000008f300000, 0x000000008f400000, 0x000000008f400000|100%| O|  |TAMS 0x000000008f300000| PB 0x000000008f300000| Untracked 
| 244|0x000000008f400000, 0x000000008f500000, 0x000000008f500000|100%| O|  |TAMS 0x000000008f400000| PB 0x000000008f400000| Untracked 
| 245|0x000000008f500000, 0x000000008f600000, 0x000000008f600000|100%| O|  |TAMS 0x000000008f500000| PB 0x000000008f500000| Untracked 
| 246|0x000000008f600000, 0x000000008f700000, 0x000000008f700000|100%| O|  |TAMS 0x000000008f600000| PB 0x000000008f600000| Untracked 
| 247|0x000000008f700000, 0x000000008f800000, 0x000000008f800000|100%| O|  |TAMS 0x000000008f700000| PB 0x000000008f700000| Untracked 
| 248|0x000000008f800000, 0x000000008f900000, 0x000000008f900000|100%| O|  |TAMS 0x000000008f800000| PB 0x000000008f800000| Untracked 
| 249|0x000000008f900000, 0x000000008fa00000, 0x000000008fa00000|100%| O|  |TAMS 0x000000008f900000| PB 0x000000008f900000| Untracked 
| 250|0x000000008fa00000, 0x000000008fb00000, 0x000000008fb00000|100%| O|  |TAMS 0x000000008fa00000| PB 0x000000008fa00000| Untracked 
| 251|0x000000008fb00000, 0x000000008fc00000, 0x000000008fc00000|100%| O|  |TAMS 0x000000008fb00000| PB 0x000000008fb00000| Untracked 
| 252|0x000000008fc00000, 0x000000008fd00000, 0x000000008fd00000|100%| O|  |TAMS 0x000000008fc00000| PB 0x000000008fc00000| Untracked 
| 253|0x000000008fd00000, 0x000000008fe00000, 0x000000008fe00000|100%| O|  |TAMS 0x000000008fd00000| PB 0x000000008fd00000| Untracked 
| 254|0x000000008fe00000, 0x000000008ff00000, 0x000000008ff00000|100%| O|  |TAMS 0x000000008fe00000| PB 0x000000008fe00000| Untracked 
| 255|0x000000008ff00000, 0x0000000090000000, 0x0000000090000000|100%| O|  |TAMS 0x000000008ff00000| PB 0x000000008ff00000| Untracked 
| 256|0x0000000090000000, 0x0000000090100000, 0x0000000090100000|100%| O|  |TAMS 0x0000000090000000| PB 0x0000000090000000| Untracked 
| 257|0x0000000090100000, 0x0000000090200000, 0x0000000090200000|100%| O|  |TAMS 0x0000000090100000| PB 0x0000000090100000| Untracked 
| 258|0x0000000090200000, 0x0000000090300000, 0x0000000090300000|100%| O|  |TAMS 0x0000000090200000| PB 0x0000000090200000| Untracked 
| 259|0x0000000090300000, 0x0000000090400000, 0x0000000090400000|100%| O|  |TAMS 0x0000000090300000| PB 0x0000000090300000| Untracked 
| 260|0x0000000090400000, 0x0000000090500000, 0x0000000090500000|100%| O|  |TAMS 0x0000000090400000| PB 0x0000000090400000| Untracked 
| 261|0x0000000090500000, 0x0000000090600000, 0x0000000090600000|100%| O|  |TAMS 0x0000000090500000| PB 0x0000000090500000| Untracked 
| 262|0x0000000090600000, 0x0000000090700000, 0x0000000090700000|100%| O|  |TAMS 0x0000000090600000| PB 0x0000000090600000| Untracked 
| 263|0x0000000090700000, 0x0000000090800000, 0x0000000090800000|100%| O|  |TAMS 0x0000000090700000| PB 0x0000000090700000| Untracked 
| 264|0x0000000090800000, 0x0000000090900000, 0x0000000090900000|100%| O|  |TAMS 0x0000000090800000| PB 0x0000000090800000| Untracked 
| 265|0x0000000090900000, 0x0000000090a00000, 0x0000000090a00000|100%| O|  |TAMS 0x0000000090900000| PB 0x0000000090900000| Untracked 
| 266|0x0000000090a00000, 0x0000000090b00000, 0x0000000090b00000|100%| O|  |TAMS 0x0000000090a00000| PB 0x0000000090a00000| Untracked 
| 267|0x0000000090b00000, 0x0000000090c00000, 0x0000000090c00000|100%| O|  |TAMS 0x0000000090b00000| PB 0x0000000090b00000| Untracked 
| 268|0x0000000090c00000, 0x0000000090d00000, 0x0000000090d00000|100%| O|  |TAMS 0x0000000090c00000| PB 0x0000000090c00000| Untracked 
| 269|0x0000000090d00000, 0x0000000090e00000, 0x0000000090e00000|100%| O|  |TAMS 0x0000000090d00000| PB 0x0000000090d00000| Untracked 
| 270|0x0000000090e00000, 0x0000000090f00000, 0x0000000090f00000|100%| O|  |TAMS 0x0000000090e00000| PB 0x0000000090e00000| Untracked 
| 271|0x0000000090f00000, 0x0000000091000000, 0x0000000091000000|100%| O|  |TAMS 0x0000000090f00000| PB 0x0000000090f00000| Untracked 
| 272|0x0000000091000000, 0x0000000091100000, 0x0000000091100000|100%| O|  |TAMS 0x0000000091000000| PB 0x0000000091000000| Untracked 
| 273|0x0000000091100000, 0x0000000091200000, 0x0000000091200000|100%| O|  |TAMS 0x0000000091100000| PB 0x0000000091100000| Untracked 
| 274|0x0000000091200000, 0x0000000091300000, 0x0000000091300000|100%| O|  |TAMS 0x0000000091200000| PB 0x0000000091200000| Untracked 
| 275|0x0000000091300000, 0x0000000091400000, 0x0000000091400000|100%| O|  |TAMS 0x0000000091300000| PB 0x0000000091300000| Untracked 
| 276|0x0000000091400000, 0x0000000091500000, 0x0000000091500000|100%| O|  |TAMS 0x0000000091400000| PB 0x0000000091400000| Untracked 
| 277|0x0000000091500000, 0x0000000091600000, 0x0000000091600000|100%| O|  |TAMS 0x0000000091500000| PB 0x0000000091500000| Untracked 
| 278|0x0000000091600000, 0x0000000091700000, 0x0000000091700000|100%| O|  |TAMS 0x0000000091600000| PB 0x0000000091600000| Untracked 
| 279|0x0000000091700000, 0x0000000091800000, 0x0000000091800000|100%| O|  |TAMS 0x0000000091700000| PB 0x0000000091700000| Untracked 
| 280|0x0000000091800000, 0x0000000091900000, 0x0000000091900000|100%| O|  |TAMS 0x0000000091800000| PB 0x0000000091800000| Untracked 
| 281|0x0000000091900000, 0x0000000091a00000, 0x0000000091a00000|100%| O|  |TAMS 0x0000000091900000| PB 0x0000000091900000| Untracked 
| 282|0x0000000091a00000, 0x0000000091b00000, 0x0000000091b00000|100%| O|  |TAMS 0x0000000091a00000| PB 0x0000000091a00000| Untracked 
| 283|0x0000000091b00000, 0x0000000091c00000, 0x0000000091c00000|100%| O|  |TAMS 0x0000000091b00000| PB 0x0000000091b00000| Untracked 
| 284|0x0000000091c00000, 0x0000000091d00000, 0x0000000091d00000|100%| O|  |TAMS 0x0000000091c00000| PB 0x0000000091c00000| Untracked 
| 285|0x0000000091d00000, 0x0000000091e00000, 0x0000000091e00000|100%| O|  |TAMS 0x0000000091d00000| PB 0x0000000091d00000| Untracked 
| 286|0x0000000091e00000, 0x0000000091f00000, 0x0000000091f00000|100%| O|  |TAMS 0x0000000091e00000| PB 0x0000000091e00000| Untracked 
| 287|0x0000000091f00000, 0x0000000092000000, 0x0000000092000000|100%| O|  |TAMS 0x0000000091f00000| PB 0x0000000091f00000| Untracked 
| 288|0x0000000092000000, 0x0000000092100000, 0x0000000092100000|100%| O|  |TAMS 0x0000000092000000| PB 0x0000000092000000| Untracked 
| 289|0x0000000092100000, 0x0000000092200000, 0x0000000092200000|100%| O|  |TAMS 0x0000000092100000| PB 0x0000000092100000| Untracked 
| 290|0x0000000092200000, 0x0000000092300000, 0x0000000092300000|100%| O|  |TAMS 0x0000000092200000| PB 0x0000000092200000| Untracked 
| 291|0x0000000092300000, 0x0000000092400000, 0x0000000092400000|100%| O|  |TAMS 0x0000000092300000| PB 0x0000000092300000| Untracked 
| 292|0x0000000092400000, 0x0000000092500000, 0x0000000092500000|100%| O|  |TAMS 0x0000000092400000| PB 0x0000000092400000| Untracked 
| 293|0x0000000092500000, 0x0000000092600000, 0x0000000092600000|100%| O|  |TAMS 0x0000000092500000| PB 0x0000000092500000| Untracked 
| 294|0x0000000092600000, 0x0000000092700000, 0x0000000092700000|100%| O|  |TAMS 0x0000000092600000| PB 0x0000000092600000| Untracked 
| 295|0x0000000092700000, 0x0000000092800000, 0x0000000092800000|100%| O|  |TAMS 0x0000000092700000| PB 0x0000000092700000| Untracked 
| 296|0x0000000092800000, 0x0000000092900000, 0x0000000092900000|100%| O|  |TAMS 0x0000000092800000| PB 0x0000000092800000| Untracked 
| 297|0x0000000092900000, 0x0000000092972158, 0x0000000092a00000| 44%| O|  |TAMS 0x0000000092900000| PB 0x0000000092900000| Untracked 
| 298|0x0000000092a00000, 0x0000000092a00000, 0x0000000092b00000|  0%| F|  |TAMS 0x0000000092a00000| PB 0x0000000092a00000| Untracked 
| 299|0x0000000092b00000, 0x0000000092b00000, 0x0000000092c00000|  0%| F|  |TAMS 0x0000000092b00000| PB 0x0000000092b00000| Untracked 
| 300|0x0000000092c00000, 0x0000000092c00000, 0x0000000092d00000|  0%| F|  |TAMS 0x0000000092c00000| PB 0x0000000092c00000| Untracked 
| 301|0x0000000092d00000, 0x0000000092d00000, 0x0000000092e00000|  0%| F|  |TAMS 0x0000000092d00000| PB 0x0000000092d00000| Untracked 
| 302|0x0000000092e00000, 0x0000000092e00000, 0x0000000092f00000|  0%| F|  |TAMS 0x0000000092e00000| PB 0x0000000092e00000| Untracked 
| 303|0x0000000092f00000, 0x0000000092f00000, 0x0000000093000000|  0%| F|  |TAMS 0x0000000092f00000| PB 0x0000000092f00000| Untracked 
| 304|0x0000000093000000, 0x0000000093000000, 0x0000000093100000|  0%| F|  |TAMS 0x0000000093000000| PB 0x0000000093000000| Untracked 
| 305|0x0000000093100000, 0x0000000093100000, 0x0000000093200000|  0%| F|  |TAMS 0x0000000093100000| PB 0x0000000093100000| Untracked 
| 306|0x0000000093200000, 0x0000000093200000, 0x0000000093300000|  0%| F|  |TAMS 0x0000000093200000| PB 0x0000000093200000| Untracked 
| 307|0x0000000093300000, 0x0000000093300000, 0x0000000093400000|  0%| F|  |TAMS 0x0000000093300000| PB 0x0000000093300000| Untracked 
| 308|0x0000000093400000, 0x0000000093400000, 0x0000000093500000|  0%| F|  |TAMS 0x0000000093400000| PB 0x0000000093400000| Untracked 
| 309|0x0000000093500000, 0x0000000093500000, 0x0000000093600000|  0%| F|  |TAMS 0x0000000093500000| PB 0x0000000093500000| Untracked 
| 310|0x0000000093600000, 0x0000000093600000, 0x0000000093700000|  0%| F|  |TAMS 0x0000000093600000| PB 0x0000000093600000| Untracked 
| 311|0x0000000093700000, 0x0000000093700000, 0x0000000093800000|  0%| F|  |TAMS 0x0000000093700000| PB 0x0000000093700000| Untracked 
| 312|0x0000000093800000, 0x0000000093800000, 0x0000000093900000|  0%| F|  |TAMS 0x0000000093800000| PB 0x0000000093800000| Untracked 
| 313|0x0000000093900000, 0x0000000093900000, 0x0000000093a00000|  0%| F|  |TAMS 0x0000000093900000| PB 0x0000000093900000| Untracked 
| 314|0x0000000093a00000, 0x0000000093a00000, 0x0000000093b00000|  0%| F|  |TAMS 0x0000000093a00000| PB 0x0000000093a00000| Untracked 
| 315|0x0000000093b00000, 0x0000000093b00000, 0x0000000093c00000|  0%| F|  |TAMS 0x0000000093b00000| PB 0x0000000093b00000| Untracked 
| 316|0x0000000093c00000, 0x0000000093c00000, 0x0000000093d00000|  0%| F|  |TAMS 0x0000000093c00000| PB 0x0000000093c00000| Untracked 
| 317|0x0000000093d00000, 0x0000000093d00000, 0x0000000093e00000|  0%| F|  |TAMS 0x0000000093d00000| PB 0x0000000093d00000| Untracked 
| 318|0x0000000093e00000, 0x0000000093e00000, 0x0000000093f00000|  0%| F|  |TAMS 0x0000000093e00000| PB 0x0000000093e00000| Untracked 
| 319|0x0000000093f00000, 0x0000000093f00000, 0x0000000094000000|  0%| F|  |TAMS 0x0000000093f00000| PB 0x0000000093f00000| Untracked 
| 320|0x0000000094000000, 0x0000000094000000, 0x0000000094100000|  0%| F|  |TAMS 0x0000000094000000| PB 0x0000000094000000| Untracked 
| 321|0x0000000094100000, 0x0000000094100000, 0x0000000094200000|  0%| F|  |TAMS 0x0000000094100000| PB 0x0000000094100000| Untracked 
| 322|0x0000000094200000, 0x0000000094200000, 0x0000000094300000|  0%| F|  |TAMS 0x0000000094200000| PB 0x0000000094200000| Untracked 
| 323|0x0000000094300000, 0x0000000094300000, 0x0000000094400000|  0%| F|  |TAMS 0x0000000094300000| PB 0x0000000094300000| Untracked 
| 324|0x0000000094400000, 0x0000000094400000, 0x0000000094500000|  0%| F|  |TAMS 0x0000000094400000| PB 0x0000000094400000| Untracked 
| 325|0x0000000094500000, 0x0000000094500000, 0x0000000094600000|  0%| F|  |TAMS 0x0000000094500000| PB 0x0000000094500000| Untracked 
| 326|0x0000000094600000, 0x0000000094600000, 0x0000000094700000|  0%| F|  |TAMS 0x0000000094600000| PB 0x0000000094600000| Untracked 
| 327|0x0000000094700000, 0x0000000094700000, 0x0000000094800000|  0%| F|  |TAMS 0x0000000094700000| PB 0x0000000094700000| Untracked 
| 328|0x0000000094800000, 0x0000000094800000, 0x0000000094900000|  0%| F|  |TAMS 0x0000000094800000| PB 0x0000000094800000| Untracked 
| 329|0x0000000094900000, 0x0000000094900000, 0x0000000094a00000|  0%| F|  |TAMS 0x0000000094900000| PB 0x0000000094900000| Untracked 
| 330|0x0000000094a00000, 0x0000000094a00000, 0x0000000094b00000|  0%| F|  |TAMS 0x0000000094a00000| PB 0x0000000094a00000| Untracked 
| 331|0x0000000094b00000, 0x0000000094b00000, 0x0000000094c00000|  0%| F|  |TAMS 0x0000000094b00000| PB 0x0000000094b00000| Untracked 
| 332|0x0000000094c00000, 0x0000000094d00000, 0x0000000094d00000|100%| S|CS|TAMS 0x0000000094c00000| PB 0x0000000094c00000| Complete 
| 333|0x0000000094d00000, 0x0000000094e00000, 0x0000000094e00000|100%| S|CS|TAMS 0x0000000094d00000| PB 0x0000000094d00000| Complete 
| 334|0x0000000094e00000, 0x0000000094f00000, 0x0000000094f00000|100%| S|CS|TAMS 0x0000000094e00000| PB 0x0000000094e00000| Complete 
| 335|0x0000000094f00000, 0x0000000095000000, 0x0000000095000000|100%| S|CS|TAMS 0x0000000094f00000| PB 0x0000000094f00000| Complete 
| 336|0x0000000095000000, 0x0000000095100000, 0x0000000095100000|100%| S|CS|TAMS 0x0000000095000000| PB 0x0000000095000000| Complete 
| 337|0x0000000095100000, 0x0000000095200000, 0x0000000095200000|100%| S|CS|TAMS 0x0000000095100000| PB 0x0000000095100000| Complete 
| 338|0x0000000095200000, 0x0000000095300000, 0x0000000095300000|100%| S|CS|TAMS 0x0000000095200000| PB 0x0000000095200000| Complete 
| 339|0x0000000095300000, 0x0000000095400000, 0x0000000095400000|100%| S|CS|TAMS 0x0000000095300000| PB 0x0000000095300000| Complete 
| 340|0x0000000095400000, 0x0000000095500000, 0x0000000095500000|100%| S|CS|TAMS 0x0000000095400000| PB 0x0000000095400000| Complete 
| 341|0x0000000095500000, 0x0000000095600000, 0x0000000095600000|100%| S|CS|TAMS 0x0000000095500000| PB 0x0000000095500000| Complete 
| 342|0x0000000095600000, 0x0000000095600000, 0x0000000095700000|  0%| F|  |TAMS 0x0000000095600000| PB 0x0000000095600000| Untracked 
| 343|0x0000000095700000, 0x0000000095700000, 0x0000000095800000|  0%| F|  |TAMS 0x0000000095700000| PB 0x0000000095700000| Untracked 
| 344|0x0000000095800000, 0x0000000095800000, 0x0000000095900000|  0%| F|  |TAMS 0x0000000095800000| PB 0x0000000095800000| Untracked 
| 345|0x0000000095900000, 0x0000000095900000, 0x0000000095a00000|  0%| F|  |TAMS 0x0000000095900000| PB 0x0000000095900000| Untracked 
| 346|0x0000000095a00000, 0x0000000095a00000, 0x0000000095b00000|  0%| F|  |TAMS 0x0000000095a00000| PB 0x0000000095a00000| Untracked 
| 347|0x0000000095b00000, 0x0000000095b00000, 0x0000000095c00000|  0%| F|  |TAMS 0x0000000095b00000| PB 0x0000000095b00000| Untracked 
| 348|0x0000000095c00000, 0x0000000095c00000, 0x0000000095d00000|  0%| F|  |TAMS 0x0000000095c00000| PB 0x0000000095c00000| Untracked 
| 349|0x0000000095d00000, 0x0000000095d00000, 0x0000000095e00000|  0%| F|  |TAMS 0x0000000095d00000| PB 0x0000000095d00000| Untracked 
| 350|0x0000000095e00000, 0x0000000095e00000, 0x0000000095f00000|  0%| F|  |TAMS 0x0000000095e00000| PB 0x0000000095e00000| Untracked 
| 351|0x0000000095f00000, 0x0000000095f00000, 0x0000000096000000|  0%| F|  |TAMS 0x0000000095f00000| PB 0x0000000095f00000| Untracked 
| 352|0x0000000096000000, 0x0000000096000000, 0x0000000096100000|  0%| F|  |TAMS 0x0000000096000000| PB 0x0000000096000000| Untracked 
| 353|0x0000000096100000, 0x0000000096100000, 0x0000000096200000|  0%| F|  |TAMS 0x0000000096100000| PB 0x0000000096100000| Untracked 
| 354|0x0000000096200000, 0x0000000096200000, 0x0000000096300000|  0%| F|  |TAMS 0x0000000096200000| PB 0x0000000096200000| Untracked 
| 355|0x0000000096300000, 0x0000000096300000, 0x0000000096400000|  0%| F|  |TAMS 0x0000000096300000| PB 0x0000000096300000| Untracked 
| 356|0x0000000096400000, 0x0000000096400000, 0x0000000096500000|  0%| F|  |TAMS 0x0000000096400000| PB 0x0000000096400000| Untracked 
| 357|0x0000000096500000, 0x0000000096500000, 0x0000000096600000|  0%| F|  |TAMS 0x0000000096500000| PB 0x0000000096500000| Untracked 
| 358|0x0000000096600000, 0x0000000096700000, 0x0000000096700000|100%| S|CS|TAMS 0x0000000096600000| PB 0x0000000096600000| Complete 
| 359|0x0000000096700000, 0x0000000096800000, 0x0000000096800000|100%| S|CS|TAMS 0x0000000096700000| PB 0x0000000096700000| Complete 
| 360|0x0000000096800000, 0x0000000096900000, 0x0000000096900000|100%| S|CS|TAMS 0x0000000096800000| PB 0x0000000096800000| Complete 
| 361|0x0000000096900000, 0x0000000096a00000, 0x0000000096a00000|100%| S|CS|TAMS 0x0000000096900000| PB 0x0000000096900000| Complete 
| 362|0x0000000096a00000, 0x0000000096b00000, 0x0000000096b00000|100%| S|CS|TAMS 0x0000000096a00000| PB 0x0000000096a00000| Complete 
| 363|0x0000000096b00000, 0x0000000096c00000, 0x0000000096c00000|100%| S|CS|TAMS 0x0000000096b00000| PB 0x0000000096b00000| Complete 
| 364|0x0000000096c00000, 0x0000000096d00000, 0x0000000096d00000|100%| S|CS|TAMS 0x0000000096c00000| PB 0x0000000096c00000| Complete 
| 365|0x0000000096d00000, 0x0000000096e00000, 0x0000000096e00000|100%| S|CS|TAMS 0x0000000096d00000| PB 0x0000000096d00000| Complete 
| 366|0x0000000096e00000, 0x0000000096f00000, 0x0000000096f00000|100%| S|CS|TAMS 0x0000000096e00000| PB 0x0000000096e00000| Complete 
| 367|0x0000000096f00000, 0x0000000097000000, 0x0000000097000000|100%| S|CS|TAMS 0x0000000096f00000| PB 0x0000000096f00000| Complete 
| 368|0x0000000097000000, 0x0000000097100000, 0x0000000097100000|100%| S|CS|TAMS 0x0000000097000000| PB 0x0000000097000000| Complete 
| 369|0x0000000097100000, 0x0000000097200000, 0x0000000097200000|100%| S|CS|TAMS 0x0000000097100000| PB 0x0000000097100000| Complete 
| 370|0x0000000097200000, 0x0000000097200000, 0x0000000097300000|  0%| F|  |TAMS 0x0000000097200000| PB 0x0000000097200000| Untracked 
| 371|0x0000000097300000, 0x0000000097300000, 0x0000000097400000|  0%| F|  |TAMS 0x0000000097300000| PB 0x0000000097300000| Untracked 
| 372|0x0000000097400000, 0x0000000097400000, 0x0000000097500000|  0%| F|  |TAMS 0x0000000097400000| PB 0x0000000097400000| Untracked 
| 373|0x0000000097500000, 0x0000000097500000, 0x0000000097600000|  0%| F|  |TAMS 0x0000000097500000| PB 0x0000000097500000| Untracked 
| 374|0x0000000097600000, 0x0000000097600000, 0x0000000097700000|  0%| F|  |TAMS 0x0000000097600000| PB 0x0000000097600000| Untracked 
| 375|0x0000000097700000, 0x0000000097700000, 0x0000000097800000|  0%| F|  |TAMS 0x0000000097700000| PB 0x0000000097700000| Untracked 
| 376|0x0000000097800000, 0x0000000097800000, 0x0000000097900000|  0%| F|  |TAMS 0x0000000097800000| PB 0x0000000097800000| Untracked 
| 377|0x0000000097900000, 0x0000000097900000, 0x0000000097a00000|  0%| F|  |TAMS 0x0000000097900000| PB 0x0000000097900000| Untracked 
| 378|0x0000000097a00000, 0x0000000097a00000, 0x0000000097b00000|  0%| F|  |TAMS 0x0000000097a00000| PB 0x0000000097a00000| Untracked 
| 379|0x0000000097b00000, 0x0000000097b00000, 0x0000000097c00000|  0%| F|  |TAMS 0x0000000097b00000| PB 0x0000000097b00000| Untracked 
| 380|0x0000000097c00000, 0x0000000097c00000, 0x0000000097d00000|  0%| F|  |TAMS 0x0000000097c00000| PB 0x0000000097c00000| Untracked 
| 381|0x0000000097d00000, 0x0000000097d00000, 0x0000000097e00000|  0%| F|  |TAMS 0x0000000097d00000| PB 0x0000000097d00000| Untracked 
| 382|0x0000000097e00000, 0x0000000097e00000, 0x0000000097f00000|  0%| F|  |TAMS 0x0000000097e00000| PB 0x0000000097e00000| Untracked 
| 383|0x0000000097f00000, 0x0000000097f00000, 0x0000000098000000|  0%| F|  |TAMS 0x0000000097f00000| PB 0x0000000097f00000| Untracked 
| 384|0x0000000098000000, 0x0000000098000000, 0x0000000098100000|  0%| F|  |TAMS 0x0000000098000000| PB 0x0000000098000000| Untracked 
| 385|0x0000000098100000, 0x0000000098100000, 0x0000000098200000|  0%| F|  |TAMS 0x0000000098100000| PB 0x0000000098100000| Untracked 
| 386|0x0000000098200000, 0x0000000098200000, 0x0000000098300000|  0%| F|  |TAMS 0x0000000098200000| PB 0x0000000098200000| Untracked 
| 387|0x0000000098300000, 0x0000000098300000, 0x0000000098400000|  0%| F|  |TAMS 0x0000000098300000| PB 0x0000000098300000| Untracked 
| 388|0x0000000098400000, 0x0000000098400000, 0x0000000098500000|  0%| F|  |TAMS 0x0000000098400000| PB 0x0000000098400000| Untracked 
| 389|0x0000000098500000, 0x0000000098500000, 0x0000000098600000|  0%| F|  |TAMS 0x0000000098500000| PB 0x0000000098500000| Untracked 
| 390|0x0000000098600000, 0x0000000098600000, 0x0000000098700000|  0%| F|  |TAMS 0x0000000098600000| PB 0x0000000098600000| Untracked 
| 391|0x0000000098700000, 0x0000000098700000, 0x0000000098800000|  0%| F|  |TAMS 0x0000000098700000| PB 0x0000000098700000| Untracked 
| 392|0x0000000098800000, 0x0000000098800000, 0x0000000098900000|  0%| F|  |TAMS 0x0000000098800000| PB 0x0000000098800000| Untracked 
| 393|0x0000000098900000, 0x0000000098900000, 0x0000000098a00000|  0%| F|  |TAMS 0x0000000098900000| PB 0x0000000098900000| Untracked 
| 394|0x0000000098a00000, 0x0000000098a00000, 0x0000000098b00000|  0%| F|  |TAMS 0x0000000098a00000| PB 0x0000000098a00000| Untracked 
| 395|0x0000000098b00000, 0x0000000098b00000, 0x0000000098c00000|  0%| F|  |TAMS 0x0000000098b00000| PB 0x0000000098b00000| Untracked 
| 396|0x0000000098c00000, 0x0000000098c00000, 0x0000000098d00000|  0%| F|  |TAMS 0x0000000098c00000| PB 0x0000000098c00000| Untracked 
| 397|0x0000000098d00000, 0x0000000098d00000, 0x0000000098e00000|  0%| F|  |TAMS 0x0000000098d00000| PB 0x0000000098d00000| Untracked 
| 398|0x0000000098e00000, 0x0000000098e00000, 0x0000000098f00000|  0%| F|  |TAMS 0x0000000098e00000| PB 0x0000000098e00000| Untracked 
| 399|0x0000000098f00000, 0x0000000098f00000, 0x0000000099000000|  0%| F|  |TAMS 0x0000000098f00000| PB 0x0000000098f00000| Untracked 
| 400|0x0000000099000000, 0x0000000099000000, 0x0000000099100000|  0%| F|  |TAMS 0x0000000099000000| PB 0x0000000099000000| Untracked 
| 401|0x0000000099100000, 0x0000000099100000, 0x0000000099200000|  0%| F|  |TAMS 0x0000000099100000| PB 0x0000000099100000| Untracked 
| 402|0x0000000099200000, 0x0000000099200000, 0x0000000099300000|  0%| F|  |TAMS 0x0000000099200000| PB 0x0000000099200000| Untracked 
| 403|0x0000000099300000, 0x0000000099300000, 0x0000000099400000|  0%| F|  |TAMS 0x0000000099300000| PB 0x0000000099300000| Untracked 
| 404|0x0000000099400000, 0x0000000099400000, 0x0000000099500000|  0%| F|  |TAMS 0x0000000099400000| PB 0x0000000099400000| Untracked 
| 405|0x0000000099500000, 0x0000000099500000, 0x0000000099600000|  0%| F|  |TAMS 0x0000000099500000| PB 0x0000000099500000| Untracked 
| 406|0x0000000099600000, 0x0000000099600000, 0x0000000099700000|  0%| F|  |TAMS 0x0000000099600000| PB 0x0000000099600000| Untracked 
| 407|0x0000000099700000, 0x0000000099700000, 0x0000000099800000|  0%| F|  |TAMS 0x0000000099700000| PB 0x0000000099700000| Untracked 
| 408|0x0000000099800000, 0x0000000099800000, 0x0000000099900000|  0%| F|  |TAMS 0x0000000099800000| PB 0x0000000099800000| Untracked 
| 409|0x0000000099900000, 0x0000000099900000, 0x0000000099a00000|  0%| F|  |TAMS 0x0000000099900000| PB 0x0000000099900000| Untracked 
| 410|0x0000000099a00000, 0x0000000099a00000, 0x0000000099b00000|  0%| F|  |TAMS 0x0000000099a00000| PB 0x0000000099a00000| Untracked 
| 411|0x0000000099b00000, 0x0000000099b00000, 0x0000000099c00000|  0%| F|  |TAMS 0x0000000099b00000| PB 0x0000000099b00000| Untracked 
| 412|0x0000000099c00000, 0x0000000099c00000, 0x0000000099d00000|  0%| F|  |TAMS 0x0000000099c00000| PB 0x0000000099c00000| Untracked 
| 413|0x0000000099d00000, 0x0000000099d00000, 0x0000000099e00000|  0%| F|  |TAMS 0x0000000099d00000| PB 0x0000000099d00000| Untracked 
| 414|0x0000000099e00000, 0x0000000099e00000, 0x0000000099f00000|  0%| F|  |TAMS 0x0000000099e00000| PB 0x0000000099e00000| Untracked 
| 415|0x0000000099f00000, 0x0000000099f00000, 0x000000009a000000|  0%| F|  |TAMS 0x0000000099f00000| PB 0x0000000099f00000| Untracked 
| 416|0x000000009a000000, 0x000000009a000000, 0x000000009a100000|  0%| F|  |TAMS 0x000000009a000000| PB 0x000000009a000000| Untracked 
| 417|0x000000009a100000, 0x000000009a100000, 0x000000009a200000|  0%| F|  |TAMS 0x000000009a100000| PB 0x000000009a100000| Untracked 
| 418|0x000000009a200000, 0x000000009a200000, 0x000000009a300000|  0%| F|  |TAMS 0x000000009a200000| PB 0x000000009a200000| Untracked 
| 419|0x000000009a300000, 0x000000009a300000, 0x000000009a400000|  0%| F|  |TAMS 0x000000009a300000| PB 0x000000009a300000| Untracked 
| 420|0x000000009a400000, 0x000000009a400000, 0x000000009a500000|  0%| F|  |TAMS 0x000000009a400000| PB 0x000000009a400000| Untracked 
| 421|0x000000009a500000, 0x000000009a500000, 0x000000009a600000|  0%| F|  |TAMS 0x000000009a500000| PB 0x000000009a500000| Untracked 
| 422|0x000000009a600000, 0x000000009a600000, 0x000000009a700000|  0%| F|  |TAMS 0x000000009a600000| PB 0x000000009a600000| Untracked 
| 423|0x000000009a700000, 0x000000009a700000, 0x000000009a800000|  0%| F|  |TAMS 0x000000009a700000| PB 0x000000009a700000| Untracked 
| 424|0x000000009a800000, 0x000000009a800000, 0x000000009a900000|  0%| F|  |TAMS 0x000000009a800000| PB 0x000000009a800000| Untracked 
| 425|0x000000009a900000, 0x000000009a900000, 0x000000009aa00000|  0%| F|  |TAMS 0x000000009a900000| PB 0x000000009a900000| Untracked 
| 426|0x000000009aa00000, 0x000000009aa00000, 0x000000009ab00000|  0%| F|  |TAMS 0x000000009aa00000| PB 0x000000009aa00000| Untracked 
| 427|0x000000009ab00000, 0x000000009ab00000, 0x000000009ac00000|  0%| F|  |TAMS 0x000000009ab00000| PB 0x000000009ab00000| Untracked 
| 428|0x000000009ac00000, 0x000000009ac00000, 0x000000009ad00000|  0%| F|  |TAMS 0x000000009ac00000| PB 0x000000009ac00000| Untracked 
| 429|0x000000009ad00000, 0x000000009ad00000, 0x000000009ae00000|  0%| F|  |TAMS 0x000000009ad00000| PB 0x000000009ad00000| Untracked 
| 430|0x000000009ae00000, 0x000000009ae00000, 0x000000009af00000|  0%| F|  |TAMS 0x000000009ae00000| PB 0x000000009ae00000| Untracked 
| 431|0x000000009af00000, 0x000000009af00000, 0x000000009b000000|  0%| F|  |TAMS 0x000000009af00000| PB 0x000000009af00000| Untracked 
| 432|0x000000009b000000, 0x000000009b000000, 0x000000009b100000|  0%| F|  |TAMS 0x000000009b000000| PB 0x000000009b000000| Untracked 
| 433|0x000000009b100000, 0x000000009b100000, 0x000000009b200000|  0%| F|  |TAMS 0x000000009b100000| PB 0x000000009b100000| Untracked 
| 434|0x000000009b200000, 0x000000009b200000, 0x000000009b300000|  0%| F|  |TAMS 0x000000009b200000| PB 0x000000009b200000| Untracked 
| 435|0x000000009b300000, 0x000000009b300000, 0x000000009b400000|  0%| F|  |TAMS 0x000000009b300000| PB 0x000000009b300000| Untracked 
| 436|0x000000009b400000, 0x000000009b400000, 0x000000009b500000|  0%| F|  |TAMS 0x000000009b400000| PB 0x000000009b400000| Untracked 
| 437|0x000000009b500000, 0x000000009b500000, 0x000000009b600000|  0%| F|  |TAMS 0x000000009b500000| PB 0x000000009b500000| Untracked 
| 438|0x000000009b600000, 0x000000009b600000, 0x000000009b700000|  0%| F|  |TAMS 0x000000009b600000| PB 0x000000009b600000| Untracked 
| 439|0x000000009b700000, 0x000000009b700000, 0x000000009b800000|  0%| F|  |TAMS 0x000000009b700000| PB 0x000000009b700000| Untracked 
| 440|0x000000009b800000, 0x000000009b800000, 0x000000009b900000|  0%| F|  |TAMS 0x000000009b800000| PB 0x000000009b800000| Untracked 
| 441|0x000000009b900000, 0x000000009b900000, 0x000000009ba00000|  0%| F|  |TAMS 0x000000009b900000| PB 0x000000009b900000| Untracked 
| 442|0x000000009ba00000, 0x000000009ba00000, 0x000000009bb00000|  0%| F|  |TAMS 0x000000009ba00000| PB 0x000000009ba00000| Untracked 
| 443|0x000000009bb00000, 0x000000009bb00000, 0x000000009bc00000|  0%| F|  |TAMS 0x000000009bb00000| PB 0x000000009bb00000| Untracked 
| 444|0x000000009bc00000, 0x000000009bc00000, 0x000000009bd00000|  0%| F|  |TAMS 0x000000009bc00000| PB 0x000000009bc00000| Untracked 
| 445|0x000000009bd00000, 0x000000009bd00000, 0x000000009be00000|  0%| F|  |TAMS 0x000000009bd00000| PB 0x000000009bd00000| Untracked 
| 446|0x000000009be00000, 0x000000009be00000, 0x000000009bf00000|  0%| F|  |TAMS 0x000000009be00000| PB 0x000000009be00000| Untracked 
| 447|0x000000009bf00000, 0x000000009bf00000, 0x000000009c000000|  0%| F|  |TAMS 0x000000009bf00000| PB 0x000000009bf00000| Untracked 
| 448|0x000000009c000000, 0x000000009c000000, 0x000000009c100000|  0%| F|  |TAMS 0x000000009c000000| PB 0x000000009c000000| Untracked 
| 449|0x000000009c100000, 0x000000009c100000, 0x000000009c200000|  0%| F|  |TAMS 0x000000009c100000| PB 0x000000009c100000| Untracked 
| 450|0x000000009c200000, 0x000000009c200000, 0x000000009c300000|  0%| F|  |TAMS 0x000000009c200000| PB 0x000000009c200000| Untracked 
| 451|0x000000009c300000, 0x000000009c300000, 0x000000009c400000|  0%| F|  |TAMS 0x000000009c300000| PB 0x000000009c300000| Untracked 
| 452|0x000000009c400000, 0x000000009c400000, 0x000000009c500000|  0%| F|  |TAMS 0x000000009c400000| PB 0x000000009c400000| Untracked 
| 453|0x000000009c500000, 0x000000009c500000, 0x000000009c600000|  0%| F|  |TAMS 0x000000009c500000| PB 0x000000009c500000| Untracked 
| 454|0x000000009c600000, 0x000000009c600000, 0x000000009c700000|  0%| F|  |TAMS 0x000000009c600000| PB 0x000000009c600000| Untracked 
| 455|0x000000009c700000, 0x000000009c700000, 0x000000009c800000|  0%| F|  |TAMS 0x000000009c700000| PB 0x000000009c700000| Untracked 
| 456|0x000000009c800000, 0x000000009c800000, 0x000000009c900000|  0%| F|  |TAMS 0x000000009c800000| PB 0x000000009c800000| Untracked 
| 457|0x000000009c900000, 0x000000009c900000, 0x000000009ca00000|  0%| F|  |TAMS 0x000000009c900000| PB 0x000000009c900000| Untracked 
| 458|0x000000009ca00000, 0x000000009ca00000, 0x000000009cb00000|  0%| F|  |TAMS 0x000000009ca00000| PB 0x000000009ca00000| Untracked 
| 459|0x000000009cb00000, 0x000000009cb00000, 0x000000009cc00000|  0%| F|  |TAMS 0x000000009cb00000| PB 0x000000009cb00000| Untracked 
| 460|0x000000009cc00000, 0x000000009cc00000, 0x000000009cd00000|  0%| F|  |TAMS 0x000000009cc00000| PB 0x000000009cc00000| Untracked 
| 461|0x000000009cd00000, 0x000000009cd00000, 0x000000009ce00000|  0%| F|  |TAMS 0x000000009cd00000| PB 0x000000009cd00000| Untracked 
| 462|0x000000009ce00000, 0x000000009ce00000, 0x000000009cf00000|  0%| F|  |TAMS 0x000000009ce00000| PB 0x000000009ce00000| Untracked 
| 463|0x000000009cf00000, 0x000000009cf00000, 0x000000009d000000|  0%| F|  |TAMS 0x000000009cf00000| PB 0x000000009cf00000| Untracked 
| 464|0x000000009d000000, 0x000000009d000000, 0x000000009d100000|  0%| F|  |TAMS 0x000000009d000000| PB 0x000000009d000000| Untracked 
| 465|0x000000009d100000, 0x000000009d100000, 0x000000009d200000|  0%| F|  |TAMS 0x000000009d100000| PB 0x000000009d100000| Untracked 
| 466|0x000000009d200000, 0x000000009d200000, 0x000000009d300000|  0%| F|  |TAMS 0x000000009d200000| PB 0x000000009d200000| Untracked 
| 467|0x000000009d300000, 0x000000009d300000, 0x000000009d400000|  0%| F|  |TAMS 0x000000009d300000| PB 0x000000009d300000| Untracked 
| 468|0x000000009d400000, 0x000000009d400000, 0x000000009d500000|  0%| F|  |TAMS 0x000000009d400000| PB 0x000000009d400000| Untracked 
| 469|0x000000009d500000, 0x000000009d500000, 0x000000009d600000|  0%| F|  |TAMS 0x000000009d500000| PB 0x000000009d500000| Untracked 
| 470|0x000000009d600000, 0x000000009d600000, 0x000000009d700000|  0%| F|  |TAMS 0x000000009d600000| PB 0x000000009d600000| Untracked 
| 471|0x000000009d700000, 0x000000009d700000, 0x000000009d800000|  0%| F|  |TAMS 0x000000009d700000| PB 0x000000009d700000| Untracked 
| 472|0x000000009d800000, 0x000000009d800000, 0x000000009d900000|  0%| F|  |TAMS 0x000000009d800000| PB 0x000000009d800000| Untracked 
| 473|0x000000009d900000, 0x000000009d900000, 0x000000009da00000|  0%| F|  |TAMS 0x000000009d900000| PB 0x000000009d900000| Untracked 
| 474|0x000000009da00000, 0x000000009da00000, 0x000000009db00000|  0%| F|  |TAMS 0x000000009da00000| PB 0x000000009da00000| Untracked 
| 475|0x000000009db00000, 0x000000009db00000, 0x000000009dc00000|  0%| F|  |TAMS 0x000000009db00000| PB 0x000000009db00000| Untracked 
| 476|0x000000009dc00000, 0x000000009dc00000, 0x000000009dd00000|  0%| F|  |TAMS 0x000000009dc00000| PB 0x000000009dc00000| Untracked 
| 477|0x000000009dd00000, 0x000000009dd00000, 0x000000009de00000|  0%| F|  |TAMS 0x000000009dd00000| PB 0x000000009dd00000| Untracked 
| 478|0x000000009de00000, 0x000000009de00000, 0x000000009df00000|  0%| F|  |TAMS 0x000000009de00000| PB 0x000000009de00000| Untracked 
| 479|0x000000009df00000, 0x000000009df00000, 0x000000009e000000|  0%| F|  |TAMS 0x000000009df00000| PB 0x000000009df00000| Untracked 
| 480|0x000000009e000000, 0x000000009e000000, 0x000000009e100000|  0%| F|  |TAMS 0x000000009e000000| PB 0x000000009e000000| Untracked 
| 481|0x000000009e100000, 0x000000009e100000, 0x000000009e200000|  0%| F|  |TAMS 0x000000009e100000| PB 0x000000009e100000| Untracked 
| 482|0x000000009e200000, 0x000000009e200000, 0x000000009e300000|  0%| F|  |TAMS 0x000000009e200000| PB 0x000000009e200000| Untracked 
| 483|0x000000009e300000, 0x000000009e300000, 0x000000009e400000|  0%| F|  |TAMS 0x000000009e300000| PB 0x000000009e300000| Untracked 
| 484|0x000000009e400000, 0x000000009e400000, 0x000000009e500000|  0%| F|  |TAMS 0x000000009e400000| PB 0x000000009e400000| Untracked 
| 485|0x000000009e500000, 0x000000009e500000, 0x000000009e600000|  0%| F|  |TAMS 0x000000009e500000| PB 0x000000009e500000| Untracked 
| 486|0x000000009e600000, 0x000000009e600000, 0x000000009e700000|  0%| F|  |TAMS 0x000000009e600000| PB 0x000000009e600000| Untracked 
| 487|0x000000009e700000, 0x000000009e700000, 0x000000009e800000|  0%| F|  |TAMS 0x000000009e700000| PB 0x000000009e700000| Untracked 
| 488|0x000000009e800000, 0x000000009e800000, 0x000000009e900000|  0%| F|  |TAMS 0x000000009e800000| PB 0x000000009e800000| Untracked 
| 489|0x000000009e900000, 0x000000009e900000, 0x000000009ea00000|  0%| F|  |TAMS 0x000000009e900000| PB 0x000000009e900000| Untracked 
| 490|0x000000009ea00000, 0x000000009ea00000, 0x000000009eb00000|  0%| F|  |TAMS 0x000000009ea00000| PB 0x000000009ea00000| Untracked 
| 491|0x000000009eb00000, 0x000000009eb00000, 0x000000009ec00000|  0%| F|  |TAMS 0x000000009eb00000| PB 0x000000009eb00000| Untracked 
| 492|0x000000009ec00000, 0x000000009ec00000, 0x000000009ed00000|  0%| F|  |TAMS 0x000000009ec00000| PB 0x000000009ec00000| Untracked 
| 493|0x000000009ed00000, 0x000000009ed00000, 0x000000009ee00000|  0%| F|  |TAMS 0x000000009ed00000| PB 0x000000009ed00000| Untracked 
| 494|0x000000009ee00000, 0x000000009ee00000, 0x000000009ef00000|  0%| F|  |TAMS 0x000000009ee00000| PB 0x000000009ee00000| Untracked 
| 495|0x000000009ef00000, 0x000000009ef00000, 0x000000009f000000|  0%| F|  |TAMS 0x000000009ef00000| PB 0x000000009ef00000| Untracked 
| 496|0x000000009f000000, 0x000000009f000000, 0x000000009f100000|  0%| F|  |TAMS 0x000000009f000000| PB 0x000000009f000000| Untracked 
| 497|0x000000009f100000, 0x000000009f100000, 0x000000009f200000|  0%| F|  |TAMS 0x000000009f100000| PB 0x000000009f100000| Untracked 
| 498|0x000000009f200000, 0x000000009f200000, 0x000000009f300000|  0%| F|  |TAMS 0x000000009f200000| PB 0x000000009f200000| Untracked 
| 499|0x000000009f300000, 0x000000009f300000, 0x000000009f400000|  0%| F|  |TAMS 0x000000009f300000| PB 0x000000009f300000| Untracked 
| 500|0x000000009f400000, 0x000000009f400000, 0x000000009f500000|  0%| F|  |TAMS 0x000000009f400000| PB 0x000000009f400000| Untracked 
| 501|0x000000009f500000, 0x000000009f500000, 0x000000009f600000|  0%| F|  |TAMS 0x000000009f500000| PB 0x000000009f500000| Untracked 
| 502|0x000000009f600000, 0x000000009f600000, 0x000000009f700000|  0%| F|  |TAMS 0x000000009f600000| PB 0x000000009f600000| Untracked 
| 503|0x000000009f700000, 0x000000009f700000, 0x000000009f800000|  0%| F|  |TAMS 0x000000009f700000| PB 0x000000009f700000| Untracked 
| 504|0x000000009f800000, 0x000000009f800000, 0x000000009f900000|  0%| F|  |TAMS 0x000000009f800000| PB 0x000000009f800000| Untracked 
| 505|0x000000009f900000, 0x000000009f900000, 0x000000009fa00000|  0%| F|  |TAMS 0x000000009f900000| PB 0x000000009f900000| Untracked 
| 506|0x000000009fa00000, 0x000000009fa00000, 0x000000009fb00000|  0%| F|  |TAMS 0x000000009fa00000| PB 0x000000009fa00000| Untracked 
| 507|0x000000009fb00000, 0x000000009fb00000, 0x000000009fc00000|  0%| F|  |TAMS 0x000000009fb00000| PB 0x000000009fb00000| Untracked 
| 508|0x000000009fc00000, 0x000000009fc00000, 0x000000009fd00000|  0%| F|  |TAMS 0x000000009fc00000| PB 0x000000009fc00000| Untracked 
| 509|0x000000009fd00000, 0x000000009fd00000, 0x000000009fe00000|  0%| F|  |TAMS 0x000000009fd00000| PB 0x000000009fd00000| Untracked 
| 510|0x000000009fe00000, 0x000000009fe00000, 0x000000009ff00000|  0%| F|  |TAMS 0x000000009fe00000| PB 0x000000009fe00000| Untracked 
| 511|0x000000009ff00000, 0x000000009ff00000, 0x00000000a0000000|  0%| F|  |TAMS 0x000000009ff00000| PB 0x000000009ff00000| Untracked 
|2030|0x00000000fee00000, 0x00000000fef00000, 0x00000000fef00000|100%| O|  |TAMS 0x00000000fef00000| PB 0x00000000fee00000| Updating 
|2031|0x00000000fef00000, 0x00000000fef00000, 0x00000000ff000000|  0%| F|  |TAMS 0x00000000fef00000| PB 0x00000000fef00000| Untracked 
|2032|0x00000000ff000000, 0x00000000ff100000, 0x00000000ff100000|100%| O|  |TAMS 0x00000000ff100000| PB 0x00000000ff000000| Updating 
|2033|0x00000000ff100000, 0x00000000ff200000, 0x00000000ff200000|100%| O|  |TAMS 0x00000000ff200000| PB 0x00000000ff100000| Updating 
|2034|0x00000000ff200000, 0x00000000ff200000, 0x00000000ff300000|  0%| F|  |TAMS 0x00000000ff200000| PB 0x00000000ff200000| Untracked 
|2035|0x00000000ff300000, 0x00000000ff400000, 0x00000000ff400000|100%| O|  |TAMS 0x00000000ff400000| PB 0x00000000ff300000| Untracked 
|2036|0x00000000ff400000, 0x00000000ff500000, 0x00000000ff500000|100%| O|  |TAMS 0x00000000ff500000| PB 0x00000000ff400000| Untracked 
|2037|0x00000000ff500000, 0x00000000ff500000, 0x00000000ff600000|  0%| F|  |TAMS 0x00000000ff500000| PB 0x00000000ff500000| Untracked 
|2038|0x00000000ff600000, 0x00000000ff700000, 0x00000000ff700000|100%| O|  |TAMS 0x00000000ff700000| PB 0x00000000ff600000| Untracked 
|2039|0x00000000ff700000, 0x00000000ff800000, 0x00000000ff800000|100%| O|  |TAMS 0x00000000ff800000| PB 0x00000000ff700000| Untracked 
|2040|0x00000000ff800000, 0x00000000ff900000, 0x00000000ff900000|100%| O|  |TAMS 0x00000000ff900000| PB 0x00000000ff800000| Untracked 
|2041|0x00000000ff900000, 0x00000000ff900000, 0x00000000ffa00000|  0%| F|  |TAMS 0x00000000ff900000| PB 0x00000000ff900000| Untracked 
|2042|0x00000000ffa00000, 0x00000000ffa00000, 0x00000000ffb00000|  0%| F|  |TAMS 0x00000000ffa00000| PB 0x00000000ffa00000| Untracked 
|2043|0x00000000ffb00000, 0x00000000ffc00000, 0x00000000ffc00000|100%| O|  |TAMS 0x00000000ffc00000| PB 0x00000000ffb00000| Updating 
|2044|0x00000000ffc00000, 0x00000000ffc00000, 0x00000000ffd00000|  0%| F|  |TAMS 0x00000000ffc00000| PB 0x00000000ffc00000| Untracked 
|2045|0x00000000ffd00000, 0x00000000ffe00000, 0x00000000ffe00000|100%| O|  |TAMS 0x00000000ffe00000| PB 0x00000000ffd00000| Untracked 
|2046|0x00000000ffe00000, 0x00000000fff00000, 0x00000000fff00000|100%| O|  |TAMS 0x00000000fff00000| PB 0x00000000ffe00000| Untracked 
|2047|0x00000000fff00000, 0x0000000100000000, 0x0000000100000000|100%| O|  |TAMS 0x0000000100000000| PB 0x00000000fff00000| Untracked 

Card table byte_map: [0x000001edaa890000,0x000001edaac90000] _byte_map_base: 0x000001edaa490000

Marking Bits: (CMBitMap*) 0x000001ed97069710
 Bits: [0x000001edaac90000, 0x000001edacc90000)

Polling page: 0x000001ed94d40000

Metaspace:

Usage:
  Non-class:     95.94 MB used.
      Class:     16.55 MB used.
       Both:    112.49 MB used.

Virtual space:
  Non-class space:      128.00 MB reserved,      96.94 MB ( 76%) committed,  2 nodes.
      Class space:        1.00 GB reserved,      17.50 MB (  2%) committed,  1 nodes.
             Both:        1.12 GB reserved,     114.44 MB ( 10%) committed. 

Chunk freelists:
   Non-Class:  15.02 MB
       Class:  14.51 MB
        Both:  29.52 MB

MaxMetaspaceSize: unlimited
CompressedClassSpaceSize: 1.00 GB
Initial GC threshold: 21.00 MB
Current GC threshold: 189.94 MB
CDS: on
 - commit_granule_bytes: 65536.
 - commit_granule_words: 8192.
 - virtual_space_node_default_size: 8388608.
 - enlarge_chunks_in_place: 1.
 - use_allocation_guard: 0.


Internal statistics:

num_allocs_failed_limit: 9.
num_arena_births: 4146.
num_arena_deaths: 66.
num_vsnodes_births: 3.
num_vsnodes_deaths: 0.
num_space_committed: 1830.
num_space_uncommitted: 0.
num_chunks_returned_to_freelist: 101.
num_chunks_taken_from_freelist: 9505.
num_chunk_merges: 45.
num_chunk_splits: 6375.
num_chunks_enlarged: 4194.
num_inconsistent_stats: 0.

CodeHeap 'non-profiled nmethods': size=119168Kb used=6438Kb max_used=6701Kb free=112729Kb
 bounds [0x000001eda27b0000, 0x000001eda2e50000, 0x000001eda9c10000]
CodeHeap 'profiled nmethods': size=119104Kb used=29458Kb max_used=30291Kb free=89645Kb
 bounds [0x000001ed9ac10000, 0x000001ed9c9b0000, 0x000001eda2060000]
CodeHeap 'non-nmethods': size=7488Kb used=3138Kb max_used=3677Kb free=4349Kb
 bounds [0x000001eda2060000, 0x000001eda2410000, 0x000001eda27b0000]
CodeCache: size=245760Kb, used=39034Kb, max_used=40669Kb, free=206723Kb
 total_blobs=14915, nmethods=14047, adapters=770, full_count=0
Compilation: enabled, stopped_count=0, restarted_count=0

Compilation events (20 events):
Event: 76.792 Thread 0x000001edf6000e70 nmethod 17164 0x000001ed9c504110 code [0x000001ed9c5042a0, 0x000001ed9c5043a8]
Event: 76.792 Thread 0x000001edf6102d00 nmethod 17163 0x000001ed9c50b190 code [0x000001ed9c50b340, 0x000001ed9c50b478]
Event: 76.795 Thread 0x000001edf6102d00 17165       1       com.android.tools.r8.internal.qa1::V1 (2 bytes)
Event: 76.796 Thread 0x000001edf60022e0 17166       2       java.util.IdentityHashMap::remove (102 bytes)
Event: 76.796 Thread 0x000001edf6102d00 nmethod 17165 0x000001eda27eb390 code [0x000001eda27eb520, 0x000001eda27eb5e8]
Event: 76.797 Thread 0x000001edf60022e0 nmethod 17166 0x000001ed9b7cb310 code [0x000001ed9b7cb4e0, 0x000001ed9b7cb7e0]
Event: 76.797 Thread 0x000001edf6000e70 17167       1       com.android.tools.r8.internal.ta1::size (5 bytes)
Event: 76.797 Thread 0x000001edf6000e70 nmethod 17167 0x000001eda2bd0690 code [0x000001eda2bd0820, 0x000001eda2bd08e8]
Event: 76.811 Thread 0x000001edf60022e0 17168       1       com.android.tools.r8.dex.s::a (5 bytes)
Event: 76.812 Thread 0x000001edf60022e0 nmethod 17168 0x000001eda2bd0210 code [0x000001eda2bd03a0, 0x000001eda2bd0468]
Event: 76.812 Thread 0x000001edf60022e0 17169       1       com.android.tools.r8.internal.f64::d (2 bytes)
Event: 76.812 Thread 0x000001edf60022e0 nmethod 17169 0x000001eda2d37690 code [0x000001eda2d37820, 0x000001eda2d378e8]
Event: 76.815 Thread 0x000001edf6102d00 17170       2       com.android.tools.r8.internal.sk::z (5 bytes)
Event: 76.816 Thread 0x000001edf6102d00 nmethod 17170 0x000001ed9ad34390 code [0x000001ed9ad34520, 0x000001ed9ad34668]
Event: 76.816 Thread 0x000001edf60022e0 17171       2       com.android.tools.r8.internal.ve1::get (17 bytes)
Event: 76.816 Thread 0x000001edf6102d00 17172       2       com.android.tools.r8.internal.fn::g (2 bytes)
Event: 76.816 Thread 0x000001edf6102d00 nmethod 17172 0x000001ed9adc3590 code [0x000001ed9adc3720, 0x000001ed9adc3828]
Event: 76.816 Thread 0x000001edf6102d00 17173       2       com.android.tools.r8.internal.r14$$Lambda/0x000001edb3127658::<init> (10 bytes)
Event: 76.816 Thread 0x000001edf60022e0 nmethod 17171 0x000001ed9b1fd590 code [0x000001ed9b1fd740, 0x000001ed9b1fd8a0]
Event: 76.817 Thread 0x000001edf6102d00 nmethod 17173 0x000001ed9b711c10 code [0x000001ed9b711da0, 0x000001ed9b711ef0]

GC Heap History (20 events):
Event: 68.985 GC heap after
{Heap after GC invocations=43 (full 0):
 garbage-first heap   total 221184K, used 147968K [0x0000000080000000, 0x0000000100000000)
  region size 1024K, 9 young (9216K), 9 survivors (9216K)
 Metaspace       used 99306K, committed 101312K, reserved 1179648K
  class space    used 14248K, committed 15232K, reserved 1048576K
}
Event: 69.267 GC heap before
{Heap before GC invocations=44 (full 0):
 garbage-first heap   total 247808K, used 193024K [0x0000000080000000, 0x0000000100000000)
  region size 1024K, 54 young (55296K), 9 survivors (9216K)
 Metaspace       used 99765K, committed 101824K, reserved 1179648K
  class space    used 14308K, committed 15296K, reserved 1048576K
}
Event: 69.283 GC heap after
{Heap after GC invocations=45 (full 0):
 garbage-first heap   total 247808K, used 157696K [0x0000000080000000, 0x0000000100000000)
  region size 1024K, 7 young (7168K), 7 survivors (7168K)
 Metaspace       used 99765K, committed 101824K, reserved 1179648K
  class space    used 14308K, committed 15296K, reserved 1048576K
}
Event: 70.374 GC heap before
{Heap before GC invocations=45 (full 0):
 garbage-first heap   total 247808K, used 212992K [0x0000000080000000, 0x0000000100000000)
  region size 1024K, 62 young (63488K), 7 survivors (7168K)
 Metaspace       used 103604K, committed 105664K, reserved 1179648K
  class space    used 14954K, committed 15936K, reserved 1048576K
}
Event: 70.391 GC heap after
{Heap after GC invocations=46 (full 0):
 garbage-first heap   total 247808K, used 162259K [0x0000000080000000, 0x0000000100000000)
  region size 1024K, 8 young (8192K), 8 survivors (8192K)
 Metaspace       used 103604K, committed 105664K, reserved 1179648K
  class space    used 14954K, committed 15936K, reserved 1048576K
}
Event: 71.013 GC heap before
{Heap before GC invocations=46 (full 0):
 garbage-first heap   total 247808K, used 216531K [0x0000000080000000, 0x0000000100000000)
  region size 1024K, 61 young (62464K), 8 survivors (8192K)
 Metaspace       used 104646K, committed 106688K, reserved 1179648K
  class space    used 15094K, committed 16064K, reserved 1048576K
}
Event: 71.038 GC heap after
{Heap after GC invocations=47 (full 0):
 garbage-first heap   total 247808K, used 171008K [0x0000000080000000, 0x0000000100000000)
  region size 1024K, 8 young (8192K), 8 survivors (8192K)
 Metaspace       used 104646K, committed 106688K, reserved 1179648K
  class space    used 15094K, committed 16064K, reserved 1048576K
}
Event: 71.356 GC heap before
{Heap before GC invocations=47 (full 0):
 garbage-first heap   total 285696K, used 219136K [0x0000000080000000, 0x0000000100000000)
  region size 1024K, 56 young (57344K), 8 survivors (8192K)
 Metaspace       used 104922K, committed 106944K, reserved 1179648K
  class space    used 15143K, committed 16128K, reserved 1048576K
}
Event: 71.390 GC heap after
{Heap after GC invocations=48 (full 0):
 garbage-first heap   total 285696K, used 181834K [0x0000000080000000, 0x0000000100000000)
  region size 1024K, 7 young (7168K), 7 survivors (7168K)
 Metaspace       used 104922K, committed 106944K, reserved 1179648K
  class space    used 15143K, committed 16128K, reserved 1048576K
}
Event: 71.692 GC heap before
{Heap before GC invocations=49 (full 0):
 garbage-first heap   total 285696K, used 248394K [0x0000000080000000, 0x0000000100000000)
  region size 1024K, 73 young (74752K), 7 survivors (7168K)
 Metaspace       used 105679K, committed 107776K, reserved 1179648K
  class space    used 15298K, committed 16320K, reserved 1048576K
}
Event: 71.727 GC heap after
{Heap after GC invocations=50 (full 0):
 garbage-first heap   total 285696K, used 196354K [0x0000000080000000, 0x0000000100000000)
  region size 1024K, 10 young (10240K), 10 survivors (10240K)
 Metaspace       used 105679K, committed 107776K, reserved 1179648K
  class space    used 15298K, committed 16320K, reserved 1048576K
}
Event: 72.231 GC heap before
{Heap before GC invocations=50 (full 0):
 garbage-first heap   total 285696K, used 252674K [0x0000000080000000, 0x0000000100000000)
  region size 1024K, 66 young (67584K), 10 survivors (10240K)
 Metaspace       used 107045K, committed 109120K, reserved 1179648K
  class space    used 15495K, committed 16512K, reserved 1048576K
}
Event: 72.275 GC heap after
{Heap after GC invocations=51 (full 0):
 garbage-first heap   total 542720K, used 203927K [0x0000000080000000, 0x0000000100000000)
  region size 1024K, 9 young (9216K), 9 survivors (9216K)
 Metaspace       used 107045K, committed 109120K, reserved 1179648K
  class space    used 15495K, committed 16512K, reserved 1048576K
}
Event: 74.226 GC heap before
{Heap before GC invocations=51 (full 0):
 garbage-first heap   total 542720K, used 445591K [0x0000000080000000, 0x0000000100000000)
  region size 1024K, 246 young (251904K), 9 survivors (9216K)
 Metaspace       used 111060K, committed 113152K, reserved 1179648K
  class space    used 16314K, committed 17344K, reserved 1048576K
}
Event: 74.341 GC heap after
{Heap after GC invocations=52 (full 0):
 garbage-first heap   total 542720K, used 248514K [0x0000000080000000, 0x0000000100000000)
  region size 1024K, 31 young (31744K), 31 survivors (31744K)
 Metaspace       used 111060K, committed 113152K, reserved 1179648K
  class space    used 16314K, committed 17344K, reserved 1048576K
}
Event: 74.945 GC heap before
{Heap before GC invocations=52 (full 0):
 garbage-first heap   total 542720K, used 427714K [0x0000000080000000, 0x0000000100000000)
  region size 1024K, 207 young (211968K), 31 survivors (31744K)
 Metaspace       used 112191K, committed 114304K, reserved 1179648K
  class space    used 16469K, committed 17472K, reserved 1048576K
}
Event: 75.022 GC heap after
{Heap after GC invocations=53 (full 0):
 garbage-first heap   total 542720K, used 284160K [0x0000000080000000, 0x0000000100000000)
  region size 1024K, 26 young (26624K), 26 survivors (26624K)
 Metaspace       used 112191K, committed 114304K, reserved 1179648K
  class space    used 16469K, committed 17472K, reserved 1048576K
}
Event: 75.679 GC heap before
{Heap before GC invocations=53 (full 0):
 garbage-first heap   total 542720K, used 446976K [0x0000000080000000, 0x0000000100000000)
  region size 1024K, 186 young (190464K), 26 survivors (26624K)
 Metaspace       used 113340K, committed 115456K, reserved 1179648K
  class space    used 16652K, committed 17664K, reserved 1048576K
}
Event: 75.760 GC heap after
{Heap after GC invocations=54 (full 0):
 garbage-first heap   total 542720K, used 314361K [0x0000000080000000, 0x0000000100000000)
  region size 1024K, 24 young (24576K), 24 survivors (24576K)
 Metaspace       used 113340K, committed 115456K, reserved 1179648K
  class space    used 16652K, committed 17664K, reserved 1048576K
}
Event: 76.818 GC heap before
{Heap before GC invocations=54 (full 0):
 garbage-first heap   total 542720K, used 464889K [0x0000000080000000, 0x0000000100000000)
  region size 1024K, 172 young (176128K), 24 survivors (24576K)
 Metaspace       used 115188K, committed 117184K, reserved 1179648K
  class space    used 16949K, committed 17920K, reserved 1048576K
}

Dll operation events (4 events):
Event: 0.065 Loaded shared library C:\Users\prott\.jdks\jbr-21.0.9\bin\java.dll
Event: 0.271 Loaded shared library C:\Users\prott\.jdks\jbr-21.0.9\bin\jsvml.dll
Event: 0.407 Loaded shared library C:\Users\prott\.jdks\jbr-21.0.9\bin\zip.dll
Event: 2.625 Loaded shared library C:\Users\prott\.jdks\jbr-21.0.9\bin\verify.dll

Deoptimization events (20 events):
Event: 76.686 Thread 0x000001edfa7ac850 Uncommon trap: reason=bimorphic_or_optimized_type_check action=maybe_recompile pc=0x000001eda2babe80 method=java.util.stream.StreamOpFlag.fromCharacteristics(Ljava/util/Spliterator;)I @ 14 c2
Event: 76.686 Thread 0x000001edfa7afcd0 Uncommon trap: reason=bimorphic_or_optimized_type_check action=maybe_recompile pc=0x000001eda2babe80 method=java.util.stream.StreamOpFlag.fromCharacteristics(Ljava/util/Spliterator;)I @ 14 c2
Event: 76.686 Thread 0x000001edfa7afcd0 DEOPT PACKING pc=0x000001eda2babe80 sp=0x00000053997fa1f0
Event: 76.686 Thread 0x000001edfa7ac850 DEOPT PACKING pc=0x000001eda2babe80 sp=0x0000005398ffa440
Event: 76.686 Thread 0x000001edfa7afcd0 DEOPT UNPACKING pc=0x000001eda20b4422 sp=0x00000053997fa0d8 mode 2
Event: 76.686 Thread 0x000001edfa7ac850 DEOPT UNPACKING pc=0x000001eda20b4422 sp=0x0000005398ffa328 mode 2
Event: 76.717 Thread 0x000001edfa7afcd0 Uncommon trap: trap_request=0xffffffc6 fr.pc=0x000001eda2a061c4 relative=0x0000000000000264
Event: 76.717 Thread 0x000001edfa7ac850 Uncommon trap: trap_request=0xffffffc6 fr.pc=0x000001eda2a061c4 relative=0x0000000000000264
Event: 76.718 Thread 0x000001edfa7afcd0 Uncommon trap: reason=bimorphic_or_optimized_type_check action=maybe_recompile pc=0x000001eda2a061c4 method=java.util.Spliterators$IteratorSpliterator.tryAdvance(Ljava/util/function/Consumer;)Z @ 50 c2
Event: 76.718 Thread 0x000001edfa7ac850 Uncommon trap: reason=bimorphic_or_optimized_type_check action=maybe_recompile pc=0x000001eda2a061c4 method=java.util.Spliterators$IteratorSpliterator.tryAdvance(Ljava/util/function/Consumer;)Z @ 50 c2
Event: 76.718 Thread 0x000001edfa7afcd0 DEOPT PACKING pc=0x000001eda2a061c4 sp=0x00000053997fa020
Event: 76.718 Thread 0x000001edfa7ac850 DEOPT PACKING pc=0x000001eda2a061c4 sp=0x0000005398ffa270
Event: 76.718 Thread 0x000001edfa7afcd0 DEOPT UNPACKING pc=0x000001eda20b4422 sp=0x00000053997f9fc0 mode 2
Event: 76.718 Thread 0x000001edfa7ac850 DEOPT UNPACKING pc=0x000001eda20b4422 sp=0x0000005398ffa210 mode 2
Event: 76.790 Thread 0x000001edfa7ab4a0 DEOPT PACKING pc=0x000001ed9c81444c sp=0x00000053993f9800
Event: 76.790 Thread 0x000001edfa7ab4a0 DEOPT UNPACKING pc=0x000001eda20b4bc2 sp=0x00000053993f8f08 mode 0
Event: 76.796 Thread 0x000001edfd305a20 Uncommon trap: trap_request=0xffffffc6 fr.pc=0x000001eda2babe80 relative=0x0000000000000340
Event: 76.796 Thread 0x000001edfd305a20 Uncommon trap: reason=bimorphic_or_optimized_type_check action=maybe_recompile pc=0x000001eda2babe80 method=java.util.stream.StreamOpFlag.fromCharacteristics(Ljava/util/Spliterator;)I @ 14 c2
Event: 76.796 Thread 0x000001edfd305a20 DEOPT PACKING pc=0x000001eda2babe80 sp=0x00000053986fa200
Event: 76.797 Thread 0x000001edfd305a20 DEOPT UNPACKING pc=0x000001eda20b4422 sp=0x00000053986fa0e8 mode 2

Classes loaded (20 events):
Event: 62.974 Loading class com/sun/org/apache/xerces/internal/dom/CharacterDataImpl$1
Event: 62.974 Loading class com/sun/org/apache/xerces/internal/dom/CharacterDataImpl$1 done
Event: 63.129 Loading class com/sun/org/apache/xerces/internal/dom/CommentImpl
Event: 63.129 Loading class org/w3c/dom/Comment
Event: 63.129 Loading class org/w3c/dom/Comment done
Event: 63.130 Loading class com/sun/org/apache/xerces/internal/dom/CommentImpl done
Event: 63.509 Loading class com/sun/org/apache/xerces/internal/dom/DOMImplementationImpl
Event: 63.509 Loading class org/w3c/dom/DOMImplementation
Event: 63.509 Loading class org/w3c/dom/DOMImplementation done
Event: 63.509 Loading class com/sun/org/apache/xerces/internal/dom/CoreDOMImplementationImpl
Event: 63.510 Loading class org/w3c/dom/ls/DOMImplementationLS
Event: 63.510 Loading class org/w3c/dom/ls/DOMImplementationLS done
Event: 63.510 Loading class com/sun/org/apache/xerces/internal/dom/CoreDOMImplementationImpl done
Event: 63.510 Loading class com/sun/org/apache/xerces/internal/dom/DOMImplementationImpl done
Event: 63.515 Loading class com/sun/org/apache/xerces/internal/dom/DeferredDOMImplementationImpl
Event: 63.515 Loading class com/sun/org/apache/xerces/internal/dom/DeferredDOMImplementationImpl done
Event: 63.598 Loading class com/sun/org/apache/xerces/internal/dom/DeepNodeListImpl
Event: 63.599 Loading class com/sun/org/apache/xerces/internal/dom/DeepNodeListImpl done
Event: 76.664 Loading class java/util/SortedSet$1
Event: 76.668 Loading class java/util/SortedSet$1 done

Classes unloaded (20 events):
Event: 76.368 Thread 0x000001edafc25110 Unloading class 0x000001edb307d400 'java/lang/invoke/LambdaForm$DMH+0x000001edb307d400'
Event: 76.368 Thread 0x000001edafc25110 Unloading class 0x000001edb307d000 'java/lang/invoke/LambdaForm$DMH+0x000001edb307d000'
Event: 76.368 Thread 0x000001edafc25110 Unloading class 0x000001edb307cc00 'java/lang/invoke/LambdaForm$DMH+0x000001edb307cc00'
Event: 76.368 Thread 0x000001edafc25110 Unloading class 0x000001edb307c800 'java/lang/invoke/LambdaForm$DMH+0x000001edb307c800'
Event: 76.368 Thread 0x000001edafc25110 Unloading class 0x000001edb307c000 'java/lang/invoke/LambdaForm$DMH+0x000001edb307c000'
Event: 76.368 Thread 0x000001edafc25110 Unloading class 0x000001edb2fd6000 'java/lang/invoke/LambdaForm$DMH+0x000001edb2fd6000'
Event: 76.368 Thread 0x000001edafc25110 Unloading class 0x000001edb2fd5c00 'java/lang/invoke/LambdaForm$DMH+0x000001edb2fd5c00'
Event: 76.368 Thread 0x000001edafc25110 Unloading class 0x000001edb2fd5800 'java/lang/invoke/LambdaForm$DMH+0x000001edb2fd5800'
Event: 76.368 Thread 0x000001edafc25110 Unloading class 0x000001edb2fd5400 'java/lang/invoke/LambdaForm$DMH+0x000001edb2fd5400'
Event: 76.368 Thread 0x000001edafc25110 Unloading class 0x000001edb2fd5000 'java/lang/invoke/LambdaForm$DMH+0x000001edb2fd5000'
Event: 76.368 Thread 0x000001edafc25110 Unloading class 0x000001edb2fd4800 'java/lang/invoke/LambdaForm$DMH+0x000001edb2fd4800'
Event: 76.368 Thread 0x000001edafc25110 Unloading class 0x000001edb2fd4000 'java/lang/invoke/LambdaForm$DMH+0x000001edb2fd4000'
Event: 76.368 Thread 0x000001edafc25110 Unloading class 0x000001edb2fd4400 'java/lang/invoke/LambdaForm$DMH+0x000001edb2fd4400'
Event: 76.368 Thread 0x000001edafc25110 Unloading class 0x000001edb2f69c00 'java/lang/invoke/LambdaForm$DMH+0x000001edb2f69c00'
Event: 76.368 Thread 0x000001edafc25110 Unloading class 0x000001edb2f69800 'java/lang/invoke/LambdaForm$DMH+0x000001edb2f69800'
Event: 76.368 Thread 0x000001edafc25110 Unloading class 0x000001edb2f69000 'java/lang/invoke/LambdaForm$DMH+0x000001edb2f69000'
Event: 76.368 Thread 0x000001edafc25110 Unloading class 0x000001edb2f69400 'java/lang/invoke/LambdaForm$DMH+0x000001edb2f69400'
Event: 76.368 Thread 0x000001edafc25110 Unloading class 0x000001edb2f68800 'java/lang/invoke/LambdaForm$DMH+0x000001edb2f68800'
Event: 76.368 Thread 0x000001edafc25110 Unloading class 0x000001edb2f68400 'java/lang/invoke/LambdaForm$DMH+0x000001edb2f68400'
Event: 76.368 Thread 0x000001edafc25110 Unloading class 0x000001edb2f68c00 'java/lang/invoke/LambdaForm$DMH+0x000001edb2f68c00'

Classes redefined (0 events):
No events

Internal exceptions (20 events):
Event: 76.754 Thread 0x000001edfa7afcd0 Exception <a 'sun/nio/fs/WindowsException'{0x00000000981bf448}> (0x00000000981bf448) 
thrown [s\src\hotspot\share\prims\jni.cpp, line 537]
Event: 76.766 Thread 0x000001edfd306740 Exception <a 'sun/nio/fs/WindowsException'{0x0000000098010340}> (0x0000000098010340) 
thrown [s\src\hotspot\share\prims\jni.cpp, line 537]
Event: 76.767 Thread 0x000001edfd305a20 Exception <a 'sun/nio/fs/WindowsException'{0x00000000979280a0}> (0x00000000979280a0) 
thrown [s\src\hotspot\share\prims\jni.cpp, line 537]
Event: 76.769 Thread 0x000001edfd306740 Exception <a 'sun/nio/fs/WindowsException'{0x00000000980183e0}> (0x00000000980183e0) 
thrown [s\src\hotspot\share\prims\jni.cpp, line 537]
Event: 76.769 Thread 0x000001edfd305a20 Exception <a 'sun/nio/fs/WindowsException'{0x0000000097931630}> (0x0000000097931630) 
thrown [s\src\hotspot\share\prims\jni.cpp, line 537]
Event: 76.774 Thread 0x000001edfd306740 Exception <a 'sun/nio/fs/WindowsException'{0x0000000097890380}> (0x0000000097890380) 
thrown [s\src\hotspot\share\prims\jni.cpp, line 537]
Event: 76.775 Thread 0x000001edfd305a20 Exception <a 'sun/nio/fs/WindowsException'{0x000000009793a4e8}> (0x000000009793a4e8) 
thrown [s\src\hotspot\share\prims\jni.cpp, line 537]
Event: 76.778 Thread 0x000001edfd306740 Exception <a 'sun/nio/fs/WindowsException'{0x0000000097899348}> (0x0000000097899348) 
thrown [s\src\hotspot\share\prims\jni.cpp, line 537]
Event: 76.781 Thread 0x000001edfd306740 Exception <a 'sun/nio/fs/WindowsException'{0x00000000978b0560}> (0x00000000978b0560) 
thrown [s\src\hotspot\share\prims\jni.cpp, line 537]
Event: 76.785 Thread 0x000001edfd306740 Exception <a 'sun/nio/fs/WindowsException'{0x0000000097604ba0}> (0x0000000097604ba0) 
thrown [s\src\hotspot\share\prims\jni.cpp, line 537]
Event: 76.788 Thread 0x000001edfd306740 Exception <a 'sun/nio/fs/WindowsException'{0x000000009760de70}> (0x000000009760de70) 
thrown [s\src\hotspot\share\prims\jni.cpp, line 537]
Event: 76.793 Thread 0x000001edfdadc100 Exception <a 'sun/nio/fs/WindowsException'{0x000000009762c668}> (0x000000009762c668) 
thrown [s\src\hotspot\share\prims\jni.cpp, line 537]
Event: 76.793 Thread 0x000001edfd306740 Exception <a 'sun/nio/fs/WindowsException'{0x000000009761d288}> (0x000000009761d288) 
thrown [s\src\hotspot\share\prims\jni.cpp, line 537]
Event: 76.797 Thread 0x000001edfd306740 Exception <a 'sun/nio/fs/WindowsException'{0x0000000097448ab0}> (0x0000000097448ab0) 
thrown [s\src\hotspot\share\prims\jni.cpp, line 537]
Event: 76.799 Thread 0x000001edfdadc100 Exception <a 'sun/nio/fs/WindowsException'{0x0000000097637e78}> (0x0000000097637e78) 
thrown [s\src\hotspot\share\prims\jni.cpp, line 537]
Event: 76.800 Thread 0x000001edfd306740 Exception <a 'sun/nio/fs/WindowsException'{0x0000000097453640}> (0x0000000097453640) 
thrown [s\src\hotspot\share\prims\jni.cpp, line 537]
Event: 76.808 Thread 0x000001edfd306740 Exception <a 'sun/nio/fs/WindowsException'{0x000000009745bb80}> (0x000000009745bb80) 
thrown [s\src\hotspot\share\prims\jni.cpp, line 537]
Event: 76.809 Thread 0x000001edfdadc100 Exception <a 'sun/nio/fs/WindowsException'{0x00000000973e0c40}> (0x00000000973e0c40) 
thrown [s\src\hotspot\share\prims\jni.cpp, line 537]
Event: 76.811 Thread 0x000001edfd306740 Exception <a 'sun/nio/fs/WindowsException'{0x0000000097465fd8}> (0x0000000097465fd8) 
thrown [s\src\hotspot\share\prims\jni.cpp, line 537]
Event: 76.817 Thread 0x000001edfd306740 Exception <a 'sun/nio/fs/WindowsException'{0x00000000972a5600}> (0x00000000972a5600) 
thrown [s\src\hotspot\share\prims\jni.cpp, line 537]

ZGC Phase Switch (0 events):
No events

VM Operations (20 events):
Event: 74.876 Executing VM operation: HandshakeAllThreads (Deoptimize) done
Event: 74.945 Executing VM operation: G1CollectForAllocation (G1 Evacuation Pause)
Event: 75.022 Executing VM operation: G1CollectForAllocation (G1 Evacuation Pause) done
Event: 75.053 Executing VM operation: HandshakeAllThreads (Deoptimize)
Event: 75.061 Executing VM operation: HandshakeAllThreads (Deoptimize) done
Event: 75.099 Executing VM operation: HandshakeAllThreads (Deoptimize)
Event: 75.106 Executing VM operation: HandshakeAllThreads (Deoptimize) done
Event: 75.471 Executing VM operation: HandshakeAllThreads (Deoptimize)
Event: 75.473 Executing VM operation: HandshakeAllThreads (Deoptimize) done
Event: 75.529 Executing VM operation: HandshakeAllThreads (Deoptimize)
Event: 75.530 Executing VM operation: HandshakeAllThreads (Deoptimize) done
Event: 75.539 Executing VM operation: HandshakeAllThreads (Deoptimize)
Event: 75.546 Executing VM operation: HandshakeAllThreads (Deoptimize) done
Event: 75.676 Executing VM operation: G1CollectForAllocation (G1 Evacuation Pause)
Event: 75.760 Executing VM operation: G1CollectForAllocation (G1 Evacuation Pause) done
Event: 76.351 Executing VM operation: G1PauseRemark
Event: 76.531 Executing VM operation: G1PauseRemark done
Event: 76.674 Executing VM operation: HandshakeAllThreads (Deoptimize)
Event: 76.685 Executing VM operation: HandshakeAllThreads (Deoptimize) done
Event: 76.817 Executing VM operation: G1CollectForAllocation (G1 Evacuation Pause)

Memory protections (0 events):
No events

Nmethod flushes (20 events):
Event: 76.525 Thread 0x000001edafc25110 flushing  nmethod 0x000001eda2d90d90
Event: 76.525 Thread 0x000001edafc25110 flushing  nmethod 0x000001ed9aee5490
Event: 76.525 Thread 0x000001edafc25110 flushing  nmethod 0x000001ed9afa8a10
Event: 76.525 Thread 0x000001edafc25110 flushing  nmethod 0x000001ed9afb1290
Event: 76.525 Thread 0x000001edafc25110 flushing  nmethod 0x000001ed9ba27d90
Event: 76.525 Thread 0x000001edafc25110 flushing  nmethod 0x000001ed9bf00490
Event: 76.525 Thread 0x000001edafc25110 flushing  nmethod 0x000001ed9bf00890
Event: 76.525 Thread 0x000001edafc25110 flushing  nmethod 0x000001ed9c120d10
Event: 76.525 Thread 0x000001edafc25110 flushing  nmethod 0x000001ed9c124210
Event: 76.525 Thread 0x000001edafc25110 flushing  nmethod 0x000001ed9c127f10
Event: 76.525 Thread 0x000001edafc25110 flushing  nmethod 0x000001ed9c42b010
Event: 76.525 Thread 0x000001edafc25110 flushing  nmethod 0x000001ed9c42b410
Event: 76.525 Thread 0x000001edafc25110 flushing  nmethod 0x000001ed9c42ba10
Event: 76.525 Thread 0x000001edafc25110 flushing  nmethod 0x000001ed9c42c190
Event: 76.525 Thread 0x000001edafc25110 flushing  nmethod 0x000001ed9c47db90
Event: 76.525 Thread 0x000001edafc25110 flushing  nmethod 0x000001ed9c47eb90
Event: 76.525 Thread 0x000001edafc25110 flushing  nmethod 0x000001ed9c4f1d90
Event: 76.525 Thread 0x000001edafc25110 flushing  nmethod 0x000001ed9c4f7d90
Event: 76.525 Thread 0x000001edafc25110 flushing  nmethod 0x000001ed9c4f8610
Event: 76.525 Thread 0x000001edafc25110 flushing  nmethod 0x000001ed9c547110

Events (20 events):
Event: 65.323 Thread 0x000001edfdadc100 Thread added: 0x000001edfd6deb30
Event: 65.325 Thread 0x000001edfdadc100 Thread added: 0x000001edfd6e2cd0
Event: 65.327 Thread 0x000001edfdadc100 Thread added: 0x000001edfd6e4710
Event: 65.328 Thread 0x000001edfdadc100 Thread added: 0x000001edfd6e1fb0
Event: 65.330 Thread 0x000001edfdadc100 Thread added: 0x000001edfd6e3360
Event: 65.336 Thread 0x000001edfdadc100 Thread added: 0x000001edfd6e2640
Event: 65.338 Thread 0x000001edfdadc100 Thread added: 0x000001edfd6e4080
Event: 65.340 Thread 0x000001edfdadc100 Thread added: 0x000001edfd6e39f0
Event: 65.344 Thread 0x000001edfdadc100 Thread added: 0x000001edfd6e1920
Event: 65.346 Thread 0x000001edfdadc100 Thread added: 0x000001edfd6e1290
Event: 65.610 Thread 0x000001edfdadc100 Thread added: 0x000001edfd6e4da0
Event: 65.611 Thread 0x000001edfdadc100 Thread added: 0x000001edfd562d30
Event: 65.613 Thread 0x000001edfdadc100 Thread added: 0x000001edfd566ed0
Event: 65.616 Thread 0x000001edfdadc100 Thread added: 0x000001edfd5661b0
Event: 65.620 Thread 0x000001edfdadc100 Thread added: 0x000001edfd566840
Event: 65.623 Thread 0x000001edfdadc100 Thread added: 0x000001edfd5633c0
Event: 65.627 Thread 0x000001edfdadc100 Thread added: 0x000001edfd567560
Event: 65.640 Thread 0x000001edfdadc100 Thread added: 0x000001edfd6e5430
Event: 65.643 Thread 0x000001edfdadc100 Thread added: 0x000001edfa223340
Event: 70.353 Thread 0x000001edf60022e0 Thread added: 0x000001edf6102d00


Dynamic libraries:
0x00007ff61f6f0000 - 0x00007ff61f6fa000 	C:\Users\prott\.jdks\jbr-21.0.9\bin\java.exe
0x00007ff9d2d60000 - 0x00007ff9d2fc7000 	C:\WINDOWS\SYSTEM32\ntdll.dll
0x00007ff9d2170000 - 0x00007ff9d2239000 	C:\WINDOWS\System32\KERNEL32.DLL
0x00007ff9d0560000 - 0x00007ff9d094f000 	C:\WINDOWS\System32\KERNELBASE.dll
0x00007ff9cffe0000 - 0x00007ff9d012b000 	C:\WINDOWS\System32\ucrtbase.dll
0x00007ff9bda10000 - 0x00007ff9bda2b000 	C:\Users\prott\.jdks\jbr-21.0.9\bin\VCRUNTIME140.dll
0x00007ff9bd9f0000 - 0x00007ff9bda08000 	C:\Users\prott\.jdks\jbr-21.0.9\bin\jli.dll
0x00007ff9d28c0000 - 0x00007ff9d2a85000 	C:\WINDOWS\System32\USER32.dll
0x00007ff9d0a20000 - 0x00007ff9d0a47000 	C:\WINDOWS\System32\win32u.dll
0x00007ff9d0d80000 - 0x00007ff9d0dab000 	C:\WINDOWS\System32\GDI32.dll
0x00007ff9bbd30000 - 0x00007ff9bbfc3000 	C:\WINDOWS\WinSxS\amd64_microsoft.windows.common-controls_6595b64144ccf1df_6.0.26100.7309_none_3e05feeae336a044\COMCTL32.dll
0x00007ff9cfeb0000 - 0x00007ff9cffdc000 	C:\WINDOWS\System32\gdi32full.dll
0x00007ff9d0b00000 - 0x00007ff9d0ba9000 	C:\WINDOWS\System32\msvcrt.dll
0x00007ff9d0a50000 - 0x00007ff9d0af3000 	C:\WINDOWS\System32\msvcp_win.dll
0x00007ff9d26d0000 - 0x00007ff9d2701000 	C:\WINDOWS\System32\IMM32.DLL
0x00007ff9b72b0000 - 0x00007ff9b739b000 	F:\windhawk\installation\Windhawk\Engine\1.5.1\64\windhawk.dll
0x00007ff9d15c0000 - 0x00007ff9d1674000 	C:\WINDOWS\System32\ADVAPI32.dll
0x00007ff9d1f10000 - 0x00007ff9d1fb6000 	C:\WINDOWS\System32\sechost.dll
0x00007ff9d27a0000 - 0x00007ff9d28b8000 	C:\WINDOWS\System32\RPCRT4.dll
0x00007ff9c8300000 - 0x00007ff9c8428000 	C:\WINDOWS\SYSTEM32\WINHTTP.dll
0x00007ff9bf8f0000 - 0x00007ff9bf8fc000 	C:\Users\prott\.jdks\jbr-21.0.9\bin\vcruntime140_1.dll
0x00007ff9ad330000 - 0x00007ff9ad3bd000 	C:\Users\prott\.jdks\jbr-21.0.9\bin\msvcp140.dll
0x00007ff983140000 - 0x00007ff983f0d000 	C:\Users\prott\.jdks\jbr-21.0.9\bin\server\jvm.dll
0x00007ff9d2650000 - 0x00007ff9d26c4000 	C:\WINDOWS\System32\WS2_32.dll
0x00007ff9cfd10000 - 0x00007ff9cfd6e000 	C:\WINDOWS\SYSTEM32\POWRPROF.dll
0x00007ff9c43e0000 - 0x00007ff9c4415000 	C:\WINDOWS\SYSTEM32\WINMM.dll
0x00007ff9c86a0000 - 0x00007ff9c86ab000 	C:\WINDOWS\SYSTEM32\VERSION.dll
0x00007ff9cfcf0000 - 0x00007ff9cfd04000 	C:\WINDOWS\SYSTEM32\UMPDC.dll
0x00007ff9cec40000 - 0x00007ff9cec5b000 	C:\WINDOWS\SYSTEM32\kernel.appcore.dll
0x00007ff9bdc00000 - 0x00007ff9bdc0a000 	C:\Users\prott\.jdks\jbr-21.0.9\bin\jimage.dll
0x00007ff9c5830000 - 0x00007ff9c5a72000 	C:\WINDOWS\SYSTEM32\DBGHELP.DLL
0x00007ff9d2240000 - 0x00007ff9d25c5000 	C:\WINDOWS\System32\combase.dll
0x00007ff9d1680000 - 0x00007ff9d1756000 	C:\WINDOWS\System32\OLEAUT32.dll
0x00007ff9cccb0000 - 0x00007ff9cccec000 	C:\WINDOWS\SYSTEM32\dbgcore.DLL
0x000001ed94d60000 - 0x000001ed94e05000 	C:\WINDOWS\System32\bcryptPrimitives.dll
0x00007ff9bd9e0000 - 0x00007ff9bd9ee000 	C:\Users\prott\.jdks\jbr-21.0.9\bin\instrument.dll
0x00007ff9bd5d0000 - 0x00007ff9bd5f0000 	C:\Users\prott\.jdks\jbr-21.0.9\bin\java.dll
0x00007ff9d0db0000 - 0x00007ff9d1503000 	C:\WINDOWS\System32\SHELL32.dll
0x00007ff9d01c0000 - 0x00007ff9d032a000 	C:\WINDOWS\System32\wintypes.dll
0x00007ff9cda70000 - 0x00007ff9ce2ce000 	C:\WINDOWS\SYSTEM32\windows.storage.dll
0x00007ff9d0c70000 - 0x00007ff9d0d65000 	C:\WINDOWS\System32\SHCORE.dll
0x00007ff9d1550000 - 0x00007ff9d15b6000 	C:\WINDOWS\System32\shlwapi.dll
0x00007ff9cfdd0000 - 0x00007ff9cfdf9000 	C:\WINDOWS\SYSTEM32\profapi.dll
0x00007ff9891b0000 - 0x00007ff989287000 	C:\Users\prott\.jdks\jbr-21.0.9\bin\jsvml.dll
0x00007ff9bcee0000 - 0x00007ff9bcef8000 	C:\Users\prott\.jdks\jbr-21.0.9\bin\zip.dll
0x00007ff9bd770000 - 0x00007ff9bd780000 	C:\Users\prott\.jdks\jbr-21.0.9\bin\net.dll
0x00007ff9cf1d0000 - 0x00007ff9cf23b000 	C:\WINDOWS\system32\mswsock.dll
0x00007ff9b5370000 - 0x00007ff9b5386000 	C:\Users\prott\.jdks\jbr-21.0.9\bin\nio.dll
0x00007ff9bd390000 - 0x00007ff9bd3a0000 	C:\Users\prott\.jdks\jbr-21.0.9\bin\verify.dll
0x00007ff9c7d30000 - 0x00007ff9c7d57000 	C:\Users\prott\.gradle\native\1def1411415f61bf3af743bc5b6707747c0891f09f0c88961ee8f79bc544acac\windows-amd64\native-platform.dll
0x00007ff9a3830000 - 0x00007ff9a38a8000 	C:\Users\prott\.gradle\native\0.2.7\x86_64-windows-gnu\gradle-fileevents.dll
0x00007ff9bd310000 - 0x00007ff9bd319000 	C:\Users\prott\.jdks\jbr-21.0.9\bin\management.dll
0x00007ff9b6d50000 - 0x00007ff9b6d5b000 	C:\Users\prott\.jdks\jbr-21.0.9\bin\management_ext.dll
0x00007ff9d0d70000 - 0x00007ff9d0d78000 	C:\WINDOWS\System32\PSAPI.DLL
0x00007ff9ce610000 - 0x00007ff9ce644000 	C:\WINDOWS\SYSTEM32\IPHLPAPI.DLL
0x00007ff9d1510000 - 0x00007ff9d151a000 	C:\WINDOWS\System32\NSI.dll
0x00007ff9b6d40000 - 0x00007ff9b6d49000 	C:\Users\prott\.jdks\jbr-21.0.9\bin\extnet.dll
0x00007ff9cf510000 - 0x00007ff9cf52b000 	C:\WINDOWS\SYSTEM32\CRYPTSP.dll
0x00007ff9ceb90000 - 0x00007ff9cebca000 	C:\WINDOWS\system32\rsaenh.dll
0x00007ff9cf280000 - 0x00007ff9cf2ab000 	C:\WINDOWS\SYSTEM32\USERENV.dll
0x00007ff9cfda0000 - 0x00007ff9cfdca000 	C:\WINDOWS\SYSTEM32\bcrypt.dll
0x00007ff9cf500000 - 0x00007ff9cf50c000 	C:\WINDOWS\SYSTEM32\CRYPTBASE.dll
0x00007ff9b6d30000 - 0x00007ff9b6d3e000 	C:\Users\prott\.jdks\jbr-21.0.9\bin\sunmscapi.dll
0x00007ff9d0330000 - 0x00007ff9d04a7000 	C:\WINDOWS\System32\CRYPT32.dll
0x00007ff9cf720000 - 0x00007ff9cf750000 	C:\WINDOWS\SYSTEM32\ncrypt.dll
0x00007ff9cf6d0000 - 0x00007ff9cf70f000 	C:\WINDOWS\SYSTEM32\NTASN1.dll
0x00007ff9b6dc0000 - 0x00007ff9b6dc8000 	C:\WINDOWS\system32\wshunix.dll

JVMTI agents:
C:\Users\prott\.gradle\wrapper\dists\gradle-8.13-bin\5xuhj0ry160q40clulazy9h7d\gradle-8.13\lib\agents\gradle-instrumentation-agent-8.13.jar path:C:\Users\prott\.jdks\jbr-21.0.9\bin\instrument.dll, loaded, initialized, instrumentlib options:none

dbghelp: loaded successfully - version: 4.0.5 - missing functions: none
symbol engine: initialized successfully - sym options: 0x614 - pdb path: .;C:\Users\prott\.jdks\jbr-21.0.9\bin;C:\WINDOWS\SYSTEM32;C:\WINDOWS\WinSxS\amd64_microsoft.windows.common-controls_6595b64144ccf1df_6.0.26100.7309_none_3e05feeae336a044;F:\windhawk\installation\Windhawk\Engine\1.5.1\64;C:\Users\prott\.jdks\jbr-21.0.9\bin\server;C:\Users\prott\.gradle\native\1def1411415f61bf3af743bc5b6707747c0891f09f0c88961ee8f79bc544acac\windows-amd64;C:\Users\prott\.gradle\native\0.2.7\x86_64-windows-gnu

VM Arguments:
jvm_args: --add-opens=java.base/java.lang=ALL-UNNAMED --add-opens=java.base/java.lang.invoke=ALL-UNNAMED --add-opens=java.base/java.util=ALL-UNNAMED --add-opens=java.prefs/java.util.prefs=ALL-UNNAMED --add-exports=jdk.compiler/com.sun.tools.javac.api=ALL-UNNAMED --add-exports=jdk.compiler/com.sun.tools.javac.util=ALL-UNNAMED --add-opens=java.base/java.util=ALL-UNNAMED --add-opens=java.prefs/java.util.prefs=ALL-UNNAMED --add-opens=java.base/java.nio.charset=ALL-UNNAMED --add-opens=java.base/java.net=ALL-UNNAMED --add-opens=java.base/java.util.concurrent.atomic=ALL-UNNAMED --add-opens=java.xml/javax.xml.namespace=ALL-UNNAMED -Xmx2048m -Dfile.encoding=UTF-8 -Duser.country=US -Duser.language=en -Duser.variant -javaagent:C:\Users\prott\.gradle\wrapper\dists\gradle-8.13-bin\5xuhj0ry160q40clulazy9h7d\gradle-8.13\lib\agents\gradle-instrumentation-agent-8.13.jar 
java_command: org.gradle.launcher.daemon.bootstrap.GradleDaemon 8.13
java_class_path (initial): C:\Users\prott\.gradle\wrapper\dists\gradle-8.13-bin\5xuhj0ry160q40clulazy9h7d\gradle-8.13\lib\gradle-daemon-main-8.13.jar
Launcher Type: SUN_STANDARD

[Global flags]
     intx CICompilerCount                          = 12                                        {product} {ergonomic}
     uint ConcGCThreads                            = 3                                         {product} {ergonomic}
     uint G1ConcRefinementThreads                  = 13                                        {product} {ergonomic}
   size_t G1HeapRegionSize                         = 1048576                                   {product} {ergonomic}
    uintx GCDrainStackTargetSize                   = 64                                        {product} {ergonomic}
   size_t InitialHeapSize                          = 125829120                                 {product} {ergonomic}
   size_t MarkStackSize                            = 4194304                                   {product} {ergonomic}
   size_t MaxHeapSize                              = 2147483648                                {product} {command line}
   size_t MaxNewSize                               = 1287651328                                {product} {ergonomic}
   size_t MinHeapDeltaBytes                        = 1048576                                   {product} {ergonomic}
   size_t MinHeapSize                              = 8388608                                   {product} {ergonomic}
    uintx NonNMethodCodeHeapSize                   = 7602480                                {pd product} {ergonomic}
    uintx NonProfiledCodeHeapSize                  = 122027880                              {pd product} {ergonomic}
    uintx ProfiledCodeHeapSize                     = 122027880                              {pd product} {ergonomic}
    uintx ReservedCodeCacheSize                    = 251658240                              {pd product} {ergonomic}
     bool SegmentedCodeCache                       = true                                      {product} {ergonomic}
   size_t SoftMaxHeapSize                          = 2147483648                             {manageable} {ergonomic}
     bool UseCompressedOops                        = true                           {product lp64_product} {ergonomic}
     bool UseG1GC                                  = true                                      {product} {ergonomic}
     bool UseLargePagesIndividualAllocation        = false                                  {pd product} {ergonomic}

Logging:
Log output configuration:
 #0: stdout all=warning uptime,level,tags foldmultilines=false
 #1: stderr all=off uptime,level,tags foldmultilines=false

Release file:
JAVA_VERSION="21.0.9" 
MODULES="java.base java.compiler java.datatransfer java.xml java.prefs java.desktop java.instrument java.logging java.management java.security.sasl java.naming java.rmi java.management.rmi java.net.http java.scripting java.security.jgss java.transaction.xa java.sql java.sql.rowset java.xml.crypto java.se java.smartcardio jdk.accessibility jdk.internal.jvmstat jdk.attach jdk.charsets jdk.internal.opt jdk.zipfs jdk.compiler jdk.crypto.ec jdk.crypto.cryptoki jdk.crypto.mscapi jdk.dynalink jdk.internal.ed jdk.editpad jdk.hotspot.agent jdk.httpserver jdk.incubator.vector jdk.internal.le jdk.internal.vm.ci jdk.internal.vm.compiler jdk.internal.vm.compiler.management jdk.jartool jdk.javadoc jdk.jcmd jdk.management jdk.management.agent jdk.jconsole jdk.jdeps jdk.jdwp.agent jdk.jdi jdk.jfr jdk.jlink jdk.jpackage jdk.jshell jdk.jsobject jdk.jstatd jdk.localedata jdk.management.jfr jdk.naming.dns jdk.naming.rmi jdk.net jdk.nio.mapmode jdk.random jdk.sctp jdk.security.auth jdk.security.jgss jdk.unsupported jdk.unsupported.desktop jdk.xml.dom" 
IMPLEMENTOR="JetBrains s.r.o." 
IMPLEMENTOR_VERSION="JBRSDK-21.0.9+1-1163.91-nomod" 
JAVA_RUNTIME_VERSION="21.0.9+1-b1163.91" 
LIBC="default" 
OS_ARCH="x86_64" 
OS_NAME="Windows" 
SOURCE=".:git:eb237f30572d+" 

Environment Variables:
PATH=c:\Users\prott\AppData\Roaming\Code\User\globalStorage\github.copilot-chat\debugCommand;c:\Users\prott\AppData\Roaming\Code\User\globalStorage\github.copilot-chat\copilotCli;C:\Program Files\Common Files\Oracle\Java\javapath;C:\Program Files (x86)\Common Files\Oracle\Java\java8path;C:\Program Files (x86)\Common Files\Oracle\Java\javapath;C:\WINDOWS\system32;C:\WINDOWS;C:\WINDOWS\System32\Wbem;C:\WINDOWS\System32\WindowsPowerShell\v1.0\;C:\WINDOWS\System32\OpenSSH\;C:\Program Files (x86)\Windows Kits\8.1\Windows Performance Toolkit\;C:\Program Files\dotnet\;E:\GIT\install\Git\cmd;C:\platform-tools;C:\Users\prott\AppData\Local\Microsoft\WindowsApps;C:\Users\prott\AppData\Local\Muse Hub\lib;F:\VS Code\Installation\Microsoft VS Code\bin
USERNAME=prott
LANG=en_US.UTF-8
OS=Windows_NT
PROCESSOR_IDENTIFIER=AMD64 Family 23 Model 96 Stepping 1, AuthenticAMD
TMP=C:\Users\prott\AppData\Local\Temp
TEMP=C:\Users\prott\AppData\Local\Temp




Periodic native trim disabled

JNI global refs:
JNI global refs: 36, weak refs: 251

JNI global refs memory usage: 835, weak refs: 2729

Process memory usage:
Resident Set Size: 799160K (10% of 7781216K total physical memory with 128540K free physical memory)

OOME stack traces (most recent first):
Classloader memory used:
Loader org.gradle.internal.classloader.VisitableURLClassLoader$InstrumentingVisitableURLClassLoader: 46231K
Loader org.gradle.internal.classloader.VisitableURLClassLoader                         : 42376K
Loader bootstrap                                                                       : 13732K
Loader org.gradle.initialization.MixInLegacyTypesClassLoader                           : 11697K
Loader jdk.internal.loader.ClassLoaders$PlatformClassLoader                            : 585K
Loader jdk.internal.loader.ClassLoaders$AppClassLoader                                 : 236K
Loader org.gradle.internal.classloader.VisitableURLClassLoader                         : 165K
Loader jdk.internal.reflect.DelegatingClassLoader                                      : 163K

Classes loaded by more than one classloader:
Class Program                                                                         : loaded 5 times (x 72B)
Class Build_gradle                                                                    : loaded 3 times (x 130B)
Class Build_gradle$1                                                                  : loaded 3 times (x 74B)
Class com.google.common.collect.RegularImmutableMap$KeySet                            : loaded 2 times (x 152B)
Class org.gradle.internal.classloader.FilteringClassLoader                            : loaded 2 times (x 105B)
Class com.google.common.io.FileWriteMode                                              : loaded 2 times (x 79B)
Class com.google.common.base.CharMatcher$IsEither                                     : loaded 2 times (x 111B)
Class org.gradle.internal.classloader.ClassLoaderHierarchy                            : loaded 2 times (x 70B)
Class com.google.common.collect.AbstractMapBasedMultimap$WrappedCollection            : loaded 2 times (x 124B)
Class com.google.common.collect.ImmutableEnumSet                                      : loaded 2 times (x 146B)
Class com.google.common.util.concurrent.ExecutionError                                : loaded 2 times (x 82B)
Class com.google.common.collect.ImmutableList$1                                       : loaded 2 times (x 97B)
Class org.gradle.api.internal.classpath.ManifestUtil                                  : loaded 2 times (x 71B)
Class com.google.common.io.ByteArrayDataOutput                                        : loaded 2 times (x 70B)
Class com.google.common.collect.RegularImmutableMap                                   : loaded 2 times (x 121B)
Class com.google.common.collect.ImmutableMap$MapViewOfValuesAsSingletonSets           : loaded 2 times (x 126B)
Class [Lorg.objectweb.asm.Symbol;                                                     : loaded 2 times (x 69B)
Class org.objectweb.asm.ClassVisitor                                                  : loaded 2 times (x 88B)
Class com.google.common.collect.UnmodifiableListIterator                              : loaded 2 times (x 95B)
Class com.google.common.base.Platform$JdkPatternCompiler                              : loaded 2 times (x 75B)
Class org.objectweb.asm.MethodTooLargeException                                       : loaded 2 times (x 83B)
Class [Lcom.google.common.cache.CacheBuilder$OneWeigher;                              : loaded 2 times (x 69B)
Class com.google.common.base.Suppliers                                                : loaded 2 times (x 71B)
Class org.gradle.internal.classloader.DefaultClassLoaderFactory                       : loaded 2 times (x 82B)
Class org.gradle.internal.classloader.ClassLoaderVisitor                              : loaded 2 times (x 76B)
Class [Lcom.google.common.collect.ImmutableMapEntry;                                  : loaded 2 times (x 69B)
Class org.gradle.api.internal.classpath.EffectiveClassPath                            : loaded 2 times (x 90B)
Class com.google.common.collect.ListMultimap                                          : loaded 2 times (x 70B)
Class com.google.common.collect.ImmutableEnumMap                                      : loaded 2 times (x 126B)
Class com.google.common.collect.Sets$1                                                : loaded 2 times (x 139B)
Class org.objectweb.asm.AnnotationVisitor                                             : loaded 2 times (x 78B)
Class org.gradle.api.internal.DefaultClassPathProvider                                : loaded 2 times (x 76B)
Class com.google.common.collect.Maps$ViewCachingAbstractMap                           : loaded 2 times (x 125B)
Class com.google.common.collect.Sets$2                                                : loaded 2 times (x 139B)
Class [Lorg.gradle.api.internal.ClassPathProvider;                                    : loaded 2 times (x 69B)
Class org.gradle.api.internal.ClassPathProvider                                       : loaded 2 times (x 70B)
Class [Lorg.objectweb.asm.AnnotationVisitor;                                          : loaded 2 times (x 69B)
Class com.google.common.collect.Sets$3                                                : loaded 2 times (x 139B)
Class com.google.common.util.concurrent.AbstractFuture$SafeAtomicHelper               : loaded 2 times (x 79B)
Class com.google.common.cache.LocalCache$LocalLoadingCache                            : loaded 2 times (x 134B)
Class org.gradle.internal.service.UnknownServiceException                             : loaded 2 times (x 83B)
Class com.google.common.io.ByteArrayDataInput                                         : loaded 2 times (x 70B)
Class com.google.common.collect.Sets$4                                                : loaded 2 times (x 139B)
Class org.objectweb.asm.ModuleVisitor                                                 : loaded 2 times (x 81B)
Class com.google.common.cache.LocalCache$Strength$1                                   : loaded 2 times (x 81B)
Class com.google.common.util.concurrent.SettableFuture                                : loaded 2 times (x 114B)
Class com.google.common.cache.LocalCache$Strength$2                                   : loaded 2 times (x 81B)
Class com.google.common.io.ByteStreams                                                : loaded 2 times (x 71B)
Class com.google.common.cache.LocalCache$Strength$3                                   : loaded 2 times (x 81B)
Class com.google.common.collect.MapDifference                                         : loaded 2 times (x 70B)
Class org.objectweb.asm.FieldWriter                                                   : loaded 2 times (x 78B)
Class com.google.common.cache.CacheBuilder$NullListener                               : loaded 2 times (x 82B)
Class org.gradle.internal.classpath.TransformedClassPath                              : loaded 2 times (x 96B)
Class org.gradle.internal.classloader.InstrumentingClassLoader                        : loaded 2 times (x 70B)
Class com.google.common.collect.ImmutableListMultimap                                 : loaded 2 times (x 176B)
Class com.google.common.cache.CacheLoader$FunctionToCacheLoader                       : loaded 2 times (x 75B)
Class com.google.common.collect.Iterators$ArrayItr                                    : loaded 2 times (x 97B)
Class com.google.common.collect.ImmutableCollection$Builder                           : loaded 2 times (x 76B)
Class com.google.common.collect.EmptyImmutableListMultimap                            : loaded 2 times (x 176B)
Class com.google.common.collect.BaseImmutableMultimap                                 : loaded 2 times (x 123B)
Class com.google.common.base.Joiner                                                   : loaded 2 times (x 79B)
Class com.google.common.base.MoreObjects                                              : loaded 2 times (x 71B)
Class com.google.common.collect.Platform                                              : loaded 2 times (x 71B)
Class [Lorg.objectweb.asm.Type;                                                       : loaded 2 times (x 69B)
Class com.google.common.collect.UnmodifiableIterator                                  : loaded 2 times (x 80B)
Class org.gradle.internal.service.ServiceLocator                                      : loaded 2 times (x 70B)
Class com.google.common.collect.SingletonImmutableBiMap                               : loaded 2 times (x 143B)
Class com.google.common.base.Ascii                                                    : loaded 2 times (x 71B)
Class com.google.common.cache.LocalCache$1                                            : loaded 2 times (x 89B)
Class com.google.common.collect.AbstractMapEntry                                      : loaded 2 times (x 81B)
Class com.google.common.collect.Sets$ImprovedAbstractSet                              : loaded 2 times (x 135B)
Class com.google.common.collect.ImmutableList$Builder                                 : loaded 2 times (x 77B)
Class com.google.common.collect.AbstractMultimap                                      : loaded 2 times (x 123B)
Class com.google.common.cache.LocalCache$2                                            : loaded 2 times (x 142B)
Class com.google.common.util.concurrent.AbstractFuture$UnsafeAtomicHelper$1           : loaded 2 times (x 76B)
Class com.google.common.collect.RegularImmutableAsList                                : loaded 2 times (x 217B)
Class com.google.common.base.Optional                                                 : loaded 2 times (x 80B)
Class com.google.common.util.concurrent.AbstractFuture$Trusted                        : loaded 2 times (x 70B)
Class com.google.common.collect.Iterators                                             : loaded 2 times (x 71B)
Class com.google.common.io.ByteSink$AsCharSink                                        : loaded 2 times (x 80B)
Class com.google.common.collect.Lists$StringAsImmutableList                           : loaded 2 times (x 207B)
Class com.google.common.util.concurrent.UncheckedExecutionException                   : loaded 2 times (x 82B)
Class org.gradle.kotlin.dsl.VersionCatalogAccessorsKt                                 : loaded 2 times (x 71B)
Class org.gradle.internal.InternalTransformer                                         : loaded 2 times (x 70B)
Class com.google.common.collect.AbstractMapBasedMultimap$KeySet$1                     : loaded 2 times (x 82B)
Class org.objectweb.asm.ClassWriter                                                   : loaded 2 times (x 106B)
Class com.google.common.base.CharMatcher$And                                          : loaded 2 times (x 112B)
Class com.google.common.cache.CacheLoader$UnsupportedLoadingOperationException        : loaded 2 times (x 82B)
Class org.gradle.internal.classloader.ClasspathUtil$1                                 : loaded 2 times (x 76B)
Class com.google.common.base.Objects                                                  : loaded 2 times (x 71B)
Class org.objectweb.asm.FieldVisitor                                                  : loaded 2 times (x 77B)
Class com.google.common.collect.IndexedImmutableSet                                   : loaded 2 times (x 152B)
Class com.google.common.collect.ImmutableMap$1                                        : loaded 2 times (x 81B)
Class com.google.common.collect.BiMap                                                 : loaded 2 times (x 70B)
Class org.gradle.api.internal.classpath.DefaultModuleRegistry$DefaultModule           : loaded 2 times (x 86B)
Class com.google.common.primitives.Ints                                               : loaded 2 times (x 71B)
Class com.google.common.collect.AbstractIterator                                      : loaded 2 times (x 82B)
Class com.google.common.collect.ObjectArrays                                          : loaded 2 times (x 71B)
Class com.google.common.collect.Multiset                                              : loaded 2 times (x 70B)
Class com.google.common.collect.ArrayListMultimapGwtSerializationDependencies         : loaded 2 times (x 172B)
Class com.google.common.base.Equivalence$Identity                                     : loaded 2 times (x 82B)
Class com.google.common.math.MathPreconditions                                        : loaded 2 times (x 71B)
Class com.google.common.collect.ImmutableMapEntrySet                                  : loaded 2 times (x 152B)
Class org.gradle.api.internal.classpath.Module                                        : loaded 2 times (x 70B)
Class com.google.common.cache.Weigher                                                 : loaded 2 times (x 70B)
Class org.gradle.api.internal.classpath.UnknownModuleException                        : loaded 2 times (x 82B)
Class com.google.common.base.Stopwatch                                                : loaded 2 times (x 72B)
Class com.google.common.cache.LocalCache$Strength                                     : loaded 2 times (x 81B)
Class com.google.common.cache.Cache                                                   : loaded 2 times (x 70B)
Class com.google.common.io.Files$2                                                    : loaded 2 times (x 76B)
Class com.google.common.io.AppendableWriter                                           : loaded 2 times (x 100B)
Class com.google.common.base.NullnessCasts                                            : loaded 2 times (x 71B)
Class com.google.common.util.concurrent.AbstractFuture$Cancellation                   : loaded 2 times (x 72B)
Class com.google.common.collect.ImmutableMap$Builder                                  : loaded 2 times (x 82B)
Class com.google.common.base.Present                                                  : loaded 2 times (x 81B)
Class com.google.common.cache.RemovalListener                                         : loaded 2 times (x 70B)
Class org.gradle.api.internal.DefaultClassPathRegistry                                : loaded 2 times (x 76B)
Class com.google.common.collect.ImmutableMultimap$Keys                                : loaded 2 times (x 166B)
Class com.google.common.primitives.IntsMethodsForWeb                                  : loaded 2 times (x 71B)
Class com.google.common.collect.Multimap                                              : loaded 2 times (x 70B)
Class org.gradle.api.internal.ClassPathRegistry                                       : loaded 2 times (x 70B)
Class org.gradle.internal.classpath.DefaultClassPath$ImmutableUniqueList              : loaded 2 times (x 199B)
Class com.google.common.base.ExtraObjectsMethodsForWeb                                : loaded 2 times (x 71B)
Class com.google.common.base.PairwiseEquivalence                                      : loaded 2 times (x 83B)
Class com.google.common.io.ByteSink                                                   : loaded 2 times (x 76B)
Class com.google.common.cache.CacheBuilder                                            : loaded 2 times (x 72B)
Class com.google.common.collect.SingletonImmutableList                                : loaded 2 times (x 207B)
Class Settings_gradle$1                                                               : loaded 2 times (x 74B)
Class org.gradle.internal.classpath.ClassPath                                         : loaded 2 times (x 70B)
Class org.gradle.api.UncheckedIOException                                             : loaded 2 times (x 82B)
Class com.google.common.io.Files$FileByteSource                                       : loaded 2 times (x 85B)
Class com.google.common.base.JdkPattern                                               : loaded 2 times (x 75B)
Class com.google.common.collect.ImmutableList$ReverseImmutableList                    : loaded 2 times (x 209B)
Class com.google.common.io.CharStreams$NullWriter                                     : loaded 2 times (x 99B)
Class org.objectweb.asm.SymbolTable$Entry                                             : loaded 2 times (x 74B)
Class com.google.common.util.concurrent.AbstractFuture$AtomicHelper                   : loaded 2 times (x 78B)
Class org.objectweb.asm.Edge                                                          : loaded 2 times (x 72B)
Class com.google.common.base.Suppliers$SupplierOfInstance                             : loaded 2 times (x 79B)
Class com.google.common.collect.Iterators$1                                           : loaded 2 times (x 81B)
Class com.google.common.cache.LocalCache$ComputingValueReference                      : loaded 2 times (x 96B)
Class com.google.common.collect.SingletonImmutableSet                                 : loaded 2 times (x 146B)
Class com.google.common.collect.ImmutableMap$IteratorBasedImmutableMap                : loaded 2 times (x 126B)
Class com.google.common.cache.LocalCache$Segment                                      : loaded 2 times (x 154B)
Class com.google.common.collect.AbstractListMultimap                                  : loaded 2 times (x 172B)
Class [Lorg.objectweb.asm.SymbolTable$Entry;                                          : loaded 2 times (x 69B)
Class com.google.common.cache.CacheLoader                                             : loaded 2 times (x 74B)
Class com.google.common.collect.Iterators$4                                           : loaded 2 times (x 82B)
Class com.google.common.collect.ImmutableBiMap                                        : loaded 2 times (x 143B)
Class org.gradle.internal.installation.GradleInstallation$1                           : loaded 2 times (x 75B)
Class org.gradle.api.internal.classpath.ModuleRegistry                                : loaded 2 times (x 70B)
Class com.google.common.util.concurrent.internal.InternalFutureFailureAccess          : loaded 2 times (x 72B)
Class com.google.common.collect.Iterators$5                                           : loaded 2 times (x 82B)
Class com.google.common.collect.ImmutableSet$JdkBackedSetBuilderImpl                  : loaded 2 times (x 76B)
Class com.google.common.collect.ImmutableMultimap$Values                              : loaded 2 times (x 126B)
Class com.google.common.util.concurrent.AbstractFuture$UnsafeAtomicHelper             : loaded 2 times (x 78B)
Class com.google.common.base.CharMatcher$ForPredicate                                 : loaded 2 times (x 112B)
Class com.google.common.cache.LocalCache$LocalManualCache$1                           : loaded 2 times (x 75B)
Class com.google.common.base.CharMatcher$AnyOf                                        : loaded 2 times (x 112B)
Class com.google.common.collect.ImmutableCollection                                   : loaded 2 times (x 125B)
Class org.gradle.api.internal.classpath.DefaultModuleRegistry                         : loaded 2 times (x 86B)
Class com.google.common.collect.Lists                                                 : loaded 2 times (x 71B)
Class com.google.common.util.concurrent.ListenableFuture                              : loaded 2 times (x 70B)
Class com.google.common.cache.ReferenceEntry                                          : loaded 2 times (x 70B)
Class com.google.common.base.Converter                                                : loaded 2 times (x 90B)
Class com.google.common.collect.ImmutableSet$CachingAsList                            : loaded 2 times (x 148B)
Class com.google.common.collect.AbstractMapBasedMultimap                              : loaded 2 times (x 139B)
Class com.google.common.util.concurrent.AbstractFuture                                : loaded 2 times (x 106B)
Class com.google.common.base.FunctionalEquivalence                                    : loaded 2 times (x 83B)
Class com.google.common.collect.Iterators$9                                           : loaded 2 times (x 81B)
Class com.google.common.collect.ImmutableAsList                                       : loaded 2 times (x 209B)
Class com.google.common.io.CharStreams                                                : loaded 2 times (x 71B)
Class com.google.common.collect.ImmutableMultiset                                     : loaded 2 times (x 163B)
Class org.objectweb.asm.RecordComponentVisitor                                        : loaded 2 times (x 77B)
Class com.google.common.cache.CacheLoader$SupplierToCacheLoader                       : loaded 2 times (x 75B)
Class com.google.common.collect.Maps$EntryTransformer                                 : loaded 2 times (x 70B)
Class org.gradle.internal.service.ServiceLookupException                              : loaded 2 times (x 82B)
Class [Lcom.google.common.cache.LocalCache$EntryFactory;                              : loaded 2 times (x 69B)
Class org.gradle.internal.classloader.ClassLoaderFactory                              : loaded 2 times (x 70B)
Class com.google.common.base.CommonPattern                                            : loaded 2 times (x 74B)
Class com.google.common.base.CharMatcher$IsNot                                        : loaded 2 times (x 111B)
Class com.google.common.cache.LocalCache$LocalManualCache                             : loaded 2 times (x 99B)
Class org.gradle.internal.service.CachingServiceLocator                               : loaded 2 times (x 82B)
Class com.google.common.collect.AbstractMapBasedMultimap$KeySet                       : loaded 2 times (x 137B)
Class com.google.common.math.IntMath                                                  : loaded 2 times (x 71B)
Class com.google.common.collect.ImmutableMapEntry                                     : loaded 2 times (x 85B)
Class com.google.common.collect.ImmutableMultimap                                     : loaded 2 times (x 147B)
Class com.google.common.base.Equivalence                                              : loaded 2 times (x 82B)
Class com.google.common.base.Function                                                 : loaded 2 times (x 70B)
Class com.google.common.collect.ImmutableMapEntry$NonTerminalImmutableMapEntry        : loaded 2 times (x 85B)
Class com.google.common.collect.IndexedImmutableSet$1                                 : loaded 2 times (x 213B)
Class com.google.common.cache.CacheBuilder$OneWeigher                                 : loaded 2 times (x 82B)
Class com.google.common.collect.RegularImmutableList                                  : loaded 2 times (x 213B)
Class org.gradle.internal.classloader.ClasspathUtil                                   : loaded 2 times (x 71B)
Class com.google.common.base.Charsets                                                 : loaded 2 times (x 71B)
Class com.google.common.util.concurrent.Uninterruptibles                              : loaded 2 times (x 71B)
Class com.google.common.collect.Maps                                                  : loaded 2 times (x 71B)
Class org.gradle.api.specs.Spec                                                       : loaded 2 times (x 70B)
Class [Lcom.google.common.collect.ImmutableEntry;                                     : loaded 2 times (x 69B)
Class com.google.common.cache.LocalCache$LoadingValueReference                        : loaded 2 times (x 96B)
Class com.google.common.collect.AbstractIndexedListIterator                           : loaded 2 times (x 96B)
Class com.google.common.io.LineReader$1                                               : loaded 2 times (x 75B)
Class com.google.common.collect.CollectSpliterators                                   : loaded 2 times (x 71B)
Class com.google.common.collect.AbstractMapBasedMultimap$AsMap                        : loaded 2 times (x 128B)
Class com.google.common.base.Platform                                                 : loaded 2 times (x 71B)
Class com.google.common.collect.AbstractMapBasedMultimap$WrappedList                  : loaded 2 times (x 205B)
Class [Lorg.objectweb.asm.AnnotationWriter;                                           : loaded 2 times (x 69B)
Class com.google.common.collect.Maps$8                                                : loaded 2 times (x 82B)
Class com.google.common.collect.Sets$SetView                                          : loaded 2 times (x 138B)
Class com.google.common.cache.LocalCache$StrongValueReference                         : loaded 2 times (x 90B)
Class com.google.common.util.concurrent.AbstractFuture$SynchronizedHelper             : loaded 2 times (x 78B)
Class com.google.common.graph.SuccessorsFunction                                      : loaded 2 times (x 70B)
Class org.objectweb.asm.Type                                                          : loaded 2 times (x 72B)
Class org.gradle.internal.classloader.VisitableURLClassLoader$InstrumentingVisitableURLClassLoader: loaded 2 times (x 123B)
Class com.google.common.io.Files$FileByteSink                                         : loaded 2 times (x 77B)
Class org.objectweb.asm.ByteVector                                                    : loaded 2 times (x 79B)
Class [Lcom.google.common.cache.CacheBuilder$NullListener;                            : loaded 2 times (x 69B)
Class com.google.common.math.IntMath$1                                                : loaded 2 times (x 71B)
Class org.gradle.internal.classloader.VisitableURLClassLoader$Spec                    : loaded 2 times (x 74B)
Class org.gradle.internal.classpath.DefaultClassPath                                  : loaded 2 times (x 90B)
Class org.objectweb.asm.Symbol                                                        : loaded 2 times (x 73B)
Class com.google.common.io.Closer                                                     : loaded 2 times (x 78B)
Class com.google.common.io.Java8Compatibility                                         : loaded 2 times (x 71B)
Class com.google.common.base.CharMatcher$Ascii                                        : loaded 2 times (x 112B)
Class com.google.common.base.CharMatcher$BitSetMatcher                                : loaded 2 times (x 112B)
Class com.google.common.collect.RegularImmutableMap$Values                            : loaded 2 times (x 207B)
Class com.google.common.collect.ImmutableSet                                          : loaded 2 times (x 145B)
Class org.gradle.internal.classloader.ClassLoaderSpec                                 : loaded 2 times (x 71B)
Class org.objectweb.asm.AnnotationWriter                                              : loaded 2 times (x 79B)
Class com.google.common.cache.CacheStats                                              : loaded 2 times (x 71B)
Class com.google.common.io.Closer$Suppressor                                          : loaded 2 times (x 70B)
Class com.google.common.io.LineProcessor                                              : loaded 2 times (x 70B)
Class com.google.common.collect.ImmutableMultisetGwtSerializationDependencies         : loaded 2 times (x 125B)
Class org.objectweb.asm.RecordComponentWriter                                         : loaded 2 times (x 78B)
Class com.google.common.util.concurrent.AbstractFuture$Listener                       : loaded 2 times (x 72B)
Class com.google.common.base.CharMatcher$Or                                           : loaded 2 times (x 112B)
Class Settings_gradle$1$1                                                             : loaded 2 times (x 74B)
Class org.objectweb.asm.Attribute                                                     : loaded 2 times (x 77B)
Class com.google.common.base.Supplier                                                 : loaded 2 times (x 70B)
Class org.gradle.internal.classloader.VisitableURLClassLoader                         : loaded 2 times (x 117B)
Class com.google.common.util.concurrent.AbstractFuture$Waiter                         : loaded 2 times (x 72B)
Class Settings_gradle                                                                 : loaded 2 times (x 128B)
Class org.gradle.internal.Cast                                                        : loaded 2 times (x 71B)
Class org.gradle.api.Action                                                           : loaded 2 times (x 70B)
Class com.google.common.base.Strings                                                  : loaded 2 times (x 71B)
Class com.google.common.collect.Sets                                                  : loaded 2 times (x 71B)
Class org.objectweb.asm.Handler                                                       : loaded 2 times (x 72B)
Class com.google.common.base.CharMatcher$FastMatcher                                  : loaded 2 times (x 111B)
Class com.google.common.base.Ticker                                                   : loaded 2 times (x 72B)
Class [Lcom.google.common.cache.LocalCache$Segment;                                   : loaded 2 times (x 69B)
Class com.google.common.base.Predicate                                                : loaded 2 times (x 70B)
Class [Lcom.google.common.cache.LocalCache$Strength;                                  : loaded 2 times (x 69B)
Class com.google.common.cache.CacheBuilder$1                                          : loaded 2 times (x 85B)
Class com.google.common.collect.ImmutableMap                                          : loaded 2 times (x 120B)
Class org.gradle.internal.classpath.DefaultClassPath$ImmutableUniqueList$Builder      : loaded 2 times (x 75B)
Class com.google.common.base.CharMatcher$NegatedFastMatcher                           : loaded 2 times (x 113B)
Class com.google.common.cache.LocalCache                                              : loaded 2 times (x 187B)
Class com.google.common.cache.CacheBuilder$2                                          : loaded 2 times (x 79B)
Class com.google.common.collect.ArrayListMultimap                                     : loaded 2 times (x 172B)
Class com.google.common.cache.CacheBuilder$3                                          : loaded 2 times (x 72B)
Class [Lcom.google.common.collect.AbstractMapEntry;                                   : loaded 2 times (x 69B)
Class com.google.common.collect.ImmutableEntry                                        : loaded 2 times (x 82B)
Class org.gradle.api.GradleException                                                  : loaded 2 times (x 82B)
Class com.google.common.base.Suppliers$MemoizingSupplier                              : loaded 2 times (x 79B)
Class com.google.common.collect.CollectPreconditions                                  : loaded 2 times (x 71B)
Class [Lcom.google.common.io.FileWriteMode;                                           : loaded 2 times (x 69B)
Class com.google.common.collect.SortedMapDifference                                   : loaded 2 times (x 70B)
Class com.google.common.io.Files                                                      : loaded 2 times (x 71B)
Class com.google.common.cache.LocalCache$EntryFactory                                 : loaded 2 times (x 83B)
Class com.google.common.cache.LocalCache$AbstractReferenceEntry                       : loaded 2 times (x 107B)
Class org.gradle.internal.IoActions                                                   : loaded 2 times (x 71B)
Class org.objectweb.asm.SymbolTable                                                   : loaded 2 times (x 72B)
Class com.google.common.cache.CacheLoader$InvalidCacheLoadException                   : loaded 2 times (x 82B)
Class com.google.common.collect.ImmutableSet$RegularSetBuilderImpl                    : loaded 2 times (x 77B)
Class org.gradle.internal.classloader.SystemClassLoaderSpec                           : loaded 2 times (x 71B)
Class com.google.common.cache.LocalCache$StrongEntry                                  : loaded 2 times (x 108B)
Class com.google.common.util.concurrent.AbstractFuture$TrustedFuture                  : loaded 2 times (x 114B)
Class com.google.common.cache.LoadingCache                                            : loaded 2 times (x 70B)
Class com.google.common.io.ByteStreams$LimitedInputStream                             : loaded 2 times (x 92B)
Class com.google.common.base.Suppliers$NonSerializableMemoizingSupplier               : loaded 2 times (x 79B)
Class org.objectweb.asm.MethodWriter                                                  : loaded 2 times (x 106B)
Class [Lcom.google.common.cache.Weigher;                                              : loaded 2 times (x 69B)
Class com.google.common.collect.RegularImmutableMap$BucketOverflowException           : loaded 2 times (x 82B)
Class com.google.common.collect.ImmutableMultimap$1                                   : loaded 2 times (x 82B)
Class com.google.common.collect.AbstractMapBasedMultimap$RandomAccessWrappedList      : loaded 2 times (x 205B)
Class com.google.common.collect.ImmutableMultimap$2                                   : loaded 2 times (x 81B)
Class com.google.common.collect.RegularImmutableBiMap                                 : loaded 2 times (x 149B)
Class com.google.common.base.CharMatcher$Negated                                      : loaded 2 times (x 113B)
Class com.google.common.base.CharMatcher$Is                                           : loaded 2 times (x 111B)
Class com.google.common.cache.LocalCache$ValueReference                               : loaded 2 times (x 70B)
Class com.google.common.base.PatternCompiler                                          : loaded 2 times (x 70B)
Class com.google.common.util.concurrent.AbstractFuture$Failure                        : loaded 2 times (x 72B)
Class com.google.common.base.Equivalence$Equals                                       : loaded 2 times (x 82B)
Class com.google.common.collect.Hashing                                               : loaded 2 times (x 71B)
Class com.google.common.base.Preconditions                                            : loaded 2 times (x 71B)
Class com.google.common.io.CharSink                                                   : loaded 2 times (x 79B)
Class com.google.common.base.Joiner$1                                                 : loaded 2 times (x 80B)
Class org.objectweb.asm.Label                                                         : loaded 2 times (x 73B)
Class org.objectweb.asm.CurrentFrame                                                  : loaded 2 times (x 73B)
Class org.objectweb.asm.ClassTooLargeException                                        : loaded 2 times (x 83B)
Class com.google.common.base.CharMatcher                                              : loaded 2 times (x 111B)
Class com.google.common.collect.PeekingIterator                                       : loaded 2 times (x 70B)
Class com.google.common.collect.Maps$IteratorBasedAbstractMap                         : loaded 2 times (x 125B)
Class com.google.common.base.Joiner$2                                                 : loaded 2 times (x 79B)
Class org.objectweb.asm.Frame                                                         : loaded 2 times (x 73B)
Class org.objectweb.asm.MethodVisitor                                                 : loaded 2 times (x 105B)
Class com.google.common.base.CharMatcher$1                                            : loaded 2 times (x 113B)
Class com.google.common.base.CharMatcher$NamedFastMatcher                             : loaded 2 times (x 112B)
Class com.google.common.cache.LocalCache$EntryFactory$1                               : loaded 2 times (x 83B)
Class [Lcom.google.common.cache.RemovalListener;                                      : loaded 2 times (x 69B)
Class com.google.common.cache.LocalCache$EntryFactory$2                               : loaded 2 times (x 83B)
Class org.gradle.api.internal.classpath.GlobalCacheRootsProvider                      : loaded 2 times (x 70B)
Class org.objectweb.asm.ModuleWriter                                                  : loaded 2 times (x 82B)
Class com.google.common.cache.LocalCache$EntryFactory$3                               : loaded 2 times (x 83B)
Class com.google.common.base.Ticker$1                                                 : loaded 2 times (x 72B)
Class com.google.common.collect.Maps$BiMapConverter                                   : loaded 2 times (x 90B)
Class com.google.common.collect.ImmutableMapEntrySet$RegularEntrySet                  : loaded 2 times (x 152B)
Class com.google.common.collect.CollectSpliterators$1                                 : loaded 2 times (x 90B)
Class com.google.common.base.CharMatcher$InRange                                      : loaded 2 times (x 111B)
Class com.google.common.cache.LocalCache$EntryFactory$4                               : loaded 2 times (x 83B)
Class com.google.common.collect.ImmutableSet$Builder                                  : loaded 2 times (x 85B)
Class com.google.common.io.ByteStreams$1                                              : loaded 2 times (x 85B)
Class com.google.common.cache.LocalCache$EntryFactory$5                               : loaded 2 times (x 83B)
Class com.google.common.io.LineReader                                                 : loaded 2 times (x 72B)
Class com.google.common.cache.LocalCache$EntryFactory$6                               : loaded 2 times (x 83B)
Class org.gradle.internal.installation.CurrentGradleInstallationLocator               : loaded 2 times (x 71B)
Class com.google.common.collect.ImmutableMultimap$Builder                             : loaded 2 times (x 86B)
Class com.google.common.collect.Maps$KeySet                                           : loaded 2 times (x 137B)
Class com.google.common.cache.LocalCache$EntryFactory$7                               : loaded 2 times (x 83B)
Class com.google.common.collect.ImmutableSet$EmptySetBuilderImpl                      : loaded 2 times (x 76B)
Class com.google.common.collect.ImmutableList                                         : loaded 2 times (x 206B)
Class org.gradle.internal.service.DefaultServiceLocator                               : loaded 2 times (x 83B)
Class com.google.common.collect.ImmutableMultimap$EntryCollection                     : loaded 2 times (x 128B)
Class com.google.common.collect.Maps$EntrySet                                         : loaded 2 times (x 136B)
Class com.google.common.cache.LocalCache$EntryFactory$8                               : loaded 2 times (x 83B)
Class com.google.common.collect.ImmutableSet$SetBuilderImpl                           : loaded 2 times (x 76B)
Class org.gradle.internal.installation.CurrentGradleInstallation                      : loaded 2 times (x 73B)
Class com.google.common.cache.CacheLoader$1                                           : loaded 2 times (x 75B)
Class com.google.common.collect.ImmutableList$SubList                                 : loaded 2 times (x 209B)
Class org.gradle.util.internal.GUtil                                                  : loaded 2 times (x 71B)
Class com.google.common.io.ByteSource                                                 : loaded 2 times (x 84B)
Class com.google.common.util.concurrent.AbstractFuture$SetFuture                      : loaded 2 times (x 75B)
Class com.google.common.cache.AbstractCache$StatsCounter                              : loaded 2 times (x 70B)
Class com.google.common.io.LineBuffer                                                 : loaded 2 times (x 75B)
Class com.google.common.collect.Iterators$MergingIterator                             : loaded 2 times (x 81B)
Class com.google.common.collect.RegularImmutableSet                                   : loaded 2 times (x 149B)
Class org.gradle.internal.installation.GradleInstallation                             : loaded 2 times (x 75B)
Class com.google.common.collect.Iterables                                             : loaded 2 times (x 71B)

---------------  S Y S T E M  ---------------

OS:
 Windows 11 , 64 bit Build 26100 (10.0.26100.7309)
OS uptime: 1 days 1:36 hours
Hyper-V role detected

CPU: total 16 (initial active 16) (16 cores per cpu, 2 threads per core) family 23 model 96 stepping 1 microcode 0x8600106, cx8, cmov, fxsr, ht, mmx, 3dnowpref, sse, sse2, sse3, ssse3, sse4a, sse4.1, sse4.2, popcnt, lzcnt, tsc, tscinvbit, avx, avx2, aes, clmul, bmi1, bmi2, adx, sha, fma, vzeroupper, clflush, clflushopt, hv, rdtscp, rdpid, f16c
Processor Information for the first 16 processors :
  Max Mhz: 2901, Current Mhz: 2901, Mhz Limit: 2901

Memory: 4k page, system-wide physical 7598M (172M free)
TotalPageFile size 22676M (AvailPageFile size 53M)
current process WorkingSet (physical memory assigned to process): 786M, peak: 786M
current process commit charge ("private bytes"): 1099M, peak: 1359M

vm_info: OpenJDK 64-Bit Server VM (21.0.9+1-b1163.91) for windows-amd64 JRE (21.0.9+1-b1163.91), built on 2025-12-12 by "builduser" with MS VC++ 16.10 / 16.11 (VS2019)

END.
